City,Index,Header (TR),Content (TR),Header (EN),Content (EN)
Amsterdam,1,"Amsterdam: Bir Şehirden Daha Fazlası, Bir Yaşam Biçimi","Hızlı Bakış: Amsterdam, adımınızı attığınız andan itibaren sizi katı kuralların değil, özgürlüğün ve hoşgörünün yönettiği bir atmosferle karşılar. 17. yüzyıldan kalma, ""sarhoş"" gibi yana eğik duran ince uzun evleri, labirent gibi birbirine bağlanan kanalları ve insan sayısından daha fazla olan bisikletleriyle burası nevi şahsına münhasır bir dünyadır. Şehrin asıl ruhu, Hollandalıların ""Gezellig"" dedikleri o sıcak, samimi ve huzurlu ""an""larda saklıdır; bir kanal kenarında oturup gelip geçen tekneleri izlemek bu felsefenin tam karşılığıdır. Gitmeden önce bilmeniz gereken en hayati ""lokal racon"" ise şudur: Asla ama asla bisiklet yollarında yürümeyin! Amsterdam'da bisikletliler trafiğin mutlak hakimidir ve onların yoluna girmek, bir turistin yapabileceği en tehlikeli hatadır. Ödeme kültürüne gelince; burada tam anlamıyla ""Cash is not king"" (Nakit kral değildir) felsefesi hakimdir. En küçük fırından yerel pazarlara kadar her yerde kart kullanımı esastır; pek çok dükkanın kapısında ""Card Only"" yazısını görürseniz şaşırmayın, çünkü dijital Amsterdam'da madeni para sesi çoktan tarihe karışmış durumdadır.","Amsterdam: More Than a City, A Lifestyle","Quick Glimpse: From the moment you arrive, Amsterdam greets you with an atmosphere governed by freedom and tolerance rather than rigid rules. With its leaning 17th-century houses that look ""drunken,"" labyrinthine canal networks, and more bicycles than people, it is a world entirely of its own. The true soul of the city lies in what the Dutch call ""Gezellig""—those warm, cozy, and social moments; sitting by a canal and watching the boats pass is the literal embodiment of this philosophy. The most vital ""local etiquette"" to know before you go: Never, under any circumstances, walk on the bike paths! Cyclists are the absolute rulers of the road here, and stepping into their lane is the most dangerous mistake a tourist can make. When it comes to spending, the philosophy here is strictly ""Cash is not king."" Card payments are the norm everywhere, from the smallest bakery to local markets; don't be surprised to see ""Card Only"" signs on shop doors, as the sound of clinking coins has largely become a thing of the past in digital Amsterdam."
Amsterdam,2,📅 Takviminizi Ayarlayın: Hangi Mevsim Sizin?,"Amsterdam’da gökyüzü her mevsim kanallara bambaşka bir hikaye fısıldar; bazen lalelerin sonsuz renklerine, bazen de şehrin üzerine çöken turuncu bir çılgınlığa hazırlıklı olmalısınız.

- İlkbahar (Mart - Mayıs): Amsterdam’ın ""altın çağı""dır. Şehrin hemen dışındaki Keukenhof Bahçeleri'nde milyonlarca lalenin patladığı, kanalların çiçeklerle süslendiği bu dönem büyüleyicidir. Ancak asıl olay 27 Nisan’daki Kral Günü (King’s Day) kutlamalarıdır; tüm şehrin turuncuya boyandığı, sokak partilerinin ve kanal geçitlerinin yapıldığı bu gün hayatınızda görebileceğiniz en büyük sokak kutlamalarından biridir.
- Yaz (Haziran - Ağustos): Günlerin en uzun olduğu, hayatın tamamen sokaklara ve kanallara taştığı mevsimdir. Yerellerin teknelerine atlayıp kanallarda piknik yaptığı, Vondelpark’ın her köşesinden müzik seslerinin yükseldiği bu dönemde güneş gece 10’da batar. Hava her zaman sürprizlidir; sımsıcak bir sabahın ardından aniden gelen serin bir yağmura hazırlıklı olmalısınız.
- Sonbahar (Eylül - Kasım): Kanallar boyunca dizilen ağaçların turuncuya büründüğü, Amsterdam’ın o meşhur melankolik ve estetik havasının zirve yaptığı dönemdir. Ekim ayında düzenlenen Amsterdam Dance Event (ADE) ile şehir dünyanın elektronik müzik başkentine dönüşür. Yağmurlar başlasa da, bu mevsim Amsterdam’ın ""gezellig"" ruhunu en iyi hissettiren zamanlardan biridir.
- Kış (Aralık - Şubat): Şehrin biraz daha kendine döndüğü, puslu ve romantik bir dönemdir. Aralık ayından itibaren başlayan Amsterdam Işık Festivali, sanatçıların kanal üzerine kurduğu ışık enstalasyonlarıyla şehri bir açık hava müzesine çevirir. Eğer şanslıysanız ve kanallar buz tutacak kadar soğursa, Amsterdamlıların kanalların üzerinde paten kaydığı o nadir ve masalsı anlara tanıklık edebilirsiniz.",📅 Timing is Everything: Which Season is Yours?,"In Amsterdam, the sky whispers a different story to the canals in every season; be prepared for the endless colors of tulips or the vibrant orange madness that occasionally takes over the city.

- Spring (March - May): This is Amsterdam’s ""Golden Age."" It’s truly magical when millions of tulips burst into color at the Keukenhof Gardens just outside the city and the canals are adorned with flowers. However, the main event is the King’s Day (Koningsdag) on April 27th; it is one of the largest street celebrations you will ever witness, where the entire city turns orange, and the canals are filled with boat parades and non-stop street parties.
- Summer (June - August): The days are longest, and life completely spills out onto the streets and canals. Locals hop on their boats for canal picnics, and music echoes from every corner of Vondelpark. During this period, the sun sets as late as 10 PM. Be warned, though: the weather is always full of surprises; be ready for a sudden cool rain shower after a sweltering morning.
- Autumn (September - November): This is when the trees lining the canals turn vibrant shades of orange, and Amsterdam’s famous melancholic yet aesthetic atmosphere reaches its peak. In October, the city transforms into the world's electronic music capital with the Amsterdam Dance Event (ADE). Although the rains begin, this season is one of the best times to truly feel the city's ""gezellig"" spirit.
- Winter (December - February): A more introspective, misty, and romantic period. Starting in December, the Amsterdam Light Festival turns the city into an open-air museum with light installations by artists displayed along the canals. If you are lucky and it gets cold enough for the canals to freeze over, you might witness the rare and fairytale-like sight of Amsterdammers ice skating on the canals."
Amsterdam,3,🏠Nerede Kalmalı: Mahalle Rehberi,"Amsterdam’da konaklayacağınız bölge, sabah uyandığınızda kendinizi bir 17. yüzyıl tablosunun içinde mi, yoksa fütüristik bir sanat galerisinin ortasında mı bulacağınızı belirler. Kanallar şehri sarmal bir yapıyla böldüğü için her mahalle aslında kendi içinde küçük bir ""ada"" gibidir. Ancak merkez (Centrum) hem çok pahalıdır hem de çok gürültülü. Gerçek Amsterdam’ı yaşamak için bir halka dışarı çıkmalısınız.

- Jordaan: Amsterdam’ın en meşhur, en estetik ve en çok ""İşte burası Amsterdam!"" dedirten mahallesidir. Bir zamanlar işçi sınıfının yaşadığı bu bölge, bugün dar sokakları, kanal kenarı butik otelleri ve sarmaşıklı evleriyle şehrin en pahalı noktalarından biridir. Şehrin kalbinde ama karmaşadan uzak, romantik ve huzurlu bir Amsterdam arayanların ilk adresidir. Tek negatif yanı, binaların çok eski olması nedeniyle dik merdivenler ve küçük odalardır; valizinizi taşırken dikkatli olmalısınız.
- De Pijp: Amsterdam’ın ""Latin Çeyreği"" olarak bilinir ve şehrin en enerjik, çok kültürlü mahallesidir. Albert Cuypmarkt (şehrin en büyük açık pazarı) burada yer alır. Öğrenci popülasyonu ve sanatçıların yoğun olduğu bu bölge; konsept kafeler, butik barlar ve her mutfaktan restoranla doludur. Merkeze göre biraz daha uygun fiyatlı ama çok daha ""yaşayan"" bir bölgedir. Amsterdam’ın gece hayatını ve yerel temposunu hissetmek istiyorsanız burası tam size göre.
- Grachtengordel (Kanal Kemeri): UNESCO Dünya Mirası listesindeki ana kanalların (Prinsengracht, Keizersgracht, Herengracht) bulunduğu bölgedir. Amsterdam’ın o meşhur görkemli, yüksek tavanlı ve asil evlerinde konaklamak istiyorsanız burası en prestijli tercihtir. Her yere yürüme mesafesinde olmanın lüksünü yaşarsınız ancak fiyatların Amsterdam’ın en üst seviyesinde olduğunu ve hafta sonları turist kalabalığının gürültülü olabileceğini unutmamalısınız.
- Oud-West: Turist kalabalığından kaçıp gerçek Amsterdamlılar gibi yaşamak isteyenlerin gizli sığınağıdır. De Hallen (eski tramvay deposundan dönüştürülen popüler yemek ve sinema kompleksi) bu bölgenin kalbidir. Vondelpark’a yürüme mesafesinde olan mahalle, hem güvenli hem de son derece şıktır. Merkeze tramvayla 10 dakikada ulaşabilirsiniz; fiyat-performans açısından Amsterdam’ın en mantıklı bölgelerinden biridir.
- Amsterdam Noord: Şehrin modern, fütüristik ve endüstriyel yüzüdür. Merkez istasyonun arkasından kalkan ücretsiz feribotlarla ulaşılan bu bölge, özellikle sanatçılar ve dijital göçebeler için bir cazibe merkezidir. Eski tersanelerden dönüştürülen oteller ve devasa duvar resimleriyle (graffiti) dolu sokakları çok farklı bir enerji sunar. Merkezin tarihi dokusundan uzaklaşmak ama çok daha geniş ve modern alanlarda kalmak isteyenler için harikadır.",🏠 Where to Stay: Neighborhood Guide,"Where you stay in Amsterdam determines whether you wake up inside a 17th-century masterpiece or in the middle of a futuristic art gallery. Since the canals wrap around the city in a spiral, every neighborhood feels like its own little ""island."" However, the Centrum (City Center) is both overpriced and noisy. To experience the true Amsterdam, you should step one ring outside the center.

- Jordaan: This is Amsterdam’s most famous, aesthetic, and quintessentially ""Amsterdam"" neighborhood. Once a working-class district, it is now one of the city's most expensive areas, filled with narrow alleys, canal-side boutique hotels, and ivy-covered houses. It’s the top choice for those seeking a romantic and peaceful Amsterdam right in the heart of the action. The only downside: because the buildings are so old, expect notoriously steep stairs and tiny rooms—be extra careful with your luggage!
- De Pijp: Known as the ""Latin Quarter"" of Amsterdam, this is the city's most energetic and multicultural neighborhood. The Albert Cuypmarkt (the city's largest open-air market) is located here. With a high population of students and artists, the area is packed with concept cafes, boutique bars, and international restaurants. It’s slightly more affordable than the center but far more ""alive."" If you want to feel the local tempo and enjoy the nightlife, this is the place for you.
- Grachtengordel (The Canal Belt): This area encompasses the main canals on the UNESCO World Heritage list (Prinsengracht, Keizersgracht, Herengracht). If you want to stay in those iconic, high-ceilinged, stately canal houses, this is the most prestigious choice. You’ll enjoy the luxury of being within walking distance of everything, but keep in mind that prices are at the top of the scale, and weekend tourist crowds can get loud.
- Oud-West: A hidden sanctuary for those looking to escape the tourist swarms and live like a real Amsterdammer. De Hallen (a popular food and cinema complex converted from an old tram depot) is the heart of this district. Within walking distance of Vondelpark, this neighborhood is both safe and incredibly chic. You can reach the center in 10 minutes by tram; it’s one of the best areas for value for money.
- Amsterdam Noord: The modern, futuristic, and industrial face of the city. Accessible via a free ferry behind the Central Station, this area is a magnet for artists and digital nomads. Old shipyards converted into hotels and streets covered in massive murals (graffiti) offer a very different energy. It’s perfect for those who want to escape the historic center's density in favor of wide, modern spaces."
Amsterdam,4,🚲 A Noktasından B Noktasına: Bir Lokal Gibi Hareket Edin,"Amsterdam'da ulaşım, bir yerden bir yere gitmekten ziyade şehrin ritmine ayak uydurmak demektir. Özetle, ulaşım bir gereklilik değil, bir kültürdür. Kuralları bilmezseniz pahalıya patlayabilir. Ancak, kanalların etrafına kurulu bu düzende, trafik kurallarından ziyade ""bisiklet raconları"" geçerli olduğunu da unutmayın.

- Havalimanından Şehre: Schiphol Havalimanı’ndan şehir merkezine (Amsterdam Centraal) ulaşmanın en zahmetsiz ve hızlı yolu trendir. Her 10-15 dakikada bir kalkan trenlerle yaklaşık 15-20 dakikada merkeze varabilirsiniz. Taksi veya Uber seçenekleri de mevcuttur ancak tren istasyonunun terminalin hemen altında olması büyük bir konfor sağlar.
- Bisiklet: Şehrin Gerçek Sahibi: Amsterdam’da hiyerarşinin en tepesinde bisikletliler yer alır. Şehri bir lokal gibi deneyimlemek isterseniz mutlaka bisiklet kiralayın. Ancak unutmayın: Kırmızı ile boyanmış bisiklet yolları kutsaldır; burada durmak, yavaş yürümek veya fotoğraf çekmek büyük bir hatadır. Bisikletinizi park ederken mutlaka iki kilit kullanın ve sabit bir yere bağladığınızdan emin olun; Amsterdam'da bisiklet hırsızlığı gayri resmi bir ""milli spor"" gibidir.
- Toplu Taşıma (Tramvay, Otobüs, Metro): Şehir içinde en yaygın ulaşım aracı tramvaylardır. Amsterdam’ın dar sokaklarından süzülen bu mavi-beyaz araçlarla her yere kolayca ulaşabilirsiniz. Bilet arama derdi burada da bitmiştir; ""OVpay"" sistemi sayesinde temassız kredi kartınızı veya telefonunuzu binerken ve inerken okutmanız yeterlidir. Unutmayın: Hem binerken hem de inerken kart okutmak (Check-in / Check-out) zorunludur, aksi takdirde sistem en uzak mesafe ücretini kesebilir.
- Ücretsiz Feribotlar: Merkez İstasyonu'nun (Centraal Station) hemen arkasından kalkan feribotlar, Amsterdam'ın kuzey yakasına (Noord) giden gizli kahramanlardır. Bu feribotlar tamamen ücretsizdir; yaya, bisikletli veya mopedli olarak binebilir, kanal üzerinden kısa ama keyifli bir yolculukla şehrin modern yüzüne geçebilirsiniz.
- Yürüyüş Notları: Amsterdam yürüyerek keşfetmek için harika bir yerdir ancak ""Sampietrini"" taşları kadar olmasa da, kanal kenarlarındaki eğimli ve bazen kaygan olabilen taşlara karşı rahat bir ayakkabı tercih etmelisiniz. En önemlisi, karşıdan karşıya geçerken sadece arabalara değil, sessizce yaklaşan bisiklet ordusuna karşı da tetikte olun.",🚲 Getting from A to B: Move Like a Local,"In Amsterdam, transportation is more about syncing with the city's rhythm than simply getting from A to B. In short, mobility is not just a necessity—it is a culture. If you don't know the rules, it can cost you dearly. Remember, in this layout built around canals, ""bicycle etiquette"" often carries more weight than standard traffic laws.

- Airport to City: The most effortless and fastest way to reach the city center (Amsterdam Centraal) from Schiphol Airport is by train. With trains departing every 10–15 minutes, you’ll arrive at the center in about 15–20 minutes. While taxis and Uber are available, having the train station located directly beneath the terminal is a massive convenience.
- Bicycles: The True Rulers of the City: At the top of the social hierarchy in Amsterdam are the cyclists. To experience the city like a local, you must rent a bike. However, remember: the red-paved bike paths are sacred. Stopping, walking slowly, or taking photos on them is a cardinal sin. When parking your bike, always use two locks and ensure it is secured to a fixed object; bicycle theft is practically an unofficial ""national sport"" in Amsterdam.
- Public Transport (Trams, Buses, Metro): Trams are the most common way to get around the city. You can easily reach anywhere via these blue-and-white vehicles gliding through Amsterdam’s narrow streets. The struggle of finding tickets is a thing of the past; thanks to the ""OVpay"" system, simply tap your contactless credit card or phone when boarding and exiting. Crucial Note: You must tap both when getting on and off (Check-in / Check-out); otherwise, the system may charge you the maximum possible fare.
- Free Ferries: The ferries departing from right behind the Central Station (Centraal Station) are the unsung heroes of reaching Amsterdam Noord (the North). These ferries are completely free; you can hop on as a pedestrian, cyclist, or moped rider to enjoy a short but scenic journey across the water to the city's modern side.
- Walking Notes: Amsterdam is a wonderful city to explore on foot, but you should choose comfortable shoes to handle the slanted and sometimes slippery stones along the canal edges. Most importantly, when crossing the street, don't just look out for cars—stay alert for the silent but swift ""bicycle army"" approaching from all directions."
Amsterdam,5,🏛️ Şehrin Hafızası: Görülmesi Gereken İkonik Duraklar,"Amsterdam’ın her kanalı bir hikayeye, her köprüsü ise yüzlerce yıllık bir tabloya açılır. Burası sanatın sokağa, tarihin ise suya karıştığı, Avrupa'nın en zarif hafıza merkezlerinden biridir.

- Rijksmuseum (Ulusal Müze): Hollanda’nın sanat kalesidir. Sadece Rembrandt’ın devasa ""Gece Devriyesi"" (The Night Watch) tablosunu görmek için bile gidilir. Binanın altından bisikletle geçmek ise sadece Amsterdam’da yaşayabileceğiniz o garip ama havalı deneyimlerden biridir.
- Anne Frank Evi: İkinci Dünya Savaşı’nın en hüzünlü ve etkileyici tanığıdır. Anne’in o küçücük gizli bölmede yazdığı günlüğü ve yaşadığı ortamı görmek, şehre dair çok derin bir empati kurmanızı sağlar. Ancak bilmenizde fayda var, biletler aylar öncesinden tükenir; gitmeden en az 2-3 ay önce online olarak biletinizi almanız şarttır.
- Van Gogh Müzesi: Dünyanın en büyük Van Gogh koleksiyonuna ev sahipliği yapar. Sanatçının sarıdan maviye evrilen o fırtınalı dünyasını, ""Ayçiçekleri"" ve ""Yatak Odası"" gibi ikonik eserlerini yakından görmek büyüleyicidir.
- Kanal Kemeri (Grachtengordel): UNESCO Dünya Mirası listesindeki 165 kanalın oluşturduğu bu ağ, aslında Amsterdam’ın kendisidir. Özellikle Prinsengracht boyunca yürümek veya gün batımında bir tekne turuna çıkmak, şehri ""Kuzey’in Venedik’i"" yapan o simetriyi anlamanızı sağlar.
- Dam Meydanı ve Kraliyet Sarayı: Şehrin kalbi ve ana buluşma noktasıdır. Tarihi olayların, protestoların ve kutlamaların merkezi olan bu meydanda sarayın görkemiyle şehrin kaotik ama eğlenceli kalabalığı birbirine karışır.
- Begijnhof: Amsterdam’ın en eski ve en gizli bahçelerinden biridir. Şehrin merkezindeki gürültüden bir kapıyla ayrılan bu 14. yüzyıldan kalma avlu, bir zamanlar dindar kadınların yaşadığı, bugün ise sessizliğin hakim olduğu masalsı bir duraktır.
- A’DAM Lookout & Eye Film Museum: Şehrin modern ve kuzeyli yüzüdür. Merkezden feribotla geçtiğinizde ulaştığınız bu bölgede, Amsterdam’a 100 metre yükseklikten bakabilir ya da Eye Film Museum’un fütüristik mimarisinde kaybolabilirsiniz.
",🏛️ The City's Memory: Iconic Landmarks Must-See,"Every canal in Amsterdam opens into a story, and every bridge into a centuries-old painting. This is one of Europe’s most elegant ""memory centers,"" where art spills onto the streets and history flows through the water.

- Rijksmuseum (National Museum): The artistic stronghold of the Netherlands. Many visit solely to stand before Rembrandt’s massive masterpiece, ""The Night Watch."" Also, cycling through the passage right underneath the museum building is one of those ""weird but cool"" experiences you can only have in Amsterdam.
- Anne Frank House: The most somber and moving witness to World War II. Seeing the tiny secret annex where Anne wrote her diary and witnessing the environment she lived in creates a profound sense of empathy. Take Note: Tickets sell out months in advance; it is essential to book your tickets online at least 2–3 months before your visit.
- Van Gogh Museum: Home to the world’s largest collection of Van Gogh’s work. It is mesmerizing to witness the artist's stormy world evolve from yellow to blue through iconic pieces like ""Sunflowers"" and ""The Bedroom.""
- The Canal Belt (Grachtengordel): This network of 165 canals, a UNESCO World Heritage site, is the true essence of Amsterdam. Walking along Prinsengracht or taking a boat tour at sunset is the best way to understand the symmetry that earned the city its nickname, ""Venice of the North.""
- Dam Square & Royal Palace: The heart of the city and its primary meeting point. In this square—the historical center for protests, celebrations, and events—the palace's grandeur blends with the city’s chaotic yet entertaining crowds.
- Begijnhof: One of Amsterdam’s oldest and most hidden gems. Separated from the noisy city center by a single inconspicuous door, this 14th-century courtyard was once a residence for religious women and remains a fairytale-like sanctuary where silence is the rule.
- A’DAM Lookout & Eye Film Museum: The modern and ""northern"" face of the city. Reachable via a free ferry from the Central Station, this area allows you to look down on Amsterdam from 100 meters high or get lost in the futuristic architecture of the Eye Film Museum."
Amsterdam,6,🍴 Şehrin Lezzet Haritası: Patatesten Fazlası,"Hollanda mutfağı; pratik, doyurucu ve ""gezellig"" (keyifli/sosyal) bir ruha sahiptir. Amsterdam'da yemek yemek, genellikle kanal kenarında bir atıştırmalıkla veya bir barda paylaşılan sıcak mezelerle başlar.

- Vlaamse Frites (Hollanda Usulü Patates): Amsterdam’ın en meşhur sokak lezzetidir. Külah kağıtlarda servis edilen bu kalın kesim çıtır patateslerin üzerine boca edilen onlarca çeşit sos arasından seçim yapmak zordur. En yerel tercih ise fıstık sosu, mayonez ve soğandan oluşan ""Patat Oorlog"" (Savaş Patatesi) karışımıdır.
- Stroopwafel: İki ince waffle katmanı arasına sürülen karamel şurubuyla hazırlanan bu tatlı, Amsterdam’ın imza lezzetidir. Albert Cuypmarkt’ta taze ve sıcak olarak bir tane alıp, karamelin akışkanlığını hissederken yürümek bir Amsterdam klasiğidir.
- Hollanda Peynirleri (Kaas): Gouda, Edam ve Maasdam gibi peynirlerin cennetindesiniz. Şehrin her yerinde bulunan peynir dükkanlarında (özellikle Henri Willig veya Old Amsterdam) tadım yapabilir, binbir çeşit aromalı peynir arasından favorinizi bulabilirsiniz.
- Bitterballen & Borrel Kültürü: Akşamüstü biranızı yudumlarken masanıza eşlik edecek en iyi atıştırmalık Bitterballen'dir. İçi etli ve kremamsı bir harçla dolu, dışı galeta unuyla kaplı bu kızarmış toplar hardala bandırılarak yenir. Hollandalılar için bu ""Borrel"" (içki ve atıştırmalık saati) günün en kutsal anıdır.
- Haring (Salamura Ringa Balığı): Eğer damak tadınıza güveniyorsanız, çiğ ringa balığını soğan ve turşuyla birlikte denemelisiniz. Geleneksel olarak kuyruğundan tutulup yukarı doğru kaldırılarak yenir ama çekiniyorsanız ekmek arası (broodje haring) olarak da tercih edebilirsiniz.
- Rijsttafel (Endonezya Esintisi): Hollanda’nın sömürge geçmişinden kalan en lezzetli miras Endonezya mutfağıdır. ""Pirinç sofrası"" anlamına gelen Rijsttafel, onlarca küçük baharatlı tabaktan oluşan devasa bir ziyafettir. Amsterdam’da mutlaka bir akşamınızı bu egzotik deneyime ayırmalısınız.
- Poffertjes: Üzerine pudra şekeri ve bir parça tereyağı eklenerek servis edilen, bozuk para büyüklüğündeki bu minik ve pofuduk krepler, özellikle çocuklar ve tatlı severler için vazgeçilmezdir.
- Hap Bilgi: Amsterdam'da acıktığınızda ve hızlı bir şeyler yemek istediğinizde FEBO otomatlarına uğrayın. Duvardaki küçük cam bölmelere bozuk para (veya kart) atıp sıcak kroketinizi veya hamburgerinizi saniyeler içinde almak, Amsterdam’ın en eski ""fast food"" geleneğidir.",🍴 A Taste of the City: Beyond the Fries,"Dutch cuisine is defined by its practical, hearty, and ""gezellig"" (cozy/convivial) soul. Dining in Amsterdam often begins with a street snack enjoyed by the canal or warm appetizers shared at a local bar.

- Vlaamse Frites (Dutch-Style Fries): The most famous street food in Amsterdam. These thick-cut, crispy fries are served in paper cones, and choosing from dozens of sauce varieties is a delicious challenge. The ultimate local choice is the ""Patat Oorlog"" (War Fries) mix, which consists of peanut sauce, mayonnaise, and onions.
- Stroopwafel: Amsterdam’s signature sweet, consisting of two thin waffle layers joined by caramel syrup. Grabbing a fresh, warm one at the Albert Cuypmarkt and savoring the gooey caramel as you walk is an Amsterdam classic.
- Dutch Cheeses (Kaas): You are in the heart of Gouda, Edam, and Maasdam country. You can enjoy tastings at cheese shops throughout the city (especially Henri Willig or Old Amsterdam) and find your favorite among thousands of flavored varieties.
- Bitterballen & Borrel Culture: The best accompaniment to an afternoon beer is Bitterballen. These fried balls are filled with a meaty, creamy ragout, coated in breadcrumbs, and dipped in mustard. For the Dutch, this ""Borrel"" (drinks and snacks hour) is the most sacred social ritual of the day.
- Haring (Pickled Herring): If you are adventurous with flavors, try the raw herring served with onions and pickles. Traditionally, it is eaten by holding it by the tail and lifting it upward, but you can also choose it in a sandwich (broodje haring).
- Rijsttafel (Indonesian Influence): The most delicious legacy of the Netherlands' colonial past is Indonesian cuisine. Rijsttafel, meaning ""rice table,"" is a massive feast consisting of dozens of small spicy dishes. You should definitely dedicate an evening to this exotic experience.
- Poffertjes: Tiny, fluffy pancakes the size of a coin, served with powdered sugar and a dollop of butter—an absolute favorite for children and those with a sweet tooth.
- Quick Tip: When you’re hungry and in a hurry, look for FEBO automatons. Inserting your card and pulling a hot croquette or burger from small glass compartments in the wall is Amsterdam’s oldest and most unique fast-food tradition."
Amsterdam,7,🤫 Şehrin Fısıldadıkları: Lokal Sırlar,"Amsterdam, sadece vitrinlerden ve kalabalık meydanlardan ibaret değildir; şehrin asıl karakteri, sıradan görünen bir kapının ardındaki saklı kiliselerde veya eski tersanelerin endüstriyel ruhunda gizlidir. Kalabalıklardan sıyrılıp Amsterdam’ın size fısıldadığı o özel yerleri keşfetme zamanı.

- Ons' Lieve Heer op Solder (Tavan Arasındaki Rabbimiz): Dışarıdan bakıldığında sıradan bir kanal evi gibi görünse de, en üst katında 17. yüzyıldan kalma gizli bir Katolik kilisesi barındırır. Dini ibadetlerin yasak olduğu bir dönemde inşa edilen bu ""saklı"" ibadethane, Amsterdam’ın hoşgörü tarihinin en etkileyici kanıtıdır.
- Red Light District (De Wallen) & Oude Kerk: Burası sadece vitrinlerden ibaret değildir; Amsterdam'ın en eski mahallesidir. Bölgenin tam ortasında, şehrin en eski yapısı olan Oude Kerk (Eski Kilise) yükselir. Günah ve kutsallığın bu kadar iç içe geçtiği başka bir yer bulamazsınız. Kritik Lokal Kural: Vitrinlerdeki mahremiyete saygı duymanız beklenir. Fotoğrafını çekmek kesinlikle yasaktır ve sadece kaba bir davranış değil, ciddi bir güvenlik/etik ihlalidir. Kameranızı cebinizde tutun ve bölgenin tarihi dokusuna odaklanın.
- Tuschinski Theater: Burası dünyanın en güzel Art Deco yapılarından biridir. Bir film izlemek için gitmeseniz bile, lobisine girip o muazzam halıları ve mimari detayları görmek sizi bir anda 1920’lerin görkemine ışınlar.
- NDSM Werf: Merkez İstasyon’un arkasından ücretsiz feribotla ulaşılan bu eski gemi tersanesi, bugün şehrin en büyük sokak sanatı merkezidir. Hurda metallerden yapılmış devasa heykellerin arasında Amsterdam’ın bohem ve ham enerjisini hissedebilirsiniz.
- Brown Cafes (Bruin Café): Amsterdam'ın gerçek ruhunu anlamak için bu tarihi mahalle birahanelerine girmelisiniz. Duvarlarının yıllanmış tütün dumanından dolayı kahverengiye döndüğü bu mekanlar, yerel halkın ""gezellig"" ruhunu en saf haliyle yaşadığı yerlerdir.
- Hofjes (Gizli Avlular): Şehrin dört bir yanına dağılmış, kapalı kapıların ardındaki bu sessiz bahçeler Amsterdam’ın en büyük sırlarıdır. Begijnhof en bilineni olsa da, Jordaan bölgesindeki küçük levhaları takip ederek bu huzur vahalarını bulabilirsiniz.
- Winkel 43 ve Elmalı Turta Ritüeli: Amsterdam’da ""en iyi elmalı turta"" tartışması genellikle burada biter. Bol tarçınlı ve yanında mutlaka ""slagroom"" (taze krema) ile servis edilen o turta, Amsterdam deneyiminizi tamamlayacak en tatlı detaydır.",🤫 Whispers of the City: Local Secrets,"Amsterdam is far more than just display windows and crowded squares; the city's true character is hidden in secret churches behind ordinary-looking doors or within the industrial soul of old shipyards. It is time to step away from the crowds and discover the special places Amsterdam whispers to you.

- Ons' Lieve Heer op Solder (Our Lord in the Attic): Though it looks like a typical canal house from the outside, the top floor houses a secret Catholic church dating back to the 17th century. Built during an era when Catholic worship was prohibited, this ""hidden"" sanctuary is the most striking testament to Amsterdam’s history of tolerance.
- Red Light District (De Wallen) & Oude Kerk: This area is about much more than just the windows; it is Amsterdam’s oldest neighborhood. Standing right in the heart of the district is the Oude Kerk (Old Church), the city’s oldest building. You won’t find another place where sin and sanctity are so closely intertwined. Critical Local Rule: You are expected to respect the privacy of those in the windows. Taking photos is strictly forbidden and is not only extremely rude but also a serious security and ethical violation. Keep your camera in your pocket and focus on the district’s historical fabric instead.
- Tuschinski Theater: This is one of the world's most beautiful Art Deco buildings. Even if you don’t stay to watch a film, stepping into the lobby to see the magnificent carpets and architectural details will instantly transport you back to the grandeur of the 1920s.
- NDSM Werf: Reachable by a free ferry from behind Central Station, this former shipyard is now the city’s largest hub for street art. Amidst massive sculptures made of scrap metal, you can feel Amsterdam’s raw, bohemian energy.
- Brown Cafes (Bruin Café): To understand the true spirit of Amsterdam, you must step into these historic neighborhood pubs. Named for their walls darkened by decades of tobacco smoke, these cozy spots are where locals experience the ""gezellig"" spirit in its purest form.
- Hofjes (Hidden Courtyards): Scattered throughout the city, these silent gardens tucked behind closed doors are Amsterdam’s greatest secrets. While Begijnhof is the most famous, you can find these oases of peace by following small signs in the Jordaan district.
- Winkel 43 and the Apple Pie Ritual: The debate over the ""best apple pie"" in Amsterdam usually ends here. Served with plenty of cinnamon and a mandatory side of slagroom (fresh whipped cream), this pie is the sweetest detail to complete your Amsterdam experience."
Amsterdam,8,✅ Mutlaka Yapmadan Dönme: Amsterdam Checklist,"- Kanal Kenarında Anı Durdur: Gün batımına doğru Jordaan veya Prinsengracht civarında sakin bir kanal kenarı bul, ayaklarını sarkıt ve elinde bira ya da kahvenle sadece suyun akışını izle. Amsterdamlılar için bu, günün en kutsal ""gezellig"" anıdır.
- Anne Frank Evi’nde Tarihin Sesini Dinle: Önündeki o bitmeyen kuyruğu ve içerideki hüzünlü sessizliği gör. (Hayal kırıklığı yaşamamak için biletini aylar öncesinden online almayı sakın unutma!)
- 9 Straatjes (9 Sokak) Bölgesinde Zamanda Yolculuk Yap: Birbirine paralel bu daracık sokaklarda kaybol; dünyanın en iyi vintage dükkanlarını, butik tasarımcıları ve özel butikleri burada bulacaksın.
- Rijksmuseum’un Dev Kütüphanesine Bak: Müzenin sanat eserleri kadar büyüleyici olan o devasa tarihi kütüphanesine (Cuypers Library) mutlaka göz at; kitap kokusu ve mimarinin birleştiği o atmosferde nefesin kesilecek.
- Ücretsiz Feribotla Kuzeyin Modern Yüzüne Geç: Merkez istasyonun arkasından kalkan feribotlara atla; hem kanal havası al hem de Amsterdam Noord’un o fütüristik ve endüstriyel dünyasına adım at.
- Bloemenmarkt’ta Lale Soğanlarını İncele: Dünyanın tek yüzen çiçek pazarında, Hollanda’nın simgesi olan binbir çeşit lale soğanını ve çiçek kokularını içine çek.
- Gece Yarısı Bir FEBO Klasiği Yaşa: Bir pub çıkışı ya da gece yürüyüşü sırasında yerel bir Amsterdamlı gibi davran; FEBO otomatlarından sıcak bir kroket veya hamburger alıp sokakta yemenin tadına bak.
- Kanal Turunu ""Altın Saat""te Yap: Kanalları mutlaka sudan gör ama bunu güneş batarken, binaların camlarına o turuncu ışığın vurduğu ""golden hour"" vaktinde yap.
- Eye Film Museum’un Terasında Soluklan: Binanın sadece fütüristik mimarisini dışarıdan izlemekle kalma; içeri girip terasında şehre ve karşı yakaya karşı kahveni iç.
- Red Light District’te Etik Bir Yürüyüş Yap: Akşam saatlerinde bölgenin o tezatlarla dolu atmosferini gör ama altın kuralı unutma: Asla fotoğraf çekme! Buranın bir iş yeri olduğunu ve insanların mahremiyetine saygı duyulması gerektiğini bilmek, bir gezginin Amsterdam'a olan asıl saygısıdır. (Aksi takdirde hem sert tepki alabilir hem de telefonunuzu kanalda bulabilirsiniz.)",✅ The Amsterdam Checklist: Don't Leave Without Doing These,"- Freeze the Moment by the Canal: Find a quiet spot along the canals in Jordaan or by Prinsengracht at sunset. Dangle your feet over the edge, beer or coffee in hand, and simply watch the water flow. For locals, this is the most sacred ""gezellig"" moment of the day.
- Listen to the Voice of History at the Anne Frank House: Witness the endless queue and the somber silence outside. It’s a powerful reflection of history. (To avoid disappointment, remember to book your tickets online months in advance!)
- Time Travel in the ""9 Straatjes"" (The 9 Streets): Get lost in these narrow, parallel streets. This is where you’ll find some of the world’s best vintage shops, boutique designers, and one-of-a-kind curiosities.
- Peek into the Rijksmuseum’s Grand Library: Don't miss the Cuypers Library inside the museum. It is as breathtaking as the masterpieces themselves; the scent of old books combined with the stunning 19th-century architecture will leave you speechless.
- Cross to the Modern Side via Free Ferry: Hop on the ferries departing from behind Central Station. Enjoy the canal breeze for free and step into the futuristic, industrial world of Amsterdam Noord.
- Inspect Tulip Bulbs at the Bloemenmarkt: Visit the world’s only floating flower market to see thousands of tulip bulbs and soak in the floral scents that define the Netherlands.
- Experience a Midnight FEBO Classic: After a night at the pub or during a late walk, act like a true local. Grab a hot croquette or a burger from the FEBO wall automatons and enjoy it right there on the street.
- Take a Canal Tour during ""Golden Hour"": You must see Amsterdam from the water, but time it for when the sun sets and the warm, orange light hits the large windows of the canal houses.

Catch Your Breath on the Eye Film Museum Terrace: Don't just admire the futuristic building from the outside; go in and have a coffee on the terrace overlooking the water and the city skyline.

Take an Ethical Walk through the Red Light District: Experience the district's atmosphere of contrasts in the evening, but remember the golden rule: Never take photos! Respecting privacy and understanding that this is a place of work is the ultimate mark of a traveler's respect for the city. (Otherwise, you might find your phone at the bottom of a canal!)"
Barcelona,1,Barselona: Sanatın ve Hayatın Sokaklara Taştığı Şehir,"Hızlı Bakış: Barselona’da sokakta yürürken kendinizi bir masal kitabında, orta çağdan kalma bir kalede veya devasa bir plaj partisinde bulabilirsiniz. Burası kendini sadece ""İspanyol"" değil, her şeyden önce ""Katalan"" olarak tanımlayan, gururlu ve renkli bir şehirdir. Şehirde düz çizgilere yer yoktur; Antoni Gaudí’nin doğadan ilham alan mimarisi sayesinde binalar sanki nefes alır ve dalgalanır. Barselona, ""yavaş yaşam""ın (Mañana) başkentidir; burada ""Siesta"" (öğle uykusu) hala yaşayan bir gelenektir, bu yüzden öğle saatlerinde dükkanlar kapalıysa şaşırmayın ve siz de kendinizi akışa bırakın. Akşam yemeği 21:00'dan, eğlence ise gece yarısından önce başlamaz. Ancak bu büyülü atmosferin içinde unutmamanız gereken çok kritik bir ""yaşam kodu"" var: Güvenlik! Barselona, ne yazık ki dünyanın ""yankesicilik başkentlerinden"" biri olarak bilinir. Özellikle La Rambla ve Gotik Mahalle'nin dar sokaklarında çantanızı önünüzde tutmak ve telefonunuza sahip çıkmak bir paranoja değil, Barselona'yı sorunsuz gezmenin temel kuralıdır. Bir diğer önemli detay ise dil; yerel halk Katalancaya çok değer verir. Bir dükkana girdiğinizde İspanyolca yerine Katalanca bir ""Bon dia"" (Günaydın) demek, size tüm kapıları ve kalpleri ardına kadar açacaktır.",Barcelona: Where Art and Life Spill into the Streets,"Quick Glimpse: Walking through the streets of Barcelona, you might find yourself in a fairy tale book, a medieval castle, or at a massive beach party. This is a proud and colorful city that identifies itself not just as ""Spanish,"" but first and foremost as ""Catalan."" There is no room for straight lines here; thanks to Antoni Gaudí’s nature-inspired architecture, buildings seem to breathe and undulate. Barcelona is the capital of ""slow living"" (Mañana); ""Siesta"" (afternoon nap) is still a living tradition here, so don't be surprised if shops are closed at midday—just go with the flow. Dinner doesn't start before 9:00 PM, and the party doesn't truly begin until after midnight. However, within this magical atmosphere, there is one critical ""life code"" you must remember: Safety! Unfortunately, Barcelona is known as one of the ""pickpocket capitals"" of the world. Keeping your bag in front of you and looking after your phone in the narrow streets of La Rambla and the Gothic Quarter isn't paranoia; it’s the golden rule for a smooth Barcelona trip. Another important detail is the language; locals deeply value the Catalan language. Saying a Catalan ""Bon dia"" (Good morning) instead of Spanish when you enter a shop will open all doors and hearts to you."
Barcelona,2,📅 Takviminizi Ayarlayın: Hangi Mevsim Sizin?,"Barselona, güneşin ve denizin şehri olsa da her mevsimi ziyaretçisine bambaşka bir enerji sunar. Akdeniz’in tadını ne zaman çıkaracağınız, aslında ne kadar kalabalığa ve sıcağa göğüs gerebileceğinize bağlıdır.

- İlkbahar (Mart - Mayıs): Barselona’nın en ""şiirsel"" zamanıdır. Hava ne çok sıcak ne de serindir; şehri yürüyerek keşfetmek için idealdir. Kritik Tarih: 23 Nisan’daki Sant Jordi (Güller ve Kitaplar Günü) Barselona'nın en güzel günüdür. Tüm şehir dev bir çiçekçi ve kütüphaneye dönüşür; bu günü fırsatınız varsa mutlaka deneyimlemelisiniz.
- Yaz (Haziran - Ağustos): Şehrin tam anlamıyla bir tatil beldesine dönüştüğü, plajların (Barceloneta) dolup taştığı dönemdir. Ancak uyaralım: Barselona’nın nemli sıcağı ve yoğun turist kalabalığı yorucu olabilir. Müzik tutkunuysanız Primavera Sound veya Sónar gibi dünyanın en iyi festivalleri için bu mevsim kaçınılmazdır.
- Sonbahar (Eylül - Ekim): Denizin hala girilebilir sıcaklıkta olduğu, kalabalığın biraz azaldığı ve havanın yumuşadığı en keyifli dönemlerden biridir. Kritik Tarih: Eylül sonundaki La Mercè festivali, Barselona'nın en büyük sokak festivalidir. Dev heykeller (Gegants), insan kuleleri (Castellers) ve havai fişeklerle Katalan kültürünü en saf haliyle görebilirsiniz.
- Kış (Kasım - Şubat): Avrupa’nın kuzeyindeki dondurucu soğukları unutun. Barselona’da kışlar genellikle güneşli ve ılımandır. Kalabalıktan uzaklaşmak, Gaudí’nin eserlerini sırada beklemeden gezmek ve yerel hayatı daha sakin bir tempoda yaşamak istiyorsanız harika bir tercihtir. Noel pazarları ve Ocak sonundaki indirim dönemleri de cabası!",📅 Timing is Everything: Which Season is Yours?,"While Barcelona is a city of sun and sea, every season offers a completely different energy to its visitors. When you choose to enjoy the Mediterranean depends on how much heat and how many crowds you are willing to brave.

- Spring (March – May): This is Barcelona’s most ""poetic"" time. The weather is neither too hot nor too cool, making it ideal for exploring the city on foot. Critical Date: April 23rd, Sant Jordi (Day of Roses and Books), is the most beautiful day in Barcelona. The entire city transforms into a giant flower shop and library; if you have the chance, you must experience this day.
- Summer (June – August): The period when the city fully transforms into a holiday resort and the beaches (Barceloneta) are overflowing. However, be warned: Barcelona’s humid heat and intense tourist crowds can be exhausting. If you are a music lover, this season is unavoidable for world-class festivals like Primavera Sound or Sónar.
- Autumn (September – October): One of the most pleasant periods, where the sea is still warm enough for swimming, the crowds have thinned out, and the air has softened. Critical Date: The La Mercè festival at the end of September is Barcelona's biggest street festival. You can witness Catalan culture in its purest form with giant statues (Gegants), human towers (Castellers), and fireworks.
- Winter (November – February): Forget the freezing cold of Northern Europe. Winters in Barcelona are generally sunny and mild. It is a fantastic choice if you want to escape the crowds, visit Gaudí’s masterpieces without waiting in line, and experience local life at a calmer pace. The Christmas markets and the sales at the end of January are an added bonus!"
Barcelona,3,🏠Nerede Kalmalı: Mahalle Rehberi,"Barselona’da nerede kalacağınız, sabah uyandığınızda nasıl bir atmosfere gözünüzü açacağınızı belirler. Orta Çağ’dan kalma daracık labirent sokaklar mı, yoksa Gaudí’nin eserleriyle süslü geniş ve şık bulvarlar mı?

- Barri Gòtic (Gotik Mahalle): Şehrin en eski ve tarihi kalbidir. Romalılardan kalma duvarlar ve Orta Çağ mimarisi arasında, labirenti andıran dar sokaklarda kaybolmak istiyorsanız burası tam size göre. Her köşeden bir meydan veya tarihi bir kilise çıkar. Çok merkezidir ancak sokakların çok dar ve kalabalık olması nedeniyle biraz gürültülü ve yankesicilik açısından ekstra dikkat gerektiren bir bölgedir.
- Eixample: Barselona denince akla gelen o ızgara planlı, geniş bulvarların olduğu bölgedir. Sagrada Família, Casa Batlló ve şık alışveriş caddesi Passeig de Gràcia buradadır. Daha modern, güvenli, düzenli ve lüks bir konaklama arayanlar için en ideal tercihtir. Şehrin en iyi restoranları ve tasarım butikleri bu mahallede toplanmıştır.
- El Born: Gotik Mahalle'nin hemen yanında yer alır ama ruhu çok daha ""trendi"" ve sanat doludur. Picasso Müzesi’ne ev sahipliği yapar. Gece hayatı, butik mağazalar ve şık barlarla doludur. Hem denize hem de şehrin en büyük parkı Ciutadella'ya yakın olmak isteyen genç ruhlu gezginler için harika bir dengedir.
- Gràcia: Eskiden Barselona’dan ayrı bir köy olan bu mahalle, bugün şehrin en bohem ve yerel kalabilmiş köşesidir. Turist kalabalığından uzaklaşmak, yerel halkla birlikte küçük meydanlarda (Plaza) kahve içmek ve mahalle kültürünü yaşamak istiyorsanız burası bir cevherdir. Park Güell’e yakındır ama şehir merkezine ulaşmak için metroyu kullanmanız gerekir.
- Poblenou: Eski fabrikaların sanat galerilerine ve teknoloji ofislerine dönüştüğü, Barselona'nın modern yüzüdür. En büyük avantajı plajlara yürüme mesafesinde olmasıdır. Eğer hem ""deniz tatili"" tadında bir konaklama hem de modern bir mahalle dokusu arıyorsanız Poblenou mükemmel bir seçimdir.
- Poble-sec: Barselona’nın yükselen yıldızı ve gastronomi merkezidir. Şehrin karmaşasından biraz daha uzak ama merkeze çok yakındır. Meşhur tapas caddesi Carrer de Blai burada bulunur. Daha uygun fiyatlı ve ""lokal"" bir seçenek arayanlar için güvenli bir limandır.",🏠 Where to Stay: Neighborhood Guide,"In Barcelona, where you stay determines the atmosphere you wake up to. Will it be the narrow medieval labyrinths of the past, or the wide, elegant boulevards adorned with Gaudí’s masterpieces?

- Barri Gòtic (Gothic Quarter): The oldest and historical heart of the city. If you want to get lost in labyrinthine narrow streets between Roman walls and medieval architecture, this is the place for you. A square or a historic church pops up around every corner. It is extremely central, but because the streets are so narrow and crowded, it can be a bit noisy and requires extra vigilance regarding pickpockets.
- Eixample: This is the iconic grid-planned district with wide boulevards. The Sagrada Família, Casa Batlló, and the chic shopping street Passeig de Gràcia are all located here. It is the ideal choice for those seeking modern, safe, organized, and luxury accommodation. The city's best restaurants and design boutiques are concentrated in this neighborhood.
- El Born: Located right next to the Gothic Quarter, but its spirit is much more ""trendy"" and artistic. It is home to the Picasso Museum and is packed with nightlife, boutique shops, and stylish bars. It’s a great balance for travelers who want to be close to both the sea and the city's largest park, Ciutadella.
- Gràcia: Formerly a separate village from Barcelona, this neighborhood is the most bohemian and ""local"" corner of the city today. If you want to escape the tourist crowds, drink coffee with locals in small squares (Plazas), and experience true neighborhood culture, this is a gem. It is near Park Güell, but you will need the metro to reach the city center.
- Poblenou: The modern face of Barcelona, where old factories have been transformed into art galleries and tech offices. Its biggest advantage is being within walking distance of the beaches. If you are looking for a ""beach holiday"" vibe combined with a modern urban feel, Poblenou is a perfect choice.
- Poble-sec: Barcelona's rising star and gastronomic hub. It is slightly removed from the city's chaos but still very close to the center. The famous tapas street, Carrer de Blai, is located here. It is a safe haven for those looking for more affordable and authentic ""local"" options."
Barcelona,4,🚲 A Noktasından B Noktasına: Bir Lokal Gibi Hareket Edin,"Barselona yürüyerek keşfetmeye çok uygun bir şehir ama mesafeler düşündüğünüzden uzun olabilir. Neyse ki toplu taşıma sistemi şehrin enerjik temposuna ayak uyduracak kadar iyi çalışıyor. Geriye kalan tek şey, en uygun bileti baştan almak.

- Havalimanından Şehir Merkezine: Barcelona El Prat Havalimanı’ndan (BCN) merkeze ulaşmanın en hızlı yolu, her 5-10 dakikada bir kalkan Aerobús araçlarıdır. Terminal 1 ve 2’den doğrudan Plaça de Catalunya’ya giden bu otobüslerin tek yönü €6.75, gidiş-dönüşü ise €11.65’tir. Biletinizi duraktaki makinelerden veya online alabilirsiniz. Daha ekonomik bir yol için Terminal 2’den kalkan R2 Nord trenini T-Casual kartınızla kullanabilirsiniz. Metro (L9 Sud) ise merkeze doğrudan gitmez ve €5.50 tutarında özel bilet gerektirir.
- Kurtarıcı Bilet: T-Casual: Ulaşımı ucuza getirmek için metro istasyonlarındaki kırmızı makinelerden €12.15 karşılığında T-Casual kartı almalısınız. Bu kart, 1. Bölge’de (Zone 1) metro, otobüs ve trenlerde geçerli 10 biniş hakkı sağlar. Tekli biletin €2.55 olduğu düşünülürse oldukça karlıdır. En kritik kural; bu kart kişiye özeldir. Aynı kartı iki kişi peş peşe basıp kullanamaz, her yolcunun kendi kartı olması şarttır.
- Hola Barcelona Travel Card: Eğer Barselona’da ulaşımı tamamen sınırsız ve dertsiz hale getirmek isterseniz, Hola Barcelona kartı en mantıklı seçenektir. Bu kart 48 saat (2 gün), 72 saat (3 gün), 96 saat (4 gün) veya 120 saat (5 gün) seçenekleriyle sunulur. Fiyatları süresine göre yaklaşık €17.50 ile €41.00 arasında değişir. Bu kartla metro, otobüs, tramvay ve hatta havalimanı metrosuna hiçbir ek ücret ödemeden sınırsızca binebilirsiniz. Biletinizi metro istasyonlarındaki makinelerden alabileceğiniz gibi, internetten önceden alırsanız genellikle %10 indirim kazanırsınız.
- Metro ve Gece Ulaşımı: Metro ağı hafta içi gece 24:00’e, Cuma 02:00’ye, Cumartesi ise tüm gece boyu hizmet verir. Metronun kapalı olduğu saatlerde ""N"" (Nitbus) harfiyle başlayan gece otobüsleri devreye girer. T-Casual kartınız bu otobüslerde de geçerlidir. Şehir içinde rotanızı çizmek ve güncel saatleri takip etmek için Citymapper veya TMB App uygulamalarını kullanmak hayat kurtarır.
- Yürümek ve Bisiklet: Gotik Mahalle ve El Born gibi tarihi bölgeler sadece yürüyerek keşfedilebilir. Daha uzun mesafeler ve sahil hattı için günlük €10-15 civarına bisiklet kiralayabilirsiniz. Şehirde bisiklet yolları oldukça yaygındır ancak yayaların kullandığı kaldırımlarda sürmemeye dikkat etmelisiniz.",🚲 Getting from A to B: Move Like a Local,"Barcelona is a city made for exploring on foot, but distances can be longer than you think. Luckily, the public transport system is efficient enough to keep up with the city’s energetic pace. All that’s left is choosing the right ticket from the start.

- From the Airport to the City Center: The fastest way from Barcelona El Prat (BCN) is the Aerobús, departing every 5-10 minutes. It runs from Terminals 1 and 2 directly to Plaça de Catalunya; tickets are €6.75 (one-way) or €11.65 (return). You can buy them at station machines or online. For a cheaper route, use the R2 Nord train from Terminal 2 with a T-Casual card. The Metro (L9 Sud) is €5.50 and requires a special ticket as it doesn't go directly to the center.
- The Lifesaver: T-Casual: To save money, buy a T-Casual card for €12.15 at the red machines in any metro station. It offers 10 rides across Zone 1 (metro, bus, and train), which is a steal compared to single tickets at €2.55. Crucial Rule: This card is for individual use only. Unlike some cities, you cannot swipe it twice for two people; every traveler must have their own card.
- Hola Barcelona Travel Card: For completely unlimited and worry-free travel, this is your best bet. Available for 2 to 5 days, prices range from roughly €17.50 to €41.00. It covers the metro, bus, tram, and—most importantly—the Airport Metro at no extra cost. Pro tip: Buy it online in advance for a 10% discount.
- Metro and Night Transport: The metro runs until 24:00 on weekdays, 02:00 on Fridays, and all night on Saturdays. When the metro is closed, look for the ""N"" (Nitbus) night buses. Your T-Casual card works here too. Use the Citymapper or TMB App to track live times and routes.
- Walking and Cycling: Historical spots like the Gothic Quarter and El Born are best (and often only) explored on foot. For the beachfront or longer distances, you can rent a bike for €10-15 per day. Barcelona has great bike lanes, but remember: stay off the pedestrian sidewalks."
Barcelona,5,🏛️ Şehrin Hafızası: Görülmesi Gereken İkonik Duraklar,"Barselona’nın imzası, Antoni Gaudí’nin dahi zihniyle doğanın kusursuz formlarının birleştiği, her köşesi sürprizlerle dolu bir tuval gibidir. Bu şehirde ""gezilecek yerler"" sadece binalardan ibaret değildir; her biri Barselona'nın kimliğini oluşturan yaşayan birer hikâyedir.

- La Sagrada Família: Şehrin tartışmasız tacıdır. Gaudí'nin 1882'de devraldığı ve hala yapımı devam eden bu ""Bitmeyen Kilise"", sadece bir ibadethane değil, taşa kazınmış bir ormandır. İçerideki sütunlar ağaç dallarını andırır ve güneş ışığı vitraylardan süzüldüğünde içerisi büyüleyici bir renk denizine dönüşür.
- Park Güell: Barselona’nın en masalsı noktasıdır. Hansel ve Gretel’in evlerini andıran binalar, dünyanın en uzun kavisli bankı ve o meşhur mozaik kertenkele (El Drac) buradadır. Şehre yukarıdan bakmak ve Gaudí’nin renkli dünyasında kaybolmak için en iyi yerdir.
- Casa Batlló ve Casa Milà (La Pedrera): Eixample bölgesindeki bu iki yapı, Gaudí’nin mimari dehasının zirvesidir. Casa Batlló’nun ejderha sırtını andıran çatısı ve Casa Milà’nın dalgalı cephesi sizi başka bir dünyaya götürür.
- La Rambla ve Mercat de Sant Josep de la Boqueria: Şehrin en ünlü caddesi La Rambla üzerindeki meşhur pazar yeri La Boqueria, taze meyve suları ve Katalan lezzetleriyle bir duygu patlaması yaşatır.
- Barselona Katedrali ve Gotik Mahalle: Sagrada Família’nın aksine, burası şehrin karanlık ve vakur Orta Çağ yüzüdür. Gotik Katedral’in görkemi ve çevresindeki dar sokaklar sizi zamanda yolculuğa çıkarır.
- Montjuïc Tepesi ve Sihirli Fıskiye (Font Màgica): Şehri panoramik olarak görebileceğiniz bu tepe, müzelerden Olimpiyat Stadyumu’na kadar pek çok durağa ev sahipliği yapar. Akşamları sergilenen ışık ve su gösterileri bir klasiktir.
- Barceloneta Plajı: Şehrin tam kalbinde, metrodan inip birkaç dakika içinde kendinizi kumsalda bulmak Barselona’nın en büyük lüksüdür.

💡Ufak bir hatırlarma : Barselona’da popülerlik demek, uzun kuyruklar demektir. Sagrada Família ve Park Güell gibi yerlere biletinizi gitmeden haftalar önce online olarak almazsanız, kapıdan üzülerek dönme ihtimaliniz %99’dur.",🏛️ The City's Memory: Iconic Landmarks Must-See,"Barcelona’s signature is like a canvas filled with surprises at every corner, where Antoni Gaudí’s brilliant mind meets nature's perfect forms. In this city, ""sights to see"" are not just buildings; each is a living story that shapes Barcelona's identity.

- La Sagrada Família: The city's undisputed crown. This ""Unfinished Church,"" which Gaudí took over in 1882 and is still under construction, is not just a house of worship but a forest carved in stone. The interior columns resemble tree branches, and when sunlight filters through the stained glass, the interior turns into a mesmerizing sea of color.
- Park Güell: Barcelona’s most fairytale-like spot. Buildings reminiscent of Hansel and Gretel’s houses, the world's longest curved bench, and the famous mosaic lizard (El Drac) are here. It is the best place to overlook the city and get lost in Gaudí’s colorful world.
- Casa Batlló and Casa Milà (La Pedrera): These two structures in the Eixample district represent the peak of Gaudí’s architectural genius. Casa Batlló’s roof, resembling a dragon’s back, and Casa Milà’s undulating facade will transport you to another world.
- La Rambla and Mercat de Sant Josep de la Boqueria: On the city's most famous street, La Rambla, the renowned market La Boqueria offers an explosion of senses with fresh juices and Catalan delicacies.
- Barcelona Cathedral and the Gothic Quarter: Unlike the Sagrada Família, this is the city's dark and solemn medieval face. The grandeur of the Gothic Cathedral and the surrounding narrow streets take you on a journey through time.
- Montjuïc Hill and the Magic Fountain (Font Màgica): Offering panoramic views of the city, this hill hosts many stops from museums to the Olympic Stadium. The light and water shows displayed in the evenings are a classic.
- Barceloneta Beach: In the very heart of the city, finding yourself on the beach just a few minutes after stepping off the metro is Barcelona’s greatest luxury.

💡 A small reminder: In Barcelona, popularity means long queues. If you don't buy your tickets for places like the Sagrada Família and Park Güell online weeks in advance, there is a 99% chance you will be turned away at the door disappointed."
Barcelona,6,"🍴 Şehrin Lezzet Haritası: Tapas, Paella, Sangria ve Ötesi","Barselona’da yemek yemek, sadece karnınızı doyurmak değil; bir sosyalleşme ritüeline katılmaktır. Burada masalar kalabalıktır, tabaklar paylaşımlıdır ve o meşhur ""Pica-pica"" (atıştırma) kültürü sayesinde her öğün bir lezzet şölenine dönüşür.

- Tapas & Pinchos: Barselona’nın ruhu küçük tabaklarda saklıdır. Tapas masanın ortasına gelen paylaşımlı lezzetlerken, Pinchos (genellikle bir ekmek dilimi üzerine kürdanla tutturulmuş küçük atıştırmalıklar) ise Barselona'nın en sevilen lezzet geleneklerinden biridir. Yerel İpucu: Poble-sec mahallesindeki Carrer de Blai, şehrin ""Pinchos sokağı"" olarak bilinir. Bir barda bir kadeh içecek ve birkaç pincho ile Barselona usulü bir akşam başlatmak bir klasiktir.
- Paella: İspanya’nın en meşhur yemeği. Aslen Valensiya çıkışlı olsa da Barselona’da deniz ürünleriyle hazırlanan (Paella de Marisco) versiyonu efsanedir. Önemli Uyarı: Yerel halk paellayı bir öğle yemeği olarak görür. Akşam yemeğinde paella yiyenleri genellikle turist olarak etiketlerler. Ayrıca restoran girişlerinde ""mikrodalga"" tabelası olan yerlerden kaçının; gerçek paella bakır tavada, taze pişmelidir.
- Pan con Tomate (Pa amb Tomàquet): Katalan mutfağının en basit ama en dahi buluşudur. Kızarmış ekmeğin üzerine taze sarımsak, olgun domates ve kaliteli zeytinyağı sürülerek hazırlanır. Her yemeğin yanına yakışır!
- Cava ve Sangria: Sangria turistlerin favorisi olsa da, Katalanların asıl gururu Cava'dır. İspanya'nın ""şampanyası"" olarak bilinen bu köpüklü şarap, tapasların en iyi eşlikçisidir. Eğer daha meyveli ve ferah bir şey arıyorsanız, beyaz şarapla yapılan Sangria de Cava'yı mutlaka denemelisiniz.
- Crema Catalana: Fransızların Crème brûlée’sine benzer ama çok daha aromatik. Üzerindeki yanık şeker tabakasını kaşığınızla kırmak, Barselona’daki en tatlı anınız olabilir.
- Jamón Ibérico: Dünyanın en kaliteli jambonları burada sizi bekliyor. Özellikle meşe palamuduyla beslenen domuzlardan elde edilen ""Pata Negra"", ağızda eriyen dokusuyla bambaşka bir seviyedir.","🍴 A Taste of the City: Tapas, Paella, and Sangria and Beyond","Eating in Barcelona isn’t just about filling your stomach; it’s about participating in a social ritual. Here, tables are crowded, plates are shared, and every meal turns into a flavor feast thanks to the famous ""Pica-pica"" (snacking) culture.

- Tapas & Pinchos: Barcelona’s soul is hidden in small plates. While Tapas are shared dishes served in the center of the table, Pinchos (small snacks usually held together by a toothpick on a slice of bread) are one of the city's most beloved culinary traditions. Local Tip: Carrer de Blai in the Poble-sec neighborhood is known as the city's ""Pinchos street."" Starting a Barcelona-style evening with a glass of wine and a few pinchos at a bar is an absolute classic.
- Paella: Spain’s most famous dish. Although it originally hails from Valencia, the seafood version (Paella de Marisco) prepared in Barcelona is legendary. Important Warning: Locals consider paella a lunch dish. Those eating it for dinner are usually labeled as tourists. Also, avoid places with ""microwave"" signs at the entrance; authentic paella must be cooked fresh in a traditional copper pan.
- Pan con Tomate (Pa amb Tomàquet): The simplest yet most ingenious invention of Catalan cuisine. It’s prepared by rubbing fresh garlic, ripe tomatoes, and high-quality olive oil onto toasted bread. It goes perfectly with every meal!
- Cava and Sangria: While Sangria is a tourist favorite, the real pride of Catalans is Cava. Known as Spain’s ""champagne,"" this sparkling wine is the best companion for tapas. If you are looking for something fruitier and more refreshing, you must try Sangria de Cava, made with white wine or Cava.
- Crema Catalana: Similar to the French Crème brûlée but much more aromatic. Breaking the burnt sugar layer on top with your spoon might be your sweetest moment in Barcelona.
- Jamón Ibérico: The world’s highest-quality hams await you here. Especially ""Pata Negra"", obtained from acorn-fed pigs, is on a whole different level with its melt-in-the-mouth texture."
Barcelona,7,🤫 Şehrin Fısıldadıkları: Lokal Sırlar,"Barselona’nın gerçek büyüsü, milyonlarca turistin yürüdüğü ana caddelerden sadece bir sokak ötede, sessiz bir avluda veya şehrin üzerine çöken bir gün batımı manzarasında saklıdır. İşte Barselona’yı sadece bir turist gibi değil, bir ""Barceloní"" gibi yaşamanızı sağlayacak detaylar.

- Bunkers del Carmel: Park Güell'in kalabalığından kaçın ve Barselona’nın en iyi 360 derece manzarasını görmek için buraya çıkın. Burası eski bir uçaksavar bataryasıdır; şimdi ise gençlerin ellerinde içecekleriyle gün batımını izlediği, şehrin en özgür ve romantik noktasıdır. Giriş ücretsizdir ama tepeye tırmanmak için kondisyon şart!
- El Jardí (Raval'ın Gizli Bahçesi): Raval mahallesindeki eski bir hastanenin (Antic Hospital de la Santa Creu) avlusunda saklı olan bu bar, şehrin kaosu ortasında bir vahadır. Portakal ağaçlarının altında, Gotik kemerlerin gölgesinde bir kadeh şarap içmek, Barselona’nın en huzurlu anıdır.
- Vermut Saati (La Hora del Vermut): Barselona’da pazar sabahlarının ritüeli sangria değil, ""Vermut""tur. Yerel halk, öğle yemeğinden önce bir ""Vermuteria""ya gidip buzlu, portakallı ve zeytinli ev yapımı vermutlarını yudumlayarak sosyalleşir. Bu kültüre katılmak, gerçek bir Katalan gibi hissetmenin ilk adımıdır.
- Recinte Modernista de Sant Pau: Sagrada Família’nın sadece birkaç blok ötesinde olmasına rağmen çoğu turistin es geçtiği bu yer, dünyanın en büyük Art Nouveau kompleksidir. Renkli mozaikleri, devasa bahçeleri ve masalsı binalarıyla Gaudí’nin gölgesinde kalmış gizli bir mimari şaheserdir.
- Carrer de Petritxol (Çikolata Sokağı): Gotik Mahalle’nin daracık bir sokağı olan Petritxol, Barselona’nın en iyi çikolatacılarına (Granja) ev sahipliği yapar. Burada geleneksel bir fincan yoğun sıcak çikolataya batırılmış taze churros yemek, şehre dair en tatlı hatıranız olacak.
- Mahalle Pazarlarının Gizli Dünyası (Santa Caterina & Sant Antoni): La Boqueria ne kadar ünlüyse, Mercat de Santa Caterina (o muhteşem dalgalı ve renkli çatısıyla) ve Mercat de Sant Antoni o kadar yereldir. Pazar günleri Sant Antoni'nin çevresinde kurulan sahaf ve pul pazarına uğramak veya Santa Caterina'nın içinde taze peynirlerin tadına bakmak, turist kalabalığından kaçıp gerçek Barselona hayatına dokunmaktır.

💡 Yerel Bir Öneri: Barselona'da ""La Rambla"" üzerinde yemek yemeyin. O caddede gördüğünüz dondurulmuş paellalar ve aşırı pahalı içecekler tamamen bir turist tuzağıdır. Gerçek lezzetler için ana caddeden iki sokak içeriye, mahalle aralarına dalın.",🤫 Whispers of the City: Local Secrets,"The real magic of Barcelona is hidden just a street away from the main boulevards where millions of tourists walk—in a quiet courtyard or a sunset view overlooking the entire city. Here are the details that will let you experience the city not just as a tourist, but as a true ""Barceloní.""

- Bunkers del Carmel: Escape the crowds of Park Güell and head here for the best 360-degree view of Barcelona. These are the ruins of an old anti-aircraft battery; today, it’s the city’s most free-spirited and romantic spot where young people gather with drinks to watch the sunset. Entrance is free, but you'll need some stamina for the climb!
- El Jardí (Raval’s Hidden Garden): Tucked away in the courtyard of an old hospital (Antic Hospital de la Santa Creu) in the Raval neighborhood, this bar is an oasis amidst the city's chaos. Sipping a glass of wine under orange trees and Gothic arches is the most peaceful moment in Barcelona.
- The Vermouth Hour (La Hora del Vermut): In Barcelona, the Sunday morning ritual isn't sangria; it’s ""Vermut."" Locals head to a ""Vermuteria"" before lunch to socialize over house-made vermouth served with ice, an orange slice, and an olive. Joining this tradition is the first step to feeling like a true Catalan.
- Recinte Modernista de Sant Pau: Located just a few blocks from the Sagrada Família, this is the world's largest Art Nouveau complex, yet many tourists overlook it. With its colorful mosaics, vast gardens, and fairytale buildings, it is a hidden architectural masterpiece standing in Gaudí’s shadow.
- Carrer de Petritxol (The Chocolate Street): A tiny street in the Gothic Quarter, Petritxol is home to Barcelona's best chocolate shops (Granjas). Eating fresh churros dipped in a traditional cup of thick hot chocolate here will be your sweetest memory of the city.
- The Hidden World of Neighborhood Markets (Santa Caterina & Sant Antoni): As famous as La Boqueria is, Mercat de Santa Caterina (with its magnificent wavy, colorful roof) and Mercat de Sant Antoni are just as authentic and local. Visiting the second-hand book and stamp market held around Sant Antoni on Sundays, or sampling fresh cheeses inside Santa Caterina, is the perfect way to escape the tourist crowds and truly touch the real soul of Barcelona.

💡 A Local Suggestion: Never eat on ""La Rambla."" The frozen paellas and overpriced drinks you see there are total tourist traps. For authentic flavors, dive two streets into the back alleys of the local neighborhoods."
Barcelona,8,✅ Mutlaka Yapmadan Dönme: Barselona Checklist,"Sagrada Família’nın İçine Gir: Dışarıdan fotoğraf çekmek yetmez; içerideki o devasa sütunların arasında yürürken vitraylardan süzülen renkli ışık oyunlarını mutlaka gör.

- Carrer de Blai’de ""Pinchos"" Turu Yap: Poble-sec mahallesindeki bu sokakta bardan bara gezerek, kürdanlı atıştırmalıkların ve yerel atmosferin tadını çıkar.
- Bunkers del Carmel’de Günü Batır: Şehri 360 derece ayaklarının altına alan bu eski kalıntılarda, elinde içeceğinle güneşin Akdeniz üzerinde batışını izle.
- Bir Tablao’da Flamenko İzle: Kökeni güney olsa da Barselona'nın mistik atmosferinde sergilenen o yoğun dans ve müzik gösterisine tanık ol, Katalan gecelerinin tutkusunu iliklerine kadar hisset.
- Gotik Mahalle’nin Labirentinde Kaybol: Haritayı kapat ve kendini daracık Orta Çağ sokaklarına bırak; her sokağın sonunda başka bir sürpriz meydan seni bekliyor olacak.
- La Boqueria ve Mahalle Pazarlarını Gez: Sadece La Boqueria ile kalma; Santa Caterina veya Sant Antoni pazarlarında yerel halkın arasına karış ve taze ürünlerin kokusunu içine çek.
- Park Güell’in Mozaiklerinde Anı Bırak: Gaudí’nin o meşhur ejderhasıyla fotoğraf çekil ve dünyanın en uzun kavisli bankında oturup şehri seyret.
- Barceloneta Sahili Boyunca Yürü: Deniz kokusunu içine çekerek sahilden W Hotel’e kadar yürü; Barselona’nın plaj kültürünü yakından gözlemle.
- Pazar Sabahı ""Vermut Saati""ne Katıl: Bir yerel gibi pazar öğle yemeği öncesi buzlu, zeytinli vermutunu yudumla ve Katalan sosyalleşme ritüeline ortak ol.
- Passeig de Gràcia’da Mimari Keşfe Çık: Casa Batlló ve La Pedrera gibi şaheserlerin önünde durup, binaların nasıl ""nefes alabildiğini"" kendi gözlerinle gör.
- ""Bon dia"" & ""Salud"" : İspanyolca yerine Katalanca selam vererek yerel halkın yüzündeki o samimi gülümsemeyi yakala. Gün sonunda ise bir kadeh Cava ile Barselona’ya ""Salud"" de!",✅ The Barcelona Checklist: Don't Leave Without Doing These,"- Go Inside the Sagrada Família: Taking photos from the outside isn't enough; you must witness the colorful light play filtering through the stained glass as you walk among the forest of giant columns.
- Go on a ""Pinchos"" Crawl at Carrer de Blai: Hop from bar to bar on this street in Poble-sec, enjoying toothpick snacks and the authentic local vibe.
- Watch the Sunset at Bunkers del Carmel: Grab a drink and head to these old ruins for a 360-degree view as the sun sets over the Mediterranean.
- Watch Flamenco at a Tablao: Although its roots are in the south, witness the intense dance and music performance in Barcelona’s mystical atmosphere and feel the passion of Catalan nights to the core.
- Get Lost in the Gothic Quarter Labyrinth: Turn off your GPS and let the narrow medieval streets guide you; a surprise square awaits at the end of every alley.
- Explore La Boqueria and Neighborhood Markets: Don't stop at La Boqueria; mingle with the locals at the Santa Caterina or Sant Antoni markets and soak in the scents of fresh produce.
- Leave a Memory at Park Güell: Snap a photo with Gaudí's famous dragon and sit on the world’s longest curved bench to overlook the city.
- Stroll Along Barceloneta Beach: Walk from the shore all the way to the W Hotel, breathing in the sea air and observing Barcelona’s unique beach culture.
- Join the Sunday ""Vermouth Hour"": Act like a local and sip on a chilled vermouth with olives before lunch, participating in the quintessential Catalan social ritual.
- Go on an Architectural Discovery at Passeig de Gràcia: Stand before masterpieces like Casa Batlló and La Pedrera and see for yourself how buildings can ""breathe.""
- ""Bon dia"" & ""Salud"": Greet the locals in Catalan instead of Spanish to catch that genuine, warm smile. At the end of the day, say ""Salud"" to Barcelona with a glass of Cava!"
Berlin,1,"Berlin: Tarihin, Sanatın ve Özgürlüğün Ham Hali","Hızlı Bakış: Berlin’de sokakta yürürken kendinizi bir açık hava müzesinde, bir sanat galerisinde veya dünyanın en büyük tekno kulübünün kapısında bulabilirsiniz. Berlin sizi etkilemeye çalışmaz; sizi olduğunuz gibi kabul eder. Kendini ""fakir ama seksi"" (Arm, aber sexy) olarak tanımlayan bu şehir; mükemmeliyetçilikten uzak, son derece dürüst ve özgürdür.Bu şehirde ""kusursuzluk"" aranmaz, ""özgünlük"" alkışlanır. Tek bir merkezden ziyade ""Kiez"" denilen ve her birinin kendi özgün ruhu olan mahallelerden oluşan bu metropolde, ""Berliner Schnauze"" (Berlin Ağzı) denilen o hafif kaba ama doğrudan iletişim tarzı hakimdir. Berlin'in yazısız yaşam kodlarına uyum sağlamak ise şehri hissetmenin anahtarıdır: Gece yarısı boş bir sokakta bile olsanız yayalar için kırmızı ışıkta mutlaka durun, küçük dükkanlarda nakit paranın hala hüküm sürdüğünü (Nur Bares ist Wahres) unutmayın ve en önemlisi, biten içecek şişelerinizi asla çöp kutusunun içine atmayın; onları kutunun yanına bırakmak (Pfand kültürü), depozito toplayarak geçinenlere destek olmanın en kibar ve Berlinvari yoludur.",Berlin: The Unending Stage of Freedom and History,"Quick Glimpse: Walking through the streets of Berlin, you might find yourself in an open-air museum, an art gallery, or at the door of the world’s biggest techno club. Berlin doesn’t try to impress you; it accepts you just as you are. Describing itself as ""poor but sexy"" (Arm, aber sexy), this city is far from perfectionist—it is profoundly honest and free. In Berlin, ""perfection"" is not what people look for; ""authenticity"" is what is celebrated. Rather than having a single center, this metropolis consists of neighborhoods called ""Kiez,"" each with its own unique soul, where the blunt yet direct communication style known as ""Berliner Schnauze"" (Berlin Mouth) prevails. Adapting to Berlin’s unwritten life codes is the key to truly feeling the city: even on an empty street at midnight, always stop at a red light for pedestrians; remember that in small shops, cash is still king (""Nur Bares ist Wahres""—Only cash is true); and most importantly, never throw your empty beverage bottles inside the trash bin. Leaving them next to the bin (Pfand culture) is the kindest and most ""Berlin"" way to support those who earn a living by collecting deposits."
Berlin,2,📅 Takviminizi Ayarlayın: Hangi Mevsim Sizin?,"Berlin, mevsimlerin sadece sıcaklık değişiminden ibaret olmadığı, şehrin çehresinin ve insanların ruh halinin tamamen başkalaştığı bir yerdir. Her mevsimde bambaşka bir Berlin’le tanışmaya hazır olun.

- İlkbahar (Nisan - Haziran): Berlin’in ""uyandığı"" dönemdir. Kiraz ağaçları (Sakura) çiçek açar, nehir kenarındaki şezlonglar ortaya çıkar ve Berlinliler kışın kasvetini üzerlerinden atmak için kendilerini parklara atar. Hava hala değişkendir ama şehrin enerjisinin en taze olduğu zamanlardır.
- Yaz (Temmuz - Ağustos): Berlin’in gerçek bir ""açık hava oturma odasına"" dönüştüğü mevsimdir. Güneş gece 10’a kadar batmaz. Tempelhofer Feld’de (eski havalimanı) paten kayanları, göllere (Wannsee, Schlachtensee) kaçan yerelleri ve her köşe başındaki açık hava partilerini görmek için en iyi zamandır. Berlin bu aylarda çok canlı ama bir o kadar da kalabalıktır.
- Sonbahar (Eylül - Ekim): Şehrin devasa parklarının (özellikle Tiergarten) sarı ve turuncuya büründüğü, fotoğraf meraklıları için en estetik dönemdir. Hava serinlemeye başlar ama Berlin’in o ""melankolik ve karizmatik"" ruhu en çok bu mevsimde hissedilir. Ayrıca Ekim ayındaki ""Festival of Lights"" ile şehir dev bir ışık şovuna dönüşür.
- Kış (Kasım - Mart): İşte Berlin’in o dürüst, gri ve sert yüzüyle tanışma vakti. Hava gerçekten soğuk ve rüzgarlıdır, güneş bazen günlerce yüzünü göstermez. Ancak Aralık ayı gelince kurulan masalsı Noel Pazarları (Weihnachtsmärkte), sıcak şarap (Glühwein) kokusu ve karlı sokaklar şehre bambaşka bir sıcaklık katar. Müze gezmek ve Berlin’in yeraltı kulüp kültürüne dalmak için en uygun mevsimdir.",📅 Timing is Everything: Which Season is Yours?,"In Berlin, seasons are not just about temperature changes; they represent a complete transformation of the city’s face and the mood of its people. Be ready to meet a completely different Berlin in every season.

- Spring (April – June): This is Berlin’s ""awakening."" Cherry blossoms (Sakura) bloom, deck chairs appear along the riverbanks, and Berliners flock to the parks to shake off the winter gloom. The weather is still fickle, but it’s when the city’s energy feels the freshest.
- Summer (July – August): The season when Berlin transforms into a true ""open-air living room."" The sun doesn’t set until 10 PM. It is the best time to see locals skating at Tempelhofer Feld (the former airport), escaping to the lakes (Wannsee, Schlachtensee), and dancing at open-air parties on every corner. Berlin is incredibly vibrant during these months, though quite crowded.
- Autumn (September – October): A photographer’s dream, as the city’s massive parks (especially Tiergarten) turn into shades of yellow and orange. The air begins to cool, but Berlin’s ""melancholic and charismatic"" soul is most palpable during this season. Additionally, the Festival of Lights in October turns the city into a giant light show.
- Winter (November – March): Time to meet Berlin’s honest, gray, and harsh side. The weather is genuinely cold and windy, and the sun may not show its face for days. However, the arrival of December brings fairytale-like Christmas Markets (Weihnachtsmärkte), the scent of mulled wine (Glühwein), and snowy streets that add a unique warmth to the city. It is the perfect season for museum hopping and diving into Berlin’s underground club culture."
Berlin,3,🏠Nerede Kalmalı: Mahalle Rehberi,"Berlin, tek bir merkezden ziyade ""Kiez"" adı verilen mahallelerin toplamından oluşur. Nerede kalacağınız, Berlin seyahatinizin karakterini tamamen değiştirebilir. Burada seçim yapmak, aslında Berlin’in hangi yüzüyle tanışmak istediğinize karar vermektir.

- Mitte (Merkez): Şehrin tarihi ve turistik kalbidir. Brandenburg Kapısı, Müze Adası ve Alexanderplatz gibi ikonik noktalar buradadır. Eğer Berlin’e ilk kez geliyorsanız ve her yere yürüme mesafesinde ya da tek bir trenle ulaşmak istiyorsanız en mantıklı bölgedir. Şık butikler ve popüler galerilerle doludur ancak Berlin’in o meşhur ""alternatif"" ruhunu burada bulmak biraz daha zordur.
- Prenzlauer Berg: Berlin’in en estetik, en temiz ve aile dostu mahallesidir. Savaş sonrası hızla restore edilen bu bölge; geniş kaldırımları, tasarım dükkanları ve yan yana dizilmiş kaliteli kahve dükkanlarıyla bilinir. Özellikle Pazar günleri Mauerpark’taki bit pazarına yakın olmak istiyorsanız idealdir. Daha ""oturmuş"" ve şık bir Berlin deneyimi arayanlar için en iyi tercihtir.
- Kreuzberg: Berlin’in o meşhur asi, çok kültürlü ve alternatif ruhunun doğduğu yerdir. Sokak sanatı, her köşe başındaki dönercileri ve kanal kenarındaki salaş barlarıyla meşhurdur. Gençlerin ve sanatçıların favorisidir. Biraz kaotik ve ""ham"" bir enerjisi vardır; eğer şehrin gerçek dinamizmini ve gece hayatını merkezinden hissetmek istiyorsanız burası tam size göre.
- Friedrichshain: Endüstriyel mimarinin, eski fabrikaların ve Berlin’in kulüp kültürünün kalbidir. East Side Gallery (duvarın kalan en uzun parçası) buradadır. Neukölln ve Kreuzberg ile komşu olan bu bölge, gece hayatına yakın olmak isteyen ama aynı zamanda geniş caddelerden hoşlanan gezginler için harikadır. Genç popülasyonun en yoğun olduğu bölgelerden biridir.
- Neukölln: Berlin’in ""yükselen"" yıldızıdır. Bir zamanlar dışlanan bu bölge, bugün şehrin en yaratıcı ve kozmopolit noktasıdır. Landwehrkanal boyunca yürüyüş yapmak, Weserstraße’deki konsept barlarda vakit geçirmek Berlin’in yeni nesil yaşam tarzını görmek demektir. Biraz daha ""yeraltı"" ve keşfedilmemiş yerler arıyorsanız burayı tercih edebilirsiniz.
- Charlottenburg: Berlin’in eski ""Batı"" yüzüdür. Daha klasik, daha zengin ve son derece zarif bir mahalledir. Görkemli apartmanlar, lüks mağazalar (Kurfürstendamm) ve Charlottenburg Sarayı buradadır. Eğer Berlin’in o meşhur kaosundan uzak kalmak, daha sessiz ve kaliteli bir konaklama arıyorsanız Charlottenburg tam bir güvenli limandır.",🏠 Where to Stay: Neighborhood Guide,"Berlin is not a single-centered city; rather, it is a collection of neighborhoods known as ""Kiez."" Where you choose to stay can completely transform the character of your trip. Making a choice here is essentially deciding which face of Berlin you want to wake up to.

- Mitte (The Center): The historical and touristic heart of the city. Iconic landmarks like the Brandenburg Gate, Museum Island, and Alexanderplatz are located here. If it’s your first time in Berlin and you want to be within walking distance or a single train ride away from everything, this is the most practical area. It’s filled with chic boutiques and popular galleries, though you might find it a bit harder to track down Berlin’s famous ""alternative"" spirit here.
- Prenzlauer Berg: Berlin’s most aesthetic, clean, and family-friendly neighborhood. Rapidly restored after the war, this area is known for its wide sidewalks, design shops, and a high density of quality coffee houses. It’s ideal if you want to be close to the Mauerpark flea market, especially on Sundays. This is the top choice for those seeking a more ""settled"" and sophisticated Berlin experience.
- Kreuzberg: The birthplace of Berlin’s legendary rebellious, multicultural, and alternative soul. It is famous for its street art, the kebab shops on every corner, and the laid-back bars along the canal. A favorite among the youth and artists, it has a chaotic and ""raw"" energy. If you want to feel the city’s true dynamism and nightlife from its epicenter, this is the place for you.
- Friedrichshain: The heart of industrial architecture, old factories, and Berlin’s world-renowned club culture. The East Side Gallery (the longest remaining stretch of the Wall) is located here. Bordering Neukölln and Kreuzberg, this district is perfect for travelers who want to be near the nightlife but also enjoy wide boulevards. It has one of the highest concentrations of the city’s young population.
- Neukölln: Berlin’s ""rising star."" Once an overlooked district, it is now the city’s most creative and cosmopolitan hub. Taking a stroll along the Landwehrkanal or spending time in the concept bars on Weserstraße is the best way to witness Berlin’s new-generation lifestyle. Choose Neukölln if you are looking for something a bit more ""underground"" and off the beaten path.
- Charlottenburg: The face of the old ""West"" Berlin. It is a more classic, wealthy, and exceptionally elegant neighborhood. Stately apartment buildings, luxury shopping (Kurfürstendamm), and the Charlottenburg Palace are all here. If you want to distance yourself from Berlin’s famous chaos and are looking for a quieter, more high-end stay, Charlottenburg is a perfect safe haven."
Berlin,4,🚲 A Noktasından B Noktasına: Bir Lokal Gibi Hareket Edin,"Berlin’de ulaşım, şehrin o devasa coğrafyasını bir örümcek ağı gibi saran, son derece dakik ve tıkır tıkır işleyen bir makine gibidir. Sarı trenler ve otobüsler, Berlin’in görsel kimliğinin ayrılmaz bir parçasıdır.

- BER Havalimanı'ndan Şehre Ulaşım: Berlin'in tek havalimanı olan BER, C bölgesindedir. Merkeze gitmek için en hızlı yol Airport Express (FEX) veya bölgesel trenlerdir (RE8, RB23). Bu trenler yaklaşık 30 dakikada ana istasyona (Hauptbahnhof) ulaşır. Alternatif olarak S9 ve S45 banliyö trenlerini de kullanabilirsiniz ancak bunlar daha fazla durakta durur. Kritik İpucu: Havalimanından merkeze gitmek için mutlaka ABC bölgesi bileti almalısınız. Sadece AB biletiyle yakalanırsanız havalimanı hattındaki kontrolörler maalesef hiç müsamaha göstermez.
- U-Bahn & S-Bahn (Şehrin Damarları): Berlin'de hayat raylar üzerinde akar. U-Bahn (Yeraltı metrosu) genellikle şehir merkezini birbirine bağlarken, S-Bahn (Banliyö treni) şehri boydan boya geçer. Ring hattı (Ringbahn) ise tüm şehri bir daire içine alır. En Kritik Kural: Bileti Onaylatın (Entwerten): Berlin istasyonlarında turnike yoktur. Ancak biletinizi istasyondaki o küçük sarı veya kırmızı makinelerde ""çıtlatmazsanız"" (damgalatmazsanız) biletiniz geçersiz sayılır. Sivil kontrolörlere yakalanmanın bedeli ""Schwarzfahren"" (biletsiz binmek) cezasıdır.
- Sarı Otobüsler ve Tramvaylar: Doğu tarafında sarı tramvaylar ana ulaşım aracınız olacak. Şehri üst kattan izlemek için 100 ve 200 numaralı otobüs hatlarını kullanın; bu hatlar neredeyse tüm turistik noktaların önünden geçer ve size en ucuz şehir turunu yaptırır.
- Berlin’de Bisiklet Bir Yaşam Biçimidir: Şehir dümdüzdür. Bir bisiklet kiralayarak Berlinli gibi hissetmek en keyifli yöntemdir. Unutmayın: Asla yaya yolunda sürmeyin ve bisiklet yolunda yürümeyin!
- Jelbi ve BVG Apps: Ulaşımı kolaylaştırmak için telefonunuza BVG Fahrinfo veya tüm araçları tek yerden yöneten Jelbi uygulamasını indirmek hayat kurtarır.
- Gece Ulaşımı: Hafta sonları tüm trenler 24 saat çalışır. Hafta içi ise ""N"" (Nacht) harfiyle başlayan gece otobüsleri devrededir; Berlin'de hiçbir zaman yolda kalmazsınız.",🚲 Getting from A to B: Move Like a Local,"Transportation in Berlin is like a clockwork machine, an intricate web that covers the city’s vast geography with absolute punctuality. The yellow trains and buses are an inseparable part of Berlin’s visual identity.

- Getting to the City from BER Airport: Berlin’s only airport, BER, is located in Zone C. The fastest way to reach the center is via the Airport Express (FEX) or regional trains (RE8, RB23). These reach the Main Station (Hauptbahnhof) in about 30 minutes. Alternatively, you can use the S9 and S45 suburban trains, though they make more stops. Critical Tip: You must purchase an ABC zone ticket to travel from the airport to the center. If you are caught with only an AB ticket, the inspectors on the airport line are notoriously unforgiving.
- U-Bahn & S-Bahn (The City’s Arteries): Life in Berlin flows on rails. The U-Bahn (subway) typically connects the inner city, while the S-Bahn (suburban train) crosses the entire metropolis. The Ringbahn (Ring line) circles the city in a complete loop. The Most Critical Rule: Validate Your Ticket (Entwerten): There are no turnstiles at Berlin stations; you can walk freely onto the platforms. However, if you don't ""validate"" (stamp) your ticket in the small yellow or red machines on the platform, your ticket is considered invalid. Being caught by undercover inspectors is called ""Schwarzfahren"" (fare dodging), and the fine is a serious matter.
- Yellow Buses and Trams: In East Berlin, yellow trams will be your primary mode of transport. For a great view of the city from the top deck, take the famous 100 and 200 bus lines; these routes pass by almost all major tourist landmarks, giving you the cheapest city tour available.
- Cycling is a Way of Life: Berlin is remarkably flat. Renting a bike to feel like a true Berliner is the most enjoyable way to get around. Just remember: Never ride on the sidewalk and never walk in the bike lane!
- Jelbi and BVG Apps: To make your travels easier, download the BVG Fahrinfo app or Jelbi, which manages all shared vehicles (bikes, scooters, taxis) in one place.
- Night Transport: On weekends, all trains run 24 hours a day. On weekdays, night buses starting with the letter ""N"" (Nacht) take over; you are never truly stranded in Berlin."
Berlin,5,🏛️ Şehrin Hafızası: Görülmesi Gereken İkonik Duraklar,"Berlin’in hafızası, üstü örtülmüş bir geçmiş değil; aksine her sokağa, her duvara ve her anıta cesurca işlenmiş bir hikayedir. Şehir, geçmişin karanlık sayfalarıyla yüzleşmekten korkmaz ve bu dürüstlük onu dünyanın en etkileyici ""açık hava müzelerinden"" biri yapar.

- Brandenburg Kapısı (Brandenburger Tor): Berlin’in ve hatta Almanya’nın en güçlü sembolüdür. Soğuk Savaş yıllarında bölünmüşlüğün simgesiyken, bugün birleşmiş Berlin’in kalbi olarak yükselir. Bu görkemli kapının önünde durmak, Avrupa tarihinin kırılma noktalarından birine dokunmak demektir.
- East Side Gallery (Berlin Duvarı): Berlin Duvarı’nın geriye kalan en uzun ve en etkileyici parçasıdır. 1.3 kilometrelik bu duvar, 1990 yılında dünyanın her yerinden gelen sanatçılar tarafından dev bir açık hava galerisine dönüştürülmüştür. Meşhur ""Kardeş Öpücüğü"" grafitisi de burada yer alır.
- Katledilen Avrupalı Yahudiler Anıtı: Brandenburg Kapısı’nın hemen yakınında, 2.711 dev beton bloktan oluşan bu devasa anıt, ziyaretçisinde derin bir kaybolmuşluk ve sessizlik hissi yaratır. Labirent benzeri yapının içinde yürürken tarihin ağırlığını hissetmemek imkansızdır.
-  Reichstag (Parlamento Binası): Alman demokrasisinin merkezidir. Binanın en tepesindeki cam kubbe, halkın siyaseti her an ""yukarıdan"" izleyebileceği şeffaflığı simgeler. Ancak bilmenizde fayda var, kubbeye çıkış ücretsizdir fakat güvenlik protokolleri nedeniyle haftalar öncesinden online kayıt yaptırmanız zorunludur.
- Museumsinsel (Müzeler Adası): Spree Nehri’nin ortasındaki bu ada, UNESCO Dünya Mirası listesindedir. Beş dev müzeye ev sahipliği yapar. Pergamon Museum (Bergama Müzesi) restorasyon nedeniyle kısmen kapalı olsa da, Neues Museum'daki efsanevi Nefertiti büstünü görmek için bile buraya vakit ayırmalısınız.
- Checkpoint Charlie: Soğuk Savaş döneminde Doğu ve Batı Berlin arasındaki en meşhur geçiş noktasıdır. Bugün biraz turistik bir görünüme sahip olsa da, ""You are leaving the American sector"" yazısını görmek o dönemin gergin atmosferini hayal etmenizi sağlar.
- Berliner Fernsehturm (Televizyon Kulesi): Alexanderplatz’da yükselen bu kule, bir zamanlar Doğu Almanya’nın (DDR) teknolojik gücünü simgeliyordu. Bugün şehrin hemen her yerinden görülen ikonik bir kerteriz noktasıdır. 360 derecelik Berlin manzarası için en doğru adrestir.",🏛️ The City's Memory: Iconic Landmarks Must-See,"Berlin’s memory is not a covered-up past; on the contrary, it is a story bravely etched into every street, wall, and monument. The city is not afraid to face the dark pages of its past, and this honesty makes it one of the world's most impressive ""open-air museums.""

- Brandenburg Gate (Brandenburger Tor): The most powerful symbol of Berlin and even Germany. While it was a symbol of division during the Cold War years, today it stands as the heart of a unified Berlin. Standing in front of this magnificent gate means touching one of the turning points of European history.
- East Side Gallery (Berlin Wall): The longest and most impressive remaining stretch of the Berlin Wall. This 1.3-kilometer wall was transformed into a giant open-air gallery in 1990 by artists from all over the world. The famous ""Fraternal Kiss"" graffiti is also located here.
- Memorial to the Murdered Jews of Europe: Located right near the Brandenburg Gate, this massive monument consisting of 2,711 giant concrete blocks creates a deep sense of loss and silence for the visitor. It is impossible not to feel the weight of history while walking through its labyrinth-like structure.
- Reichstag (Parliament Building): The center of German democracy. The glass dome at the very top of the building symbolizes transparency, where the public can watch politics from ""above"" at any time. However, it is useful to know: Entry to the dome is free, but online registration weeks in advance is mandatory due to security protocols.
- Museumsinsel (Museum Island): Located in the middle of the Spree River, this island is a UNESCO World Heritage site. It hosts five massive museums. Even though the Pergamon Museum (Bergama Müzesi) is partially closed for restoration, you should dedicate time here just to see the legendary Nefertiti bust in the Neues Museum.
- Checkpoint Charlie: The most famous crossing point between East and West Berlin during the Cold War era. Although it has a somewhat touristy appearance today, seeing the ""You are leaving the American sector"" sign allows you to imagine the tense atmosphere of that period.
- Berliner Fernsehturm (Television Tower): Rising in Alexanderplatz, this tower once symbolized the technological power of East Germany (DDR). Today, it is an iconic landmark visible from almost anywhere in the city. It is the perfect spot for a 360-degree view of Berlin."
Berlin,6,"🍴 Şehrin Lezzet Haritası: Currywurst ve Ötesiı, Sokak Lezzetlerinin Başkenti","Berlin’de gastronomi, sokaktaki bir büfeden fine-dining bir restorana kadar aynı ciddiyetle ele alınır. Gösterişten uzak ama son derece doyurucu, pratik ve şehrin çok kültürlü yapısını yansıtan bir karaktere sahip olan bu mutfaktan yemek yemek; bir yanda Prusya’dan kalan geleneksel tatlar, diğer yanda ise dünyanın dört bir yanından gelen göçmenlerin getirdiği aromalar arasında bir yolculuktur.

- Currywurst: Berlin’in en ikonik atıştırmalığıdır. Dilimlenmiş sosisin üzerine bolca dökülen domates sosu ve köri tozundan oluşan bu basit ama lezzetli yemek, şehrin her köşe başındaki büfelerde karşınıza çıkar. Özellikle Curry 36 veya Konnopke’s Imbiß bu işin klasikleşmiş adresleridir. ""Mit veya ohne Darm"" (bağırsaklı veya bağırsaksız) seçeneklerinden birini seçip yanına patates kızartması eklemeyi unutmayın.
- Berlin Usulü Döner Kebab: Evet, dönerin ana vatanı Türkiye olabilir ama ""ekmek arası döner"" bugünkü modern formunu Berlin’de almıştır. Berlin döneri, içine eklenen taze sebzeler ve özel soslarıyla (knoblauch, kräuter, scharf) kendine has bir ekole sahiptir. Mustafas Gemüsekebab önündeki bitmeyen kuyruk bu lezzetin en popüler kanıtıdır; ancak mahalle aralarındaki pek çok dönerci de sizi şaşırtacak kadar iyidir.
- Schnitzel: Berlin’de devasa tabaklarda sunulan, incecik dövülmüş ve altın sarısı renginde kızartılmış bir şnitzel yemeden dönmek olmaz. Özellikle Scheers Schnitzel gibi hızlı ve salaş mekanlarda ya da daha geleneksel restoranlarda bu çıtır lezzetin tadına varabilirsiniz.
- Berliner (Pfannkuchen): İçi genellikle reçel veya marmelatla dolu, üzerine pudra şekeri serpilmiş bu meşhur Alman çöreği, Berlin’in en sevilen tatlısıdır. JFK'in o meşhur ""Ich bin ein Berliner"" sözüne de ilham olan bu tatlıyı herhangi bir fırından (Bäckerei) taze taze alabilirsiniz.
- Späti Kültürü & Wegbier: Berlin’de içecek kültürü sadece barlarda değil, sokaktadır. Späti (geç saatlere kadar açık bakkal) önlerinde veya parklarda, elinde bir şişe birayla (""Wegbier"" - yol birası) yürüyen insanlar Berlin'in ayrılmaz bir parçasıdır. Yerel halkın favorisi olan uygun fiyatlı biraları deneyebilir ve şişeyi çöpün yanına bırakarak Pfand kültürüne katkıda bulunabilirsiniz.
- Kaffee & Kuchen (Kahve ve Kek): Almanların en sevdiği ritüellerden biridir. Berlin’in özellikle Kreuzberg ve Neukölln bölgelerindeki üçüncü dalga kahvecilerde, el yapımı taze pastalar eşliğinde bu kültürü modern bir şekilde deneyimleyebilirsiniz.
- Eisbein: Eğer geleneksel ve ağır bir Alman akşam yemeği arıyorsanız, haşlanmış domuz paçası olan Eisbein’ı yanında sauerkraut (ekşitilmiş lahana) ve bezelye ezmesi ile deneyebilirsiniz. Bu, Berlin’in eski Prusya ruhunu tabakta hissetmek isteyenler içindir.","🍴 A Taste of the City: Currywurst and Beyond, The Capital of Street Food","In Berlin, gastronomy is treated with the same level of seriousness whether at a street-side stall or a fine-dining restaurant. Unpretentious yet incredibly satisfying, practical, and reflective of the city’s multicultural fabric, eating here is a journey between traditional Prussian flavors and the diverse aromas brought by immigrants from all over the world.

- Currywurst: Berlin’s most iconic snack. Consisting of sliced sausage topped with a generous amount of tomato sauce and curry powder, this simple yet delicious dish can be found at stalls on almost every street corner. Curry 36 or Konnopke’s Imbiß are classic spots for this. Don’t forget to choose between ""Mit veya ohne Darm"" (with or without skin) and add a side of fries.
- Berlin-Style Doner Kebab: Yes, the homeland of doner might be Turkey, but the ""doner in bread"" took its modern form in Berlin. Berlin doner has its own unique style, featuring fresh vegetables and special sauces (knoblauch - garlic, kräuter - herb, scharf - spicy). The endless queue in front of Mustafas Gemüsekebab is the most popular proof of this craze, but many local shops in the neighborhoods are just as surprising and delicious.
- Schnitzel: You can’t leave Berlin without eating a thinly pounded, golden-brown fried schnitzel served on a massive plate. You can enjoy this crispy delight at fast and casual spots like Scheers Schnitzel or at more traditional restaurants.
- Berliner (Pfannkuchen): This famous German pastry, usually filled with jam or marmalade and dusted with powdered sugar, is Berlin’s favorite sweet treat. You can get it fresh from any bakery (Bäckerei). This is also the pastry that inspired JFK’s famous line, ""Ich bin ein Berliner.""
- Späti Culture & Wegbier: In Berlin, drinking culture isn’t just for bars—it’s on the streets. People walking through parks or in front of a Späti (a late-night convenience store) with a bottle of beer in hand (""Wegbier"" - road beer) are an inseparable part of Berlin. You can try the affordable local beers favored by residents and contribute to the Pfand culture by leaving the bottle next to the trash bin.
- Kaffee & Kuchen (Coffee & Cake): One of the most beloved German rituals. You can experience this culture in a modern way at third-wave coffee shops, especially in the Kreuzberg and Neukölln districts, accompanied by fresh handmade cakes.
- Eisbein: If you are looking for a traditional and heavy German dinner, try Eisbein—a boiled pork knuckle served with sauerkraut (pickled cabbage) and pea puree. This is for those who want to feel the old Prussian spirit of Berlin on their plate."
Berlin,7,🤫 Şehrin Fısıldadıkları: Lokal Sırlar,"Berlin’in gerçek ruhu, turistik broşürlerin parlatılmış sayfalarında değil; eski bir havalimanı pistinin rüzgarında, bir bit pazarının kaosunda veya bir kanal köprüsünün üzerindeki o ""anı durdurma"" hissinde gizlidir.

- Tempelhofer Feld (Özgürlüğün Koordinatları): Burası sadece bir park değil, devasa bir özgürlük alanıdır. Eski bir havalimanı pistinde bisiklet sürmek, paten kaymak veya sadece o devasa boşlukta piknik yapmak, Berlin’in neden ""özgür"" bir şehir olduğunu anlamanızı sağlar. Gökyüzünün bu kadar geniş göründüğü başka bir Avrupa başkenti bulmak zordur.
- Mauerpark’ta ""Bearpit Karaoke"": Pazar günleri Berlin’in kalbi burada atar. Bit pazarının kalabalığından sıyrılıp amfitiyatroya gidin. Yüzlerce insanın önünde cesaretini toplayıp şarkı söyleyen amatörleri izlemek ve o kolektif neşeye ortak olmak, Berlin’in kusurları seven ruhunun en somut halidir.
- Admiralbrücke’de Gün Batımı: Kreuzberg’in o samimi atmosferini yaşamak için gün batımında bu köprüye gidin. Elinizde bir ""Wegbier"" (yol birası) ile köprünün üzerine oturun, sokak müzisyenlerini dinleyin ve nehir kenarında sosyalleşen Berlinlilerin arasına karışın. Bu, şehrin en ""gezellig"" (samimi) ve lokal anıdır.
- Teufelsberg (Şeytan Tepesi): Soğuk Savaş döneminden kalma terk edilmiş bir dinleme istasyonudur. Şehrin üzerine çöken bu devasa grafitili kuleler, hem inanılmaz bir Berlin manzarası hem de ürpertici ama büyüleyici bir sanat galerisi sunar. Berlin’in yeraltı tarihini tepeden görmek gibidir.
- Klunkerkranich: Neukölln’de bir alışveriş merkezinin otopark katının en üstünde saklı bir vaha. Burası hem bir topluluk bahçesi hem de Berlin’in en havalı çatı barıdır. Girişi biraz saklıdır ama terasına çıktığınızda Berlin kiremitleri üzerinden batan güneş size tüm yorgunluğunuzu unutturur.

⚠️ Güvenlik İpucu: Berlin genel olarak güvenli bir şehir olsa da, Kottbusser Tor (Kotti) ve Görlitzer Park çevresi gece geç saatlerde tekinsizleşebilir. Bu bölgelerde yankesiciliğe karşı uyanık olun ve eşyalarınıza sahip çıkın. Berlin dürüsttür ama kalabalık içinde tedbiri elden bırakmamak her zaman iyidir.",🤫 Whispers of the City: Local Secrets,"Berlin’s true soul isn't hidden in the polished pages of tourist brochures; it’s found in the breeze of an old airport runway, the chaos of a flea market, or that ""stop the moment"" feeling atop a canal bridge.

- Tempelhofer Feld (The Coordinates of Freedom): This isn’t just a park; it’s a vast expanse of freedom. Cycling on an old airport runway, skating, or simply picnicking in that immense void helps you understand why Berlin is truly a ""free"" city. It’s hard to find another European capital where the sky feels this wide.
- ""Bearpit Karaoke"" at Mauerpark: Berlin’s heart beats here on Sundays. Step away from the flea market crowds and head to the amphitheater. Watching amateurs gather their courage to sing in front of hundreds and joining that collective joy is the most tangible form of Berlin’s love for the imperfect.
- Sunset at Admiralbrücke: To experience the intimate atmosphere of Kreuzberg, head to this bridge at sunset. Grab a ""Wegbier"" (road beer), sit on the bridge stones, listen to street musicians, and mingle with the locals socializing by the river. This is the city’s most ""gezellig"" (cozy/intimate) and authentic moment.
- Teufelsberg (Devil’s Mountain): An abandoned listening station from the Cold War era. These massive, graffiti-covered towers looming over the city offer an incredible view and serve as an eerie yet fascinating art gallery. It’s like seeing Berlin’s underground history from a bird’s eye view.
- Klunkerkranich: A hidden oasis tucked away on the top floor of a shopping mall parking garage in Neukölln. It’s part community garden and part Berlin’s coolest rooftop bar. The entrance is a bit hidden, but once you’re on the terrace, the sunset over Berlin’s red-tiled roofs will make you forget all your fatigue.

⚠️ Safety Tip: While Berlin is generally a safe city, the areas around Kottbusser Tor (Kotti) and Görlitzer Park can become sketchy late at night. Stay vigilant against pickpockets in these areas and keep an eye on your belongings. Berlin is honest, but it’s always wise to stay cautious in crowded places."
Berlin,8,✅ Mutlaka Yapmadan Dönme: Berlin Checklist,"- East Side Gallery’de Tarihe Dokun: Berlin Duvarı’nın kalan en uzun parçasındaki o meşhur grafitileri (özellikle ""Kardeş Öpücüğü"") inceleyerek yürü, özgürlüğün kıymetini bir kez daha anla ve fotoğraf çekerek anılarına kaydetmeyi unutma. 
- Currywurst & Berlin Döneri İkilisiyle Vedalaş: Berlin’in bu iki ""resmi"" lezzetini tatmadan şehri terk etme. Curry 36’da sosisini ye, vaktin varsa Mustafa’s Gemüsekebab kuyruğuna gir (veya herhangi bir mahalle dönercisinde o özel sosların tadına bak).
- Tempelhofer Feld’de Anı Durdur: Eski bir havalimanı pistinde yürümenin, bisiklet sürmenin veya gün batımını devasa bir boşlukta izlemenin o eşsiz özgürlük hissini yaşa.
- Späti & Wegbier Kültürüne Karış: Bir ""Späti""den (mahalle bakkalı) içeceğini al, Berlinlilerle birlikte kaldırıma veya parkın çimlerine çök. Bitince şişeni çöpün yanına bırakıp Pfand (depozito) geleneğine uyum sağla.
- Yahudi Anıtı’nda Sessizliği Dinle: O devasa beton blokların arasında yürürken oluşan derin sessizliği ve tarihin ağırlığını hisset; Berlin’in geçmişiyle yüzleşme biçimine şahit ol.
- İkonik Fotoautomat’larda Anı Bırak: Şehrin dört bir yanına dağılmış olan o eski, analog ve siyah-beyaz fotoğraf kabinlerine gir. 4 karelik o nostaljik fotoğraf şeridi, Berlin’den alabileceğin en güzel ve en ucuz hediyelik olacak.
- Reichstag Kubbesinden Şehre Bak: Alman parlamentosunun o muazzam cam kubbesine çık (biletini haftalar öncesinden almayı unutma!) ve şehri 360 derece izle.
- Kreuzberg Sokak Sanatını Keşfet: Duvarlardaki devasa grafitileri ve her köşe başındaki ""Sticker"" sanatını incele; Berlin’in neden dünyanın sokak sanatı başkenti olduğunu anla.
- Taze Bir Berliner (Pfannkuchen) Ye: Bol reçelli ve pudra şekerli bu meşhur çöreği yerel bir fırından alıp afiyetle ye.
- Kırmızı Işık Disiplinine Uyum Sağla: Gece yarısı, sokak bomboş olsa bile yayalar için kırmızı yanıyorsa dur. Bir Berlinli gibi davranmanın en temel kuralı budur!",✅ The Berlin Checklist: Don't Leave Without Doing These,"- Touch History at the East Side Gallery: Walk along the longest remaining stretch of the Berlin Wall, examine the famous graffiti (especially the ""Fraternal Kiss""), realize the value of freedom once again, and don't forget to capture the moment with photos to record your memories.
- Say Your Farewells with Currywurst & Berlin Doner: Don’t leave the city without tasting these two ""official"" flavors of Berlin. Grab a sausage at Curry 36, and if you have the time, join the legendary queue at Mustafa’s Gemüsekebab (or simply enjoy those special sauces at any local neighborhood doner shop).
- Freeze Time at Tempelhofer Feld: Experience the unique sense of freedom that comes from walking or cycling on an old airport runway, or simply watching the sunset in that massive, open void.
- Blend into the Späti & Wegbier Culture: Pick up a drink from a ""Späti"" (neighborhood convenience store) and sit on the sidewalk or the park grass alongside the locals. Once finished, leave your bottle next to the trash bin to follow the Pfand (deposit) tradition.
- Listen to the Silence at the Jewish Memorial: Feel the deep silence and the weight of history as you walk through those massive concrete blocks; witness Berlin’s profound way of confronting its own past.
- Leave a Memory in the Iconic Fotoautomats: Step into the old, analog, black-and-white photo booths scattered throughout the city. That nostalgic 4-frame photo strip will be the most beautiful and affordable souvenir you can take home.
- Look Over the City from the Reichstag Dome: Climb the magnificent glass dome of the German Parliament (remember to book your tickets weeks in advance!) and take in a 360-degree view of the city.
- Discover Kreuzberg Street Art: Examine the massive murals on the walls and the ""sticker art"" on every corner; you’ll quickly understand why Berlin is the street art capital of the world.
- Eat a Fresh Berliner (Pfannkuchen): Grab one of these famous pastries, filled with jam and dusted with powdered sugar, fresh from a local bakery and enjoy every bite.
- Follow the Red Light Discipline: Even at midnight on an empty street, stop if the light is red for pedestrians. This is the most fundamental rule of acting like a true Berliner!"
Bologna,1,Bologna: Gastronominin ve Bilginin Kızıl Başkenti,"Hızlı Bakış: İtalya’nın ""gurme"" kalbine, kırmızının her tonuna ve Avrupa’nın en eski üniversite ruhuna hoş geldin! Bologna, İtalyanlar tarafından üç lakapla anılır: ""La Grassa"" (Şişman - efsanevi mutfağı için), ""La Rossa"" (Kırmızı - binalarının rengi ve siyasi geçmişi için) ve ""La Dotta"" (Bilgin - dünyanın en eski üniversitesine ev sahipliği yaptığı için). Şehirde gökyüzünü görmek için başınızı kaldırdığınızda karşınıza çıkan o meşhur Porticolar (revaklar), UNESCO koruması altındadır ve yağmurlu bir günde bile ıslanmadan tüm şehri gezmenizi sağlar.

Kritik Bir Mutfak Uyarısı: Sakın bir restorana girip ""Spaghetti Bolognese"" istemeyin! Bologna’da bu yemeğin adı Tagliatelle al Ragù’dur ve ince spagetti yerine geniş şerit makarnayla servis edilir; bu yerel bir onur meselesidir. Şehir, Floransa’nın gölgesinde kalmış gibi görünse de aslında İtalya’nın en gerçek ve turistik tuzaklardan en uzak köşelerinden biridir. Akşamüstü olduğunda Piazza Maggiore çevresindeki dar sokaklarda (Quadrilatero) bir masaya çöküp, yerel halkla birlikte ""Aperitivo"" saatine katılmak Bologna’nın yazılmamış yaşam yasasıdır.",Bologna: The Red Capital of Gastronomy & Knowledge,"Quick Glance: Welcome to Bologna — Italy’s ""gourmet"" heart, to every shade of red, and to the soul of Europe’s oldest university! Bologna is known by Italians by three distinct nicknames: ""La Grassa"" (The Fat - for its legendary cuisine), ""La Rossa"" (The Red - for the terracotta hue of its buildings and its political history), and ""La Dotta"" (The Learned - for hosting the oldest university in the western world). When you look up to catch a glimpse of the sky, you’ll see the famous Porticos (arcades); these are under UNESCO protection and allow you to explore the entire city without getting wet, even on a rainy day.

A Critical Culinary Warning: Don’t you dare walk into a restaurant and ask for ""Spaghetti Bolognese""! In Bologna, this iconic dish is called Tagliatelle al Ragù and is strictly served with wide ribbon pasta rather than thin spaghetti—this is a true matter of local pride. While the city may seem to sit in the shadow of Florence, it is actually one of Italy’s most authentic corners, farthest from the typical tourist traps. When evening falls, pulling up a chair in the narrow streets around Piazza Maggiore (the Quadrilatero) and joining the locals for ""Aperitivo"" hour is the unwritten law of life in Bologna."
Bologna,2,📅 Takviminizi Ayarlayın: Hangi Mevsim Sizin?,"Bologna, İtalya’nın kuzeyindeki konumu ve vadi yapısı nedeniyle her mevsimde farklı bir karakter sunar. Şehrin o meşhur ""kırmızı"" tonlarını en iyi hangi ışıkta görmek istediğinize karar vermeniz yeterli.

- İlkbahar (Nisan - Haziran): Bologna’nın ""altın çağı""dır. Hava sıcaklığı ne terletir ne de üşütür; portikoların altında uzun yürüyüşler yapmak için mükemmeldir. Şehrin üniversite ruhu bu dönemde meydanlarda (Piazza) en canlı halindedir.
- Yaz (Temmuz - Ağustos): Dikkat! Bologna bir vadide yer aldığı için yaz aylarında hava oldukça nemli ve sıcak (İtalyanların tabiriyle afa) olabilir. Ağustos ayında yerel halk tatile çıktığı için bazı küçük dükkanlar kapanabilir; ancak Piazza Maggiore’de kurulan devasa açık hava sineması (Sotto le Stelle del Cinema) bu mevsimin en büyüleyici deneyimidir.
- Sonbahar (Eylül - Ekim): Tam bir gurme mevsimidir. Trüf mantarı, yeni hasat şaraplar ve taze makarnaların kokusu tüm sokakları sarar. Şehrin kırmızı ve turuncu binaları, dökülen yapraklarla birleşerek harika bir fotoğraf karesine dönüşür.
- Kış (Kasım - Mart): Bologna kışın sisli, bazen karlı ama her zaman çok atmosferiktir. Hava soğudukça, Bologna’nın o meşhur ağır ve lezzetli yemekleri (özellikle sıcak et suyunda yüzen Tortellini in Brodo) çok daha anlamlı hale gelir. Noel döneminde kurulan pazarlar ise şehre masalsı bir hava katar.",📅 Timing is Everything: Which Season is Yours?,"Due to its location in Northern Italy and its valley structure, Bologna offers a different character each season. You just need to decide under which light you want to see the city’s famous ""red"" hues.

- Spring (April - June): This is Bologna’s ""golden age."" The temperature is neither too hot nor too cold—perfect for long walks under the porticos. The university spirit is at its most vibrant in the piazzas during this time.
- Summer (July - August): Be careful! Since Bologna is in a valley, the air can get quite humid and hot (afa, as the Italians call it) in summer. In August, many locals head to the coast, so some small shops might close. However, the giant open-air cinema in Piazza Maggiore (Sotto le Stelle del Cinema) is the most enchanting experience of this season.
- Autumn (September - October): A true gourmet season. The scent of truffles, newly harvested wines, and fresh pasta fills every street. The city’s red and orange buildings blend with falling leaves to create the perfect photo op.
- Winter (November - March): Bologna in winter is foggy, sometimes snowy, but always very atmospheric. As the weather cools, the city’s famous hearty dishes—especially Tortellini in Brodo (dumplings in hot broth)—become even more soul-warming. The Christmas markets add a fairytale touch to the city."
Bologna,3,🏠Nerede Kalmalı: Mahalle Rehberi,"Bologna’da mahalleler, orta çağ dokusunun modern öğrenci enerjisiyle harmanlandığı alanlardır. Nerede kaldığınız, sabah dışarı çıktığınızda kendinizi bir pazar yerinin ortasında mı yoksa sessiz bir avluda mı bulacağınızı belirler.

- Centro Storico (Tarihi Merkez): Bologna’nın kalbi ve ruhu burasıdır. Piazza Maggiore ve İki Kule’ye birkaç adım mesafede uyanmak istiyorsanız en doğru tercihtir. Bu bölgede konaklamak, her sabah UNESCO tescilli revakların altında yürüyerek güne başlamak ve şehrin en eski pazar yerlerine anında ulaşmak demektir. Tarihi doku büyüleyicidir ancak merkezi konumu nedeniyle fiyatlar şehrin geneline göre daha yüksektir ve bazı dar sokaklar akşamları hareketli restoranlar yüzünden biraz gürültülü olabilir.
- Bolognina (Küçük Bologna): Tren istasyonunun hemen arkasında yer alan bu bölge, Bologna’nın modern ve çok kültürlü yüzüdür. Eskiden işçi sınıfının yaşadığı bir mahalleyken, şimdilerde sanat galerileri, hipster kafeleri ve alternatif gece hayatıyla şehrin en ""trendy"" noktasına dönüşmüştür. Şehir merkezine göre konaklama fiyatları çok daha uygundur ve ana istasyona yakınlığı sayesinde çevre şehirlere (Floransa, Venedik gibi) günübirlik gitmek isteyenler için stratejik bir noktadır.
- Via Zamboni ve Üniversite Bölgesi: Dünyanın en eski üniversitesine ev sahipliği yapan bu bölge, günün her saati enerji doludur. Eğer bütçeniz kısıtlıysa ve şehrin bohem, genç ve biraz ""asi"" ruhunu yaşamak istiyorsanız burası tam size göredir. Duvarlardaki grafitiler, ucuz ama lezzetli dilim pizzacılar ve her köşe başında bir şeyler tartışan öğrencilerle çevrili olursunuz. Ancak uyaralım; burası Bologna’nın en gürültülü bölgesidir ve gece hayatı sabaha kadar devam eder.
- Costa-Saragozza: Şehrin daha nezih, yeşil ve sakin yüzünü arıyorsanız rotanızı Saragozza tarafına çevirmelisiniz. Şehir merkezinin hemen batısında kalan bu bölge, yerel ailelerin tercih ettiği şık bir yerleşim yeridir. Meşhur San Luca bazilikasına çıkan o devasa revaklı yolun başladığı yer burasıdır. Şehir merkezine kısa bir yürüyüş veya otobüs yolculuğu mesafesindedir; gürültüden uzak ama şehre bağlı bir deneyim sunar.",🏠 Where to Stay: Neighborhood Guide,"In Bologna, neighborhoods are areas where medieval texture blends with modern student energy. Where you stay determines whether you'll find yourself in the middle of a market or in a quiet courtyard when you step out in the morning.

- Centro Storico (Historic Center): This is the heart and soul of Bologna. If you want to wake up just a few steps away from Piazza Maggiore and the Two Towers, this is the best choice. Staying in this area means starting your day by walking under UNESCO-listed porticos and reaching the city's oldest markets instantly. The historical texture is enchanting, but due to its central location, prices are higher than the rest of the city, and some narrow streets can be a bit noisy in the evenings because of lively restaurants.
- Bolognina (Little Bologna): Located right behind the train station, this area is the modern and multicultural face of Bologna. Once a working-class neighborhood, it has now transformed into the city's trendiest spot with art galleries, hipster cafes, and alternative nightlife. Accommodation prices are much more affordable than the city center, and its proximity to the main station makes it a strategic point for day trips to surrounding cities like Florence or Venice.
- Via Zamboni and the University District: Home to the world's oldest university, this area is full of energy at all hours. If you're on a budget and want to experience the bohemian, young, and somewhat ""rebellious"" spirit of the city, this is the place for you. You'll be surrounded by graffiti on the walls, cheap but delicious slice-pizza shops, and students debating on every corner. But be warned: this is the noisiest part of Bologna, and the nightlife continues until morning.
- Costa-Saragozza: If you're looking for a more refined, green, and quiet side of the city, head towards Saragozza. Located just west of the city center, this area is a stylish residential district preferred by local families. This is where the massive porticoed road leading to the famous San Luca Basilica begins. It's a short walk or bus ride to the city center, offering an experience away from the noise but still well-connected."
Bologna,4,🚲 A Noktasından B Noktasına: Bir Lokal Gibi Hareket Edin,"Bologna, kelimenin tam anlamıyla yürümek için yaratılmış bir şehir. Şehri çepeçevre saran revaklar sayesinde ne kavurucu güneş ne de ani bastıran yağmur keşif keyfini bölüyor. Bu yüzden şemsiyesiz çıkıp gönül rahatlığıyla dolaşabileceğin nadir şehirlerden biri.

Havalimanından Şehir Merkezine: Bologna Havalimanı’ndan (BLQ) şehir merkezine ulaşmanın en pratik yolu Marconi Express monoray hattı. Bu hatla ana tren istasyonuna yaklaşık 7 dakikada ulaşılıyor. Tek yön bilet 12,8 €, gidiş–dönüş ise 23,3 €. Biletle uğraşmak istemezsen, turnikelerde kredi kartını okutarak doğrudan geçiş yapmak da mümkün. Hızlı, net ve zahmetsiz bir başlangıç.
- Revakların Altında Yürüme Kültürü: Bologna’da şehri keşfetmenin en iyi yolu yürümek. UNESCO tescilli, toplamda 40 kilometreyi bulan revaklar (portico) sayesinde hava durumunu dert etmeden dolaşabiliyorsun. Şehir merkezi oldukça kompakt bir yapıda; en uzak noktalar bile çoğu zaman birbirine 20 dakikalık yürüme mesafesinde. Bu da plan yapmadan, canın nereye isterse oraya saparak gezmeyi mümkün kılıyor.
- Otobüsler ve San Luca Express: Açık konuşmak gerekirse, şehir merkezi için çoğu zaman toplu taşımaya ihtiyacın olmuyor. Yine de daha uzak mahallelere gitmek ya da San Luca Bazilikası’nı görmek istersen sarı renkli TPER otobüsleri işini görür. Bileti önceden alırsan 1,5 € ve 75 dakika boyunca geçerli; otobüs içinde alırsan ücret 2 €. Tepeye yürümek yerine daha konforlu bir seçenek arıyorsan, Piazza Maggiore’den kalkan San Luca Express ile yaklaşık 12 € karşılığında bazilikaya ulaşmak da mümkün.
- İtalya’nın Tren Kavşağı: Bologna’nın en büyük avantajlarından biri Bologna Centrale’nin konumu. Burası adeta İtalya’nın demiryolu kalbi. Buradan kalkan hızlı trenlerle Floransa’ya 35 dakikada, Milano’ya 1 saatte, Venedik’e ise yaklaşık 1,5 saatte ulaşabiliyorsun. Bu ulaşım kolaylığı, Bologna’yı Kuzey İtalya’yı gezmek isteyenler için oldukça stratejik bir konaklama üssüne dönüştürüyor.
- Araçla Gelecekler İçin Küçük Bir Not: Şehir merkezine araçla girmek pek iyi bir fikir değil. Merkez, sıkı şekilde denetlenen ZTL (Sınırlı Trafik Bölgesi) içinde yer alıyor ve cezalar ciddi. En mantıklı seçenek, aracı merkezin hemen dışındaki otoparklara — örneğin Parcheggio Tanari — bırakıp şehre otobüsle geçmek. Hem bütçeyi hem de tatil keyfini koruyan bir çözüm.",🚲 Getting from A to B: Move Like a Local,"Bologna is quite literally a city made for walking. Thanks to the porticos encircling the city, neither the scorching sun nor sudden rain can ruin the joy of discovery. It’s one of those rare places where you can step out without an umbrella and wander with absolute peace of mind.

- From the Airport to the City Center: The most practical way to reach the center from Bologna Airport (BLQ) is the Marconi Express monorail. This line reaches the main train station in about 7 minutes. A single ticket is €12.8, and a return is €23.3. If you don’t want to bother with tickets, you can simply tap your credit card at the turnstiles for direct access. It’s a fast, clear, and effortless start.
- The Culture of Walking Under Porticos: The absolute best way to discover Bologna is on foot. Thanks to the UNESCO-listed porticos totaling 40 kilometers, you can wander without worrying about the weather. The city center is incredibly compact; even the furthest points are often within a 20-minute walk of each other. This makes it possible to explore without a plan, turning wherever you feel like.
- Buses and the San Luca Express: To be honest, you rarely need public transport for the city center. However, if you want to head to more distant neighborhoods or see the San Luca Basilica, the yellow TPER buses will do the trick. If you buy the ticket in advance, it’s €1.5 and valid for 75 minutes; on the bus, it costs €2. If you’re looking for a more comfortable option than walking up the hill, you can reach the basilica with the San Luca Express from Piazza Maggiore for about €12.
- Italy’s Railway Crossroads: One of Bologna’s greatest advantages is the strategic location of Bologna Centrale. It is essentially the heart of Italy’s railway system. From here, high-speed trains can take you to Florence in 35 minutes, Milan in 1 hour, and Venice in about 1.5 hours. This ease of transport turns Bologna into a perfect home base for anyone wanting to explore Northern Italy.
- A Small Note for Drivers: Driving into the city center is not a good idea. The center is located within a strictly enforced ZTL (Limited Traffic Zone), and the fines are serious. The most sensible option is to leave your car in parking lots just outside the center—such as Parcheggio Tanari—and take a bus into the city. It’s a solution that protects both your budget and your holiday vibe."
Bologna,5,🏛️ Şehrin Hafızası: Görülmesi Gereken İkonik Duraklar,"Bologna’nın ruhu; kızıl tuğlalı duvarların, bin yıllık revakların ve her adımda hissedilen o derin akademik atmosferin birleşimidir. Burası bir açık hava müzesinden ziyade, her sokağı yaşanmışlık kokan, yaşayan bir tarih kitabıdır.

- Piazza Maggiore ve Fontana del Nettuno: Şehrin ""oturma odası""dır. Dev fontanadaki Neptün Heykeli, Bologna’nın gücünü simgeler. Meydanda durup çevrenizdeki orta çağ binalarına baktığınızda zamanın durduğunu hissedersiniz. Hemen yanındaki Basilica di San Petronio ise dünyanın en büyük kiliselerinden biridir; dış cephesinin yarım kalmış olması ona bambaşka bir karakter katar.
- Le Due Torri (İki Kule): Bologna’nın simgesi olan bu kuleler, orta çağın ""gökdelenleri""dir. Asinelli Kulesi’ne tırmanmak biraz kondisyon gerektirse de (498 basamak!), tepeden göreceğiniz o uçsuz bucaksız ""kırmızı şehir"" manzarası her zahmete değer. Diğer kule Garisenda ise eğikliğiyle meşhurdur ve güvenliğiniz için sadece uzaktan izlenmelidir.
- Archiginnasio ve Anatomik Tiyatro: Dünyanın en eski üniversitesinin ilk merkez binasıdır. Koridorlarındaki binlerce hanedan arması ve tamamen ahşaptan yapılmış, eskiden tıp derslerinin verildiği Anatomik Tiyatro sizi büyüleyecek. Burası bilginin ve tarihin iliklerinize kadar işlediği bir noktadır.
- Finestrella di Via Piella (Küçük Venedik): Bologna’nın en tatlı sürprizidir. Duvarın ortasındaki küçük bir pencereyi açtığınızda karşınıza binaların arasından geçen gizli bir kanal çıkar. Bir an için kendinizi Venedik’te sanabilirsiniz; bu kanal orta çağ Bologna'sının ticari canlılığından kalan son izlerden biridir.
- Basilica di Santo Stefano (Sette Chiese): Yedi Kilise olarak da bilinir. Aslında iç içe geçmiş yedi farklı dini yapının birleşiminden oluşan labirentimsi bir komplekstir. Sessiz avluları ve mistik havasıyla şehrin en huzurlu köşesidir.
- Santuario di San Luca: Şehri kuşbakışı izlemek isteyenler için bir hac yoludur. Dünyanın en uzun revaklı yolu (yaklaşık 4 km ve 666 kemer) boyunca yürüyerek tepeye ulaşırsınız. Yürümek istemeyenler için minik tren ""San Luca Express"" bir kurtarıcıdır.

Küçük Bir Not: Bologna'nın gizemini çözmek isterseniz yerel halkın efsaneleşmiş 7 Sırrı'nı kovalamalısınız:
- Neptün’ün Parmak Hilesi: Heykele belirli bir açıdan bakıldığında oluşan görsel yanılsama.
- Archiginnasio’daki Fısıltı Köşesi: Tonozun çapraz köşelerinde birbirini duyan fısıltılar.
- Corte Isolani’deki Üç Ok: Ahşap tavanın içinde saplı kalmış gizemli oklar.
- Asinelli Kulesi'ndeki Kırık Vazo: Kulenin tepesinde duran, çatışmayı simgeleyen vazo.
- ""Panis Vita"" Yazısı: İki Kule yakınlarındaki ""Ekmek Hayattır"" yazılı tarihi tabela.
- Via Piella'daki Pencere: Küçük Venedik olarak bilinen kanal manzarası.
-San Petronio'daki Güneş Saati: Kilise içindeki dünyanın en uzun meridyen hattı.",🏛️ The City's Memory: Iconic Landmarks Must-See,"Bologna’s soul is a fusion of red brick walls, millennial porticos, and a profound atmosphere felt at every turn. More than an open-air museum, it is a living history book where every street carries the scent of centuries past. Walking between medieval towers and porticos, you witness Europe’s deep intellectual heritage.

- Piazza Maggiore and Fontana del Nettuno: This is the city’s ""living room."" The Neptune Statue in the giant fountain symbolizes Bologna’s power. Standing in the square, surrounded by medieval buildings, you feel as if time has stopped. The adjacent Basilica di San Petronio is one of the world's largest churches; its unfinished facade gives it a unique and distinct character.
- Le Due Torri (The Two Towers): These icons of Bologna are the ""skyscrapers"" of the Middle Ages. Climbing the Asinelli Tower requires some stamina (498 steps!), but the endless view of the ""red city"" from the top is worth every effort. The other tower, Garisenda, is famous for its lean and should only be viewed from a distance for safety.
- Archiginnasio and the Anatomical Theatre: The original seat of the world's oldest university. You will be mesmerized by the thousands of coats of arms in the corridors and the Anatomical Theatre, made entirely of wood, where medical lectures were once held. This is where history and knowledge seep into your very bones.
- Finestrella di Via Piella (Little Venice): Bologna's sweetest surprise. Opening a small window in the wall reveals a hidden canal flowing between the buildings. For a moment, you might think you’re in Venice; this canal is one of the last traces of medieval Bologna's commercial vitality.
- Basilica di Santo Stefano (Sette Chiese): Also known as the Seven Churches. It is a labyrinthine complex consisting of seven different religious structures intertwined. With its quiet courtyards and mystical aura, it is the most peaceful corner of the city.
- Santuario di San Luca: A pilgrimage path for those wanting a bird's-eye view of the city. You reach the top by walking along the world's longest porticoed path (about 4 km and 666 arches). For those who prefer not to walk, the ""San Luca Express"" mini-train is a lifesaver.

Just So You Know: If you want to solve the mystery of Bologna, you must chase the legendary 7 Secrets of the locals:
- Neptune’s Finger Trick: A visual illusion created when the statue is viewed from a specific angle.
- The Whispering Corner at Archiginnasio: Hearing whispers from across the diagonal corners of the vault.
- The Three Arrows at Corte Isolani: Mysterious arrows stuck in the high wooden ceiling.
- The Broken Vase on Asinelli Tower: A vase atop the tower symbolizing past conflicts.
- The ""Panis Vita"" Inscription: A historic sign near the Two Towers stating ""Bread is Life.""
- The Window on Via Piella: The famous canal view known as Little Venice.
- The Meridian Line in San Petronio: The longest meridian line (sundial) in the world inside the church."
Bologna,6,🍴 Şehrin Lezzet Haritası: Gastronominin Başkenti,"Bologna'da yemek yemek, bir ihtiyaç değil sanki bir ayin. ""Şişman"" (La Grassa) lakabını boşuna almamıştır; burası İtalyan mutfağının kutsal topraklarıdır. Burada her tarif bir miras, her sofra bir hikayedir.

- Tortellini in Brodo: Bologna’nın mutlak imzasıdır. Efsaneye göre Venüs'ün göbek deliğinden ilham alınarak şekillendirilen bu minik mantılar, sabırla hazırlanan el yapımı taze et suyunda servis edilir. İçindeki mortadella, jambon ve parmesan dengesiyle her kaşıkta şehri tadarsınız.
- Tagliatelle al Ragù: O meşhur sosun ana vatanındasınız. Ancak unutmayın; burada ""Bolognese"" sadece turistler içindir, gerçeği Ragù'dur. Geniş, taze ve yumurtalı tagliatelle, ağır ateşte saatlerce pişen kıymalı sosla öyle bir bütünleşir ki, makarnanın dokusu sosu adeta hapseder.
- Mortadella (Bologna): Şehrin dünyaya en büyük hediyesidir. Orta Çağ'dan beri aynı titizlikle hazırlanan, fıstıklı ve karabiberli bu efsanevi şarküteri ürününü mutlaka yerinde tadın. İncecik, kağıt gibi dilimlenmiş bir mortadella, Bologna’nın en sade ama en görkemli lezzetidir.
- Lasagna Verde: Ispanaklı hamurla yapılan yeşil katmanlar, Bologna’ya has Ragù ve ipeksi beşamel sosun buluşmasıyla ""orijinal"" lazanya tanımını yeniden yapar. Kat kat lezzet fışkıran bu yemek, Bologna evlerinin pazar ritüelidir.
- Cotoletta alla Bolognese (Petroniana): Milano usulü pirzolanın çok daha zengin bir versiyonudur. Önce kızartılan, ardından üzerine Parma jambonu ve erimiş parmesan eklenerek et suyunda demlendirilen bu yemek, şehrin ""şişman"" lakabını neden hak ettiğinin en somut kanıtıdır.
- Sfogline Kültürü: Bologna sokaklarında yürürken camların ardında hamur açan kadınları görürsünüz. Onlar ""Sfogline""dir; şehrin yaşayan tarihçileridir. Sadece un ve yumurtayla mucizeler yaratan bu kadınların elinden çıkan taze makarnalar, Bologna'nın gerçek ruhunu temsil eder.
- Quadrilatero ve Pazarlar: Piazza Maggiore'nin hemen yanındaki bu eski pazar bölgesi, şehrin kalbidir. Dar sokaklardaki tarihi şarküterilerde (Salumeria) peynir tabaklarıyla kendinizden geçebilir, Mercato di Mezzo'da yerel şaraplar eşliğinde tadım yapabilirsiniz.

Hap Bilgi: Akşam yemeği İtalya genelinde olduğu gibi geç başlar ama Bologna'da öğleden sonra ""Aperitivo"" saati kutsaldır. Osteria del Sole gibi 1465'ten beri açık olan mekanlarda, kendi yemeğinizi yanınızda getirip sadece şarap alarak yüzyıllık bir geleneğe ortak olabilirsiniz.",🍴 A Taste of the City: The Capital of Gastronomy,"Eating in Bologna is not just a necessity; it feels like a sacred ritual. The city didn't earn the nickname ""The Fat"" (La Grassa) for nothing; this is the holy ground of Italian cuisine. Here, every recipe is a legacy, and every table tells a story.

- Tortellini in Brodo: Bologna’s absolute signature. Legend has it that these tiny dumplings were shaped to resemble Venus's navel. They are served in a patiently prepared, handmade fresh meat broth. With the perfect balance of mortadella, ham, and parmesan inside, you taste the city in every spoonful.
- Tagliatelle al Ragù: You are in the birthplace of that world-famous sauce. But remember: here, ""Bolognese"" is only for tourists; the authentic version is Ragù. Wide, fresh egg tagliatelle binds so perfectly with the meat sauce—slow-cooked for hours—that the texture of the pasta practically traps the sauce.
- Mortadella (Bologna): The city’s greatest gift to the world. Prepared with the same meticulous care since the Middle Ages, you must taste this legendary deli meat—enriched with pistachios and black pepper—right at its source. Sliced paper-thin, it is Bologna’s simplest yet most magnificent flavor.
- Lasagna Verde: Made with spinach-infused green layers of dough, paired with authentic Bolognese Ragù and silky béchamel sauce, this redefines the ""original"" lasagna. Bursting with layers of flavor, this dish is a Sunday ritual in Bolognese homes.
- Cotoletta alla Bolognese (Petroniana): A much richer version of the Milanese cutlet. First breaded and fried, then topped with Prosciutto di Parma and melted parmesan before being simmered in meat broth, this dish is the most concrete proof of why the city deserves its ""Fat"" nickname.
- Sfogline Culture: Walking through the streets of Bologna, you’ll see women rolling out dough behind glass windows. They are the ""Sfogline""—the living historians of the city. These women create miracles using only flour and eggs, and their fresh pasta represents the true soul of Bologna.
- Quadrilatero and Markets: This ancient market district next to Piazza Maggiore is the city's heart. You can lose yourself in the historical Salumerias (delis) in these narrow alleys with cheese platters or enjoy tastings with local wines at Mercato di Mezzo.

💡 Quick Tip: Dinner starts late, as is common across Italy, but the ""Aperitivo"" hour in the afternoon is sacred in Bologna. At places like Osteria del Sole, which has been open since 1465, you can participate in a centuries-old tradition by bringing your own food and simply ordering a glass of wine."
Bologna,7,🤫 Şehrin Fısıldadıkları: Lokal Sırlar,"Bologna’yı sadece görmek yetmez; onun labirent gibi sokaklarında kaybolup duvarların fısıldadığı o küçük detayları yakalamanız gerekir. Şehrin turistik maskesinin ardındaki gerçek ruh, genellikle bu küçük ama etkileyici hikayelerde gizlidir.

- Palazzo del Podestà’nın Fısıldayan Köşeleri: Piazza Maggiore’de, Palazzo del Podestà’nın hemen altındaki açık galeride sizi fizik kurallarına meydan okuyan bir sürpriz bekler. Buradaki dört köşeli kemerin çapraz köşelerine iki kişi geçtiğinde, sırtınızı dönüp duvara fısıldadığınız her kelimenin diğer köşedeki kişi tarafından net bir şekilde duyulduğunu fark edeceksiniz. Orta Çağ'da cüzzamlıların günah çıkarması için tasarlandığı söylenen bu akustik mucize, günümüzde şehrin en sevilen fısıltı köşesidir.
- Finestrella di Via Piella (Küçük Venedik): Bologna’nın en tatlı ve gizli sürprizi Via Piella üzerindeki o meşhur küçük penceredir. Sıradan bir duvarın üzerindeki bu pencereyi araladığınızda, binaların arasından süzülen gizli bir kanalla karşılaşırsınız. Bir an için kendinizi Venedik’teymiş gibi hissettiren bu manzara, Orta Çağ Bologna'sının ticari canlılığını sağlayan ve günümüzde binaların altında kalan kanal ağının yüzeye çıktığı nadir anlardan biridir.
- San Petronio'nun Tamamlanmamış Cephesi: Şehrin kalbindeki Basilica di San Petronio’ya baktığınızda, alt yarısının mermer üst yarısının ise kaba tuğla olduğunu görürsünüz. Bu yarım kalmışlık, aslında Bologna’nın hırsının bir belgesidir. Kilisenin Vatikan’daki Aziz Petrus Bazilikası’ndan daha büyük olması planlanmış, ancak Papa bu ihtişamı durdurmak için fonları üniversite binasına (Archiginnasio) kaydırmıştır. Bu yüzden kilise yüzyıllardır o ikonik, ""bitmemiş"" ve samimi haliyle şehri selamlar.
- Teleskop Etkisi ve San Michele in Bosco: Şehre tepeden bakmak için harika bir alternatif olan San Michele in Bosco manastırı, mimari bir illüzyona ev sahipliği yapar. Manastırın uzun koridorunun sonundaki pencereye doğru yürüdüğünüzde, uzaktaki Asinelli Kulesi’nin size doğru yaklaştığını ve büyüdüğünü görürsünüz. ""Teleskop etkisi"" olarak bilinen bu optik oyun, şehri bir tablo gibi izlemenizi sağlar.
- Osteria del Sole’nin Asırlık Geleneği: Bologna’da gerçek yerel sosyalleşmenin adresi, 1465'ten beri açık olan Osteria del Sole'dir. Bu mekanın dünyada eşi benzeri az bulunan kuralı ise şudur: İçeride sadece içecek satılır, yemeğinizi yanınızda getirirsiniz. Yakındaki pazar yerinden mortadellanızı ve peynirinizi alıp bu asırlık tahta masalarda yerel halkla omuz omuza oturmak, Bologna hayatına dokunmanın en samimi yoludur.",🤫 Whispers of the City: Local Secrets,"Seeing Bologna is not enough; you must get lost in its labyrinthine streets and catch the small details whispered by its walls. The true spirit of the city, hidden behind its tourist mask, often lies in these small but fascinating stories.

- The Whispering Corners of Palazzo del Podestà: In the open gallery right under the Palazzo del Podestà in Piazza Maggiore, a surprise that defies the laws of physics awaits you. When two people stand at the diagonal corners of the four-cornered vault, they discover that every word whispered into the wall is clearly heard by the person at the opposite corner. Said to have been designed in the Middle Ages for lepers to confess their sins, this acoustic miracle is now the city's favorite whispering gallery.
- Finestrella di Via Piella (Little Venice): Bologna's sweetest secret is the famous small window on Via Piella. When you open this window on an ordinary-looking wall, you are met with a hidden canal flowing between the buildings. Making you feel like you're in Venice for a moment, this view is one of the rare instances where the canal network—which provided medieval Bologna's commercial vitality and now remains hidden under the buildings—surfaces.
- The Unfinished Facade of San Petronio: Looking at the Basilica di San Petronio in the heart of the city, you’ll notice the bottom half is marble while the top half remains rough brick. This unfinished state is actually a testament to Bologna's ambition. The church was planned to be larger than St. Peter's Basilica in the Vatican, but the Pope diverted the funds to the university building (Archiginnasio) to halt this grandeur. Thus, the church has greeted the city with its iconic, ""unfinished"" and humble state for centuries.
- The Telescope Effect and San Michele in Bosco: The monastery of San Michele in Bosco, a great alternative for a bird's-eye view of the city, hosts an architectural illusion. As you walk toward the window at the end of the monastery's long corridor, the distant Asinelli Tower appears to move closer and grow larger. Known as the ""telescope effect,"" this optical trick allows you to view the city like a living painting.
- The Century-Old Tradition of Osteria del Sole: The true address for local socializing in Bologna is Osteria del Sole, which has been open since 1465. This establishment has a rule that is rare in the world: they only sell drinks, and you bring your own food. Buying your mortadella and cheese from the nearby market and sitting shoulder-to-shoulder with locals at these ancient wooden tables is the most authentic way to experience Bolognese life."
Bologna,8,✅ Mutlaka Yapmadan Dönme: Bologna Checklist,"- Tagliatelle al Ragù'nun Gerçeğini Tat: Bir yerel ""Osteria""ya otur ve sakın spagetti isteme; o geniş, taze yumurtalı makarnanın orijinal ağır ateş sosuyla (Ragù) nasıl bir bütün oluşturduğuna şahit ol.
- Asinelli Kulesi’ne Tırman: 498 basamağı göze alıp zirveye ulaştığında, ayaklarının altına serilen o uçsuz bucaksız ""kırmızı şehir"" manzarasını izleyerek yorgunluğunu unut.
- San Luca’nın 666 Kemerini Arşınla: Dünyanın en uzun revaklı yolunu sonuna kadar yürüyerek bazilikaya ulaş; revakların seni bir koridor gibi saran mistik ruhunu hisset.
- Sırların Peşine Düş ve Kanalı Gör: Finestrella penceresinden binaların arasından süzülen gizli kanalı dikizle, Palazzo del Podestà’nın köşelerinde fizik kurallarına meydan okuyan fısıldaşmalara ortak ol.
- Quadrilatero’da Şarküteri Tadımı Yap: Dar sokaklardaki tarihi dükkanlardan taze Mortadella al; bir kadeh yerel şarap eşliğinde hazırlanan o meşhur peynir ve tadım tabaklarıyla kendinden geç.
- Santo Stefano’da Kahve Molası Ver: ""Yedi Kilise"" kompleksi olarak bilinen bu büyüleyici meydanda kahveni yudumla ve ardından iç içe geçmiş orta çağ kiliselerinin sessiz avlularında kaybol.
- Archiginnasio’da Tarihe Dokun: Dünyanın en eski üniversitesinin tamamen ahşap anatomi dersliğine gir ve o dönemlerde tıp biliminin hangi atmosferde doğduğunu hayal et.
- Akşamı Piazza Maggiore’de Mühürle: Gün batarken meydandaki revakların altına otur, Neptün Heykeli’ne karşı şehrin o kendine has ritmini izleyerek zamanı bir süreliğine durdur.
- Modena’ya Küçük Bir Kaçamak Yap: Trenle sadece 20 dakikada komşu şehir Modena’ya geçerek orijinal balzamik sirke tadımı yap ve İtalya'nın ""Motor Vadisi""nin ruhunu kokla",✅ The Bologna Checklist: Don’t Leave Without...,"- Taste the Authentic Tagliatelle al Ragù: Sit down in a local ""Osteria"" and skip the spaghetti; witness how those wide, fresh egg pasta ribbons perfectly embrace the original slow-cooked meat sauce (Ragù).
- Climb the Asinelli Tower: Brave the 498 steps to the summit and engrave the breathtaking, endless view of the ""red city"" into your memory.
- Walk the 666 Arches of San Luca: Trek to the hilltop basilica through the world’s longest porticoed path and feel the protective, mystical soul of the arcades.
- Chase the Secrets and Find the Canal: Peer through the small Finestrella window to see the hidden canal and head to Palazzo del Podestà to join in the physics-defying whispers at its corners.
- Indulge in a Charcuterie Tasting at the Quadrilatero: Pick up some fresh Mortadella from the historic delis in the narrow alleys and lose yourself in the famous cheese and tasting platters paired with a glass of local wine.
- Have a Coffee Break at Santo Stefano: Sip your coffee in the enchanting square of the ""Seven Churches"" and wander through the silent courtyards of the interconnected medieval structures.
- Touch History at the Archiginnasio: Step into the all-wooden anatomical theatre of the world’s oldest university and imagine the atmosphere where medical science first took root.
- Seal the Evening at Piazza Maggiore: As the sun sets, find a spot under the porticos in the square and stop time for a while as you watch the city’s unique rhythm unfold before the Statue of Neptune.
- Take a Quick Trip to Modena: Hop on a 20-minute train to the neighboring city of Modena for an authentic balsamic vinegar tasting and a breath of the ""Motor Valley"" spirit."
Londra,1,"Londra: Tarih, Kraliyet ve Kaosun Dengesi","Hızlı Bakış: Eski kraliyet binaları ile camdan dev gökdelenlerin, ciddi protokoller ile renkli sokak sanatının iç içe geçtiği çok büyük ve canlı bir şehirdir. Thames Nehri’nin iki yakasına yayılmış bu şehir, aslında her biri kendi karakterine sahip onlarca farklı ""köyün"" (Soho, Chelsea, Shoreditch gibi) birleşimidir. Burası size bazen gri bir sabahın sakinliğini, bazen de dünyanın en hareketli restoranlarının enerjisini aynı anda sunar. Londra’yı gerçekten tanımak için sadece saraylara bakmak yetmez; çift katlı kırmızı bir otobüsün üst katına çıkıp şehri izlemek, Hyde Park’ta sincaplarla yürümek, o meşhur devasa dönme dolaptan şehre tepeden bakmak ve klasikleşmiş belkide kırmızı telefon kulübelerinde ikonik bir fotoğraf çekilmek. Her sokakta o eski tarihi dokuyu hissetmek, Londra deneyiminin asıl parçasını oluşturacak. 

📝 Gitmeden Önce Bilmenizde Fayda Var:
- Vize ve Sınırlar: Unutmayın, Londra Birleşik Krallık’ın bir parçasıdır ve Schengen vizesi burada geçmez. Buraya gelmek için kendi özel Birleşik Krallık vizesini almanız gerekir. Pasaport kontrolü bazen uzun kuyruklar demek olabilir ve beklediğinizden uzun sürebilir, sabrınızı yanınıza alın.
- Priz ve Enerji: İngilizlerin meşhur ""muhafazakarlığı"" prizlerinde de sürer. Avrupa tipi ikili prizler burada iş görmez; Type G denilen o üç uçlu, heybetli İngiliz tipi dönüştürücü (adaptör) yanınızda değilse ilk durağınız bir market olacaktır.
- Nakit Paraya Elveda: Londra, dünyanın en ""nakitsiz"" (cashless) şehirlerinden biridir. Cebinizde Sterlin (£) banknotlar taşımak yerine, temassız kredi kartınız veya Apple/Google Pay’iniz en büyük yardımcınız olacak. Otobüsten kahveye kadar her şeyi ""tap & go"" (okut ve geç) yöntemiyle halledebilirsiniz.
- Hava Durumu: Londra'da hava durumu sadece bir tahmin değil, beş dakikada bir değişen bir ruh halidir. Sabah güneşine aldanıp evden çıkmak risklidir; ""layers"" (kat kat giyinmek) burada bir moda akımı değil, bir hayatta kalma taktiğidir. En önemlisi de, çantanızda her zaman küçük bir şemsiye bulundurmak sizi aniden bastıran yağmurlardan koruyacak minik bir tavsiyedir.","London: The Balance of History, Royalty and Chaos","Quick Glimpse: London is a massive and vibrant city where old royal buildings and modern glass skyscrapers, formal protocols and colorful street art live side by side. Spreading across both sides of the Thames, this city is actually a collection of dozens of different ""villages"" (like Soho, Chelsea, and Shoreditch), each with its own distinct character. It offers the calm of a gray morning and the energy of the world's most bustling restaurants at the same time. To truly know London, just looking at palaces isn't enough; you need to hop on the top deck of a red double-decker bus, walk with the squirrels in Hyde Park, gaze at the city from the top of the massive Ferris wheel, and perhaps snap an iconic photo in those classic red telephone booths. Feeling the historic atmosphere in every street will be the heart of your London experience.

📝 Good to Know Before You Go:
- Visa and Borders: Remember, London is part of the UK, and a Schengen visa is not valid here. You need to obtain a specific UK Standard Visitor Visa. Passport control can sometimes involve long queues and take longer than expected, so make sure to bring your patience along.
- Plugs and Power: The famous British ""conservatism"" extends to their power outlets. European-style two-pin plugs will not work here; if you don’t have a Type G three-pronged adapter, your first stop will be a local convenience store.
- Say Goodbye to Cash: London is one of the most ""cashless"" cities in the world. Instead of carrying Pound (£) banknotes, your contactless credit card or Apple/Google Pay will be your best friend. You can handle everything from buses to coffee with the ""tap & go"" method.
- Weather: In London, the weather isn't just a forecast; it’s a mood that shifts every five minutes. Trusting the morning sun is risky; dressing in ""layers"" is not just a fashion trend here—it’s a survival tactic. Most importantly, a little tip: always keep a small umbrella in your bag to protect yourself from those sudden rain showers."
Londra,2,📅 Takviminizi Ayarlayın: Hangi Mevsim Sizin?,"Londra'nın her mevsimi size bambaşka bir hikaye anlatır. Gri gökyüzü bu şehrin imzası olsa da, her ayın kendine has bir tadı ve aktivitesi var. Ne zaman gideceğinize karar vermeniz aslında sadece nasıl bir atmosferin içinde olmak bağlı.

- İlkbahar (Mart - Mayıs): Şehrin uyanmaya başladığı, parkların o meşhur çiçeklerle dolduğu zamanlar. Hyde Park veya Richmond Park’ta yürürken her yerin rengarenk olduğunu görebilirsiniz. Hava biraz serin olabilir ve o ""minik tavsiyemiz"" olan şemsiyeye en çok bu aylarda ihtiyacınız olur, ama yürüyerek şehri keşfetmek için en güzel dönemlerden biridir.
- Yaz (Haziran - Ağustos): Londra’nın en enerjik ve tabii ki en kalabalık olduğu dönem. Güneşin akşam saat 9’dan sonra batması size upuzun günler kazandırır. Parklarda piknik yapan yerelleri izlemek, açık hava festivallerine katılmak ve nehir kenarında uzun yürüyüşler yapmak için idealdir. Sadece biraz kalabalığa hazırlıklı olun.
- Sonbahar (Eylül - Kasım): Şehrin o meşhur turuncu, kızıl ve sarı renklere büründüğü, belki de en fotojenik zamanı. Hafif puslu havası Londra’nın o eski ruhuna çok yakışıyor. Müzeleri gezmek, yorulduğunuzda sıcak bir pub’a sığınmak ve dökülen yapraklar arasında yürümek size gerçek bir Londra filminin içindeymişsiniz gibi hissettirir.
- Kış (Aralık - Şubat): Hava erken kararır ve soğuktur, ama Aralık ayında Londra bir ışık denizine dönüşür. Oxford Street’in ışıkları, devasa Noel pazarları ve Hyde Park’taki ""Winter Wonderland"" eğlencesiyle şehir çok masalsı bir havaya bürünür. Ocak ve Şubat ayları daha sakin ve ekonomiktir; müze meraklılarındansanız siizin için en ideal zamanlardan.",📅 Timing is Everything: Which Season is Yours?,"Every season in London tells you a completely different story. Even though the gray sky is the city's signature, every month has its own flavor and activity. Deciding when to go really just depends on what kind of atmosphere you want to be in.

Spring (March - May): The time when the city begins to wake up and the parks fill with those famous flowers. You can see colors everywhere while walking in Hyde Park or Richmond Park. The weather can be a bit chilly, and you’ll need our ""little tip""—the umbrella—the most during these months, but it’s one of the best times to discover the city on foot.

Summer (June - August): London’s most energetic and, of course, most crowded period. The sun setting after 9 PM gives you extra-long days. It’s ideal for watching locals picnic in the parks, attending outdoor festivals, and taking long walks by the river. Just be prepared for a bit of a crowd.

Autumn (September - November): When the city turns into those famous orange, red, and yellow colors—perhaps its most photogenic time. The slightly misty air really suits London’s old soul. Visiting museums, taking refuge in a warm pub when you’re tired, and walking among falling leaves makes you feel like you’re inside a real London movie.

Winter (December - February): The days get dark early and it’s cold, but in December, London turns into a sea of lights. With the lights of Oxford Street, massive Christmas markets, and ""Winter Wonderland"" in Hyde Park, the city takes on a fairytale feel. January and February are quieter and more budget-friendly; if you're a museum lover, this is the ideal time for you."
Londra,3,🏠Nerede Kalmalı: Mahalle Rehberi,"Londra'da konaklama seçerken en önemli kural, metro (The Tube) hattına yakın olmaktır. Ancak mahallelerin kendi havası, sabah uyandığınızda göreceğiniz manzarayı ve hissedeceğiniz enerjiyi tamamen değiştirir.

- Covent Garden & Soho (Şehrin Kalbi): Eğer ""her şeyin tam ortasında olayım, kapıdan çıktığımda tiyatrolara, restoranlara ve alışveriş caddelerine yürüyerek gideyim"" diyorsanız burası sizin yeriniz. Şehrin en canlı, en hareketli noktasıdır. Ancak biraz gürültülü ve diğer bölgelere göre daha pahalı olabileceğini unutmayın.
- South Kensington & Chelsea (Zarafet ve Müzeler): Daha şık, sakin ve geniş caddeler arıyorsanız burayı çok seveceksiniz. Doğal Tarih Müzesi ve Victoria & Albert Müzesi gibi dev noktalara yürüme mesafesindedir. Özellikle çocuklu aileler ve sessizlik arayanlar için harika, nezih bir bölgedir.
- Shoreditch & Hoxton (Havalı ve Sanat Dolu): Londra’nın ""cool"" yüzünü görmek istiyorsanız rotanız Doğu Londra olmalı. Sokak sanatları, butik dükkanlar, tasarım pazarları ve hareketli gece hayatıyla burası gençlerin ve yaratıcı kitlenin favorisidir. Şehir merkezine göre biraz daha farklı ve modern bir atmosferi vardır.
- Paddington & Marylebone (Pratik ve Şık): Özellikle Heathrow Havalimanı'ndan trenle (Heathrow Express) gelecekseniz Paddington çok pratiktir. Marylebone tarafı ise şık kafeleri ve Hyde Park’a komşu olmasıyla hem her yere yakın hem de çok huzurlu bir seçenektir.
- Southbank & Bankside (Manzara ve Nehir Havası): Thames Nehri’ne karşı uyanmak, nehir kenarında yürüyüş yaparak güne başlamak isterseniz burası harika. London Eye ve Tate Modern gibi yerlere çok yakın olursunuz. Akşamları nehir kıyısındaki ışıklar altında yürümek paha biçilemezdir.",🏠 Where to Stay: Neighborhood Guide,"Since London is so large and every area is so different, where you choose to stay really depends on what kind of vacation you want. As we mentioned, the city is made up of ""villages"" with their own characters, and your location will set the tone for your London story.

- Covent Garden & Soho (Heart of the City): If you want to be ""right in the middle of everything"" and walk to theaters, restaurants, and shopping streets the moment you step outside, this is the place for you. It’s the most vibrant part of the city. Just keep in mind that it can be a bit noisy and more expensive than other areas.
- South Kensington & Chelsea (Elegance and Museums): If you are looking for more stylish, quiet, and wide streets, you will love it here. It's within walking distance of major spots like the Natural History Museum and the V&A. It’s a wonderful, upscale area, especially for families and those seeking peace.
- Shoreditch & Hoxton (Cool and Artistic): If you want to see the ""cool"" side of London, head to East London. With its street art, boutique shops, design markets, and lively nightlife, this is a favorite for the younger and creative crowd. It has a more modern and different vibe compared to the city center.
- Paddington & Marylebone (Practical and Stylish): Paddington is very practical, especially if you’re coming from Heathrow Airport by train (Heathrow Express). The Marylebone side, with its chic cafes and proximity to Hyde Park, is a peaceful yet central option.
- Southbank & Bankside (Views and River Vibe): If you want to wake up facing the River Thames and start your day with a stroll along the water, this is a great choice. You’ll be very close to the London Eye and the Tate Modern. Walking along the river under the lights in the evening is priceless."
Londra,4,🚲 A Noktasından B Noktasına: Bir Lokal Gibi Hareket Edin,"Londra’da ulaşım sadece bir yerden bir yere gitmek değil, şehrin ruhunu hissetmektir. Dünyanın en eski metro ağında yolculuk yaparken veya kırmızı bir otobüsün üst katından sokağı izlerken şu ipuçları hayatınızı kolaylaştıracak:

- Havalimanından Şehre İlk Adım: Londra'da hangi havalimanına indiğiniz, şehre ulaşım maliyetinizi ve sürenizi belirler. Heathrow için en akıllıca yol mor renkli Elizabeth Line’dır; hem hızlıdır hem de pahalı Express trenlerden çok daha ucuzdur (Ortalama £13.30). Gatwick’ten geliyorsanız, ""Gatwick Express"" yerine normal trenleri (Southern veya Thameslink) kullanarak neredeyse aynı sürede daha ucuza şehre varabilirsiniz (Ortalama £12-£15). Stansted ve Luton için otobüsler (National Express) bütçe dostudur (Ortalama £6-£11) ama tren her zaman daha konforludur. Lokal Trick: Tren biletlerinizi ""Trainline"" gibi uygulamalardan veya online olarak günler öncesinden alırsanız, istasyondaki fiyata göre çok daha karlı çıkarsınız.
- ""Tap & Go"" (Okut ve Geç): Londra ulaşımında nakit paranın yeri yoktur. Otobüse veya metroya binerken bilet almanıza gerek yok; temassız kredi kartınızı, telefonunuzdaki Apple/Google Pay’i veya bir Oyster Card’ı okutmanız yeterli. (Metro tek yön ücreti Zone 1-2 için yaklaşık £2.80-£3.40 arasıdır).
- Günlük Limit (Daily Cap) Avantajı: En güzel yanlarından biri budur. Gün içinde ne kadar çok yolculuk yaparsanız yapın, sistem sizden belli bir miktardan (günlük limit) fazlasını çekmez. Yani bir noktadan sonra tüm yolculuklarınız bedavaya gelir. (Zone 1-2 için günlük limit yaklaşık £8.50'dir; bu rakama ulaştıktan sonraki tüm basışlar ücretsizdir).
- Çok Günlük Kartlar ve 7 Günlük Travelcard: Londra'da artık özel 3 veya 5 günlük kartlar pek kullanılmıyor çünkü ""Daily Cap"" (günlük limit) zaten en ekonomik yolu sunuyor. Ancak 5 günden fazla kalacaksanız, herhangi bir istasyondaki makinelerden alabileceğiniz bir Oyster Card'a 7 Günlük Travelcard yüklemek en mantıklısıdır (Zone 1-2 için yaklaşık £42.70). Oyster Card'ın kendisi için £7 depozito ödenir ama bu kart ömür boyu geçerlidir.
- The Tube (Metro) ve ""Mind the Gap"": Metro, Londra'nın en hızlı ulaşım aracıdır. Her yerde duyacağınız ""Mind the Gap"" (Boşluğa dikkat edin) anonsu buranın simgesidir. Hatların renklerini takip ederek istediğiniz her yere kolayca ulaşabilirsiniz.
- Kırmızı Otobüsler: Kısa mesafeler için otobüsler harikadır. Eğer vaktiniz varsa, en ön sıradaki koltuğa oturun; size en ucuzundan muhteşem bir şehir turu yaptıracaktır. Unutmayın, otobüslere sadece ön kapıdan binilir ve inerken kartınızı tekrar okutmanıza gerek yoktur. (Otobüs tek biniş ücreti sabit £1.75'tir).
- Yürüyen Merdiven Kuralı (Altın Kural): Eğer Londra’da bir lokal gibi görünmek istiyorsanız, yürüyen merdivenlerde mutlaka sağda durun. Sol taraf, acelesi olup koşanlar içindir; solda durursanız hafif bir uyarı alabilirsiniz.
- Uber Boat (Thames Clippers): Ulaşımı bir keyfe dönüştürmek isterseniz nehir teknelerini kullanın. Metro ile aynı kartlarla ödeme yapabilirsiniz. Nehir üzerinden şehri izleyerek gitmek, trafiğe girmekten çok daha ferah bir seçenektir. (Tek yön yaklaşık £10 civarıdır).
- Citymapper Uygulaması: Google Maps iyidir ama Londra için en iyi navigasyon Citymapper’dır. Hangi metro çıkışından çıkmanız gerektiğini bile söyler, mutlaka telefonunuza indirin.
- Yürümek Bazen Daha Hızlıdır: Bazı duraklar birbirine o kadar yakındır ki (mesela Leicester Square ve Covent Garden), metroya inip binmek yürümekten daha uzun sürer. Kısa mesafelerde şehrin o güzel sokaklarının tadını çıkararak yürüyün.",🚲 Getting from A to B: Move Like a Local,"Transportation in London is not just about getting from place to place; it’s about experiencing the city’s vibe. Whether you’re traveling on the world’s oldest underground network or watching the world go by from the top of a red bus, these tips will make your life much easier:

- First Step from the Airport: Which airport you land at determines your cost and time for getting to the city. For Heathrow, the smartest choice is the purple Elizabeth Line; it's fast and much cheaper than the expensive Express trains (Approx. £13.30). If coming from Gatwick, choose regular trains (Southern or Thameslink) instead of the ""Gatwick Express""—you'll arrive in almost the same time for less money (Approx. £12-£15). For Stansted and Luton, buses (National Express) are budget-friendly (Approx. £6-£11), but trains are always more comfortable. Local Trick: If you buy your train tickets via apps like ""Trainline"" or online days in advance, you’ll save a significant amount compared to the station price.
- Tap & Go: There is no place for cash in London’s transport system. You don’t need to buy a ticket for the bus or the Tube; just tap your contactless credit card, Apple/Google Pay, or an Oyster Card. (A single Tube journey in Zone 1-2 is around £2.80-£3.40).
- The Daily Cap Advantage: This is one of the best parts. No matter how many journeys you make in a day, the system won't charge you more than a certain amount (the daily cap). This means after a certain point, all your travels are essentially free. (The Daily Cap for Zone 1-2 is approx. £8.50; once you reach this, all further taps are free).
- Multi-day Passes and the 7-Day Travelcard: Specific 3-day or 5-day cards are rarely used anymore because the ""Daily Cap"" provides the best value. However, if staying for more than 5 days, it’s smartest to load a 7-Day Travelcard onto an Oyster Card at any station machine (Approx. £42.70 for Zone 1-2). There is a £7 non-refundable fee for the Oyster Card itself, but it lasts a lifetime.
- The Tube and ""Mind the Gap"": The Underground is the fastest way to get around London. The famous ""Mind the Gap"" announcement you’ll hear everywhere is an icon of the city. Just follow the colors of the lines to get anywhere you want.
- Red Double-Decker Buses: Buses are great for short distances. If you have time, sit in the very front seat on the top deck; it’s the cheapest city tour you’ll ever get. Remember, you enter the bus from the front door only, and there’s no need to tap out when you get off. (The single bus fare is fixed at £1.75).
- The Golden Rule of Escalators: If you want to look like a local, always stand on the right on escalators. The left side is for people in a rush; if you stand on the left, you might get a polite reminder.
- Uber Boat (Thames Clippers): To turn your journey into a scenic trip, use the river boats. You can pay with the same cards as the Tube. Watching the city from the river is a much fresher option than sitting in traffic. (A single journey is approx. £10).
- Citymapper App: Google Maps is fine, but Citymapper is the ultimate navigation tool for London. It even tells you which station exit to use, so make sure to download it.
- Walking is Sometimes Faster: Some stations are so close to each other (like Leicester Square and Covent Garden) that going down into the Tube and back up actually takes longer than walking. Enjoy the beautiful streets and walk short distances instead."
Londra,5,🏛️ Şehrin Hafızası: Görülmesi Gereken İkonik Duraklar,"Londra’nın sokaklarında yürürken aslında katman katman bir tarihin üzerinde yürürsünüz. Bu listedeki her durak, şehrin o devasa hafızasında ayrı bir sayfayı temsil ediyor. İşte Londra’yı Londra yapan ve mutlaka ziyaret etmeniz gereken o yerler:

- The City ve Roma Surları: Londra’nın başladığı yer burası. Finans merkezinin göbeğinde, modern binaların arasında 2000 yıllık Roma surlarının kalıntılarını görebilir, şehrin ilk temellerine dokunabilirsiniz.
- Londra Kulesi (Tower of London): 1066’dan beri ayakta olan bu kale; saray, hapishane ve hatta hayvanat bahçesi olarak kullanılmış. Kraliyet mücevherlerini görüp meşhur kuzgunların hikayesini bizzat yerinde dinlemelisiniz.
- Westminster Abbey: Bin yılı aşkın kraliyet geleneklerinin merkezi. Kralların taç giydiği, evlendiği ve ebedi uykusuna yattığı bu muazzam yapı, İngiliz tarihinin en görkemli şahididir.
- The Monument (Büyük Yangın Anıtı): 1666 Büyük Yangını'nın anısına yapılan bu devasa sütuna tırmanabilirsiniz. Yangının başladığı noktaya olan mesafesi kadar uzun olan bu anıt, şehrin küllerinden doğuşunun simgesidir.
- Aziz Paul (St. Paul’s) Katedrali: Yangın sonrası inşa edilen, devasa kubbesiyle Londra silüetinin vazgeçilmezi. Katedralin içindeki ""Fısıltı Galerisi""ne çıkıp akustiği bizzat deneyimlemelisiniz.
- Parlamento Binası ve Big Ben: Viktorya döneminin ihtişamını göreceğiniz, İngiliz demokrasisinin kalbi. O meşhur saat kulesinin sesini Thames kenarında yürürken duymak gerçek bir Londra klasiğidir.
- Buckingham Sarayı: Kraliyet ailesinin resmi evi. Özellikle kapısındaki nöbet değişimi törenini (Changing of the Guard) izlemek, yüzyıllardır süregelen bir disipline tanıklık etmenizi sağlar.
- British Museum: Dünyanın her köşesinden getirilmiş hazinelerin toplandığı yer. İnsanlık tarihinin en önemli parçalarını (Rosetta Taşı gibi) bir arada görebileceğiniz, devasa ve büyüleyici bir durak.
- Little Venice ve Regent’s Canal: Sanayi Devrimi’nin su yolları bugün huzurlu birer rota. Burada kanallar arasında yürüyebilir veya teknelerle nehrin o sakin ve nostaljik yüzünü görebilirsiniz.
- Greenwich ve Kraliyet Gözlemevi: Zamanın merkezi burası. Başlangıç meridyeni çizgisinin (Prime Meridian) üzerinde durup, bir ayağınızla doğuda diğer ayağınızla batıda olma hissini yaşamalısınız.
- Shakespeare's Globe Theatre: Thames kıyısındaki bu tiyatro, orijinaline sadık kalınarak yeniden inşa edilmiş bir sanat mabedi. Shakespeare’in oyunlarını o günkü atmosferde izlemek benzersiz bir deneyim.
- Churchill War Rooms: İkinci Dünya Savaşı’nın (The Blitz) yönetildiği yeraltı sığınakları. Savaşın o zorlu günlerinin nasıl geçtiğini bizzat yerin altında hissedebileceğiniz etkileyici bir müze.
- Abbey Road ve Carnaby Street: Müzik ve modanın kalbi. Beatles’ın o meşhur yaya geçidinde yürüyüp, 60’ların ruhunu yansıtan renkli Carnaby sokaklarında kaybolmalısınız.
- Camden Town ve Pazarları: Londra’nın çok kültürlü mozaiğinin en renkli olduğu yer. Her dilden ve kültürden insanın, yemeğin, müziğin birleştiği bu bölge, şehrin özgür ruhunu yansıtıyor.
- Sky Garden veya The Shard: Şehre en tepeden bakış. Modern Londra’nın gökyüzüne uzanan bu noktalarından, tüm o tarihi dokuyu bir bütün olarak kuş bakışı izlemek harika bir final olacak.",🏛️ The City's Memory: Iconic Landmarks Must-See,"Walking through the streets of London means walking over layers of history. Each stop on this list represents a different chapter in the city’s vast memory. Here are the places that make London what it is today and that you must visit:

- The City and the Roman Walls: This is where London began. Right in the heart of the financial district, among modern buildings, you can see the 2,000-year-old remains of the Roman walls and touch the city’s original foundations.
- Tower of London: Standing since 1066, this fortress has served as a palace, a prison, and even a zoo. You must see the Crown Jewels and hear the legend of the famous ravens right there.
- Westminster Abbey: The center of royal traditions for over a thousand years. This magnificent structure, where kings have been crowned, married, and laid to rest, is the grandest witness to British history.
- The Monument: Built in memory of the Great Fire of 1666, you can actually climb this massive column. Located exactly as far from where the fire started as it is high, it is the symbol of the city rising from its ashes.
- St. Paul’s Cathedral: Built after the Great Fire, its massive dome is an indispensable part of the London skyline. You should go up to the ""Whispering Gallery"" inside to experience the acoustics for yourself.
- Houses of Parliament and Big Ben: The heart of British democracy, showcasing Victorian grandeur. Hearing the sound of that famous clock tower while walking along the Thames is a true London classic.
- Buckingham Palace: The official home of the Royal Family. Watching the Changing of the Guard ceremony allows you to witness a discipline that has continued for centuries.
- The British Museum: A place where treasures from every corner of the world are gathered. A massive and fascinating stop where you can see the most important pieces of human history (like the Rosetta Stone) all in one place.
- Little Venice and Regent’s Canal: The waterways of the Industrial Revolution are now peaceful routes. You can walk along the canals or take a boat to see the calm and nostalgic side of the river.
- Greenwich and the Royal Observatory: This is the center of time. You should stand on the Prime Meridian line and experience the feeling of having one foot in the East and the other in the West.
- Shakespeare's Globe Theatre: This theatre on the banks of the Thames is an art sanctuary rebuilt to match the original. Watching Shakespeare’s plays in that original atmosphere is a unique experience.
- Churchill War Rooms: The underground bunkers where World War II (The Blitz) was managed. An impressive museum where you can feel what those difficult days were like right beneath the ground.
- Abbey Road and Carnaby Street: The heart of music and fashion. You must walk across the famous Beatles' zebra crossing and get lost in the colorful Carnaby streets that reflect the spirit of the 60s.
- Camden Town and Its Markets: Where London’s multicultural mosaic is at its most colorful. Representing the city's free spirit, this area is where people, food, and music from every culture merge.
- Sky Garden or The Shard: A view from the very top. From these points in modern London that reach for the sky, watching all that historic texture as a whole from a bird's-eye view will be a wonderful finale."
Londra,6,🍴 Şehrin Lezzet Haritası: Beş Çayından Curry Sokaklarına,"Londra mutfağı denince akla sadece patates ve balık gelmesin; burası dünyanın her yerinden lezzetlerin en iyi örneklerini bulabileceğiniz dev bir sofra gibidir. İngilizlerin kendi geleneksel tatları ile dünyanın dört bir yanından gelen (özellikle Hint ve Asya) baharatların karışımı, Londra’yı gerçek bir yemek cenneti yapar.

- Pazar Sabahlarının Yıldızı (Full English Breakfast): Güne sıkı bir başlangıç yapmak istiyorsanız bu tabak tam size göre. Yumurta, sosis, pastırma, mantar, ızgara domates ve o meşhur kuru fasulye (baked beans) birleşince ortaya oldukça doyurucu bir kahvaltı çıkıyor. Yanına da sütlü bir İngiliz çayı söylemeyi unutmayın.
- Bir İngiliz Klasiği (Fish and Chips): Londra’da her köşe başında göreceğiniz bu ikili, dışı çıtır panelenmiş balık ve kalın kesim patates kızartmasından oluşur. Gerçek bir lokal gibi yemek isterseniz, yanına bezelye püresi (mushy peas) ekleyip üzerine bolca sirke ve tuz dökerek denemelisiniz.
- Pazar Günlerinin Ritüeli (Sunday Roast): İngilizlerin en sevdiği aile geleneğidir. Genellikle fırınlanmış et (dana, kuzu veya tavuk), fırın patates, sebzeler ve ""Yorkshire Pudding"" denilen o pofuduk hamur ile servis edilir. Üzerine dökülen yoğun ""gravy"" sosu ise bu yemeğin asıl sihridir.
- İngiltere'nin Gayriresmi Milli Yemeği (Chicken Tikka Masala): Londra’da Hint mutfağı o kadar yaygındır ki, bu yemek artık İngiliz mutfağının bir parçası kabul ediliyor. Özellikle Brick Lane sokaklarındaki o köri kokusunu takip edin; hafif acılı ve kremalı bu tavuk yemeği, Londra’nın çok kültürlü ruhunu tatmanın en iyi yoludur.
- Zarafetin Tadı (Afternoon Tea - Beş Çayı): Bu sadece çay içmek değil, tam bir törendir. Küçük sandviçler, ""scone"" denilen tatlı çörekler, üzerlerine sürülen yoğun krema (clotted cream) ve reçel eşliğinde çay keyfi yapmadan dönmeyin. Bu keyfi şık bir otelde veya samimi bir mahalle kafesinde yaşayabilirsiniz.
- Sokak Lezzetlerinin Kalbi (Borough Market): Eğer ""ne yiyeceğime karar veremiyorum"" derseniz, rotanız burası olsun. Dünyanın her yerinden taze peynirler, deniz ürünleri, sandviçler ve tatlılar arasında kaybolurken her tezgahta ayrı bir lezzet fırtınası bulacaksınız.
- Doğu Londra’nın Mirası (Pie and Mash): Eski Londra’nın işçi sınıfı yemeği olan bu lezzet, kıymalı börek (pie) ve patates püresinden oluşur. Yanında servis edilen o yeşil maydanoz sosu (liquor) ile tarihin tadına bakabilirsiniz.
- 7/24 Sıcak Lezzet (Salt Beef Bagel): Brick Lane’deki meşhur fırınlarda (Beigel Bake gibi) bulabileceğiniz, içi yumuşacık tuzlanmış et ve hardalla dolu bu sandviçler Londra’nın en hızlı ve en ikonik atıştırmalıklarındandır.
- Pub’ların Olmazsa Olmazı (Steak & Kidney Pie): Gerçek bir İngiliz pub atmosferinde yiyebileceğiniz, içi sulu et ve böbrek parçalarıyla dolu bu hamur işi, yağmurlu bir Londra gününde içinizi ısıtacak en iyi dostunuz olacak.
- Yağmurlu Havaya En Yakışan Tatlı (Sticky Toffee Pudding): Üzerine sıcak karamel sosu dökülen, yanında vanilyalı dondurma veya krema ile servis edilen bu kek, İngiltere’nin tatlı konusundaki en büyük başarısıdır.
- Dünya Mutfağının Çılgın Karışımı (Camden Market Stalls): Burada sadece bir yemek değil, bir deneyim var. Dev peynir tekerleklerinde hazırlanan makarnalardan, Asya usulü dürümlere kadar her bütçeye uygun binlerce seçenek arasında kaybolabilirsiniz.

💡 Lokal Notlar:
-  Pub Kültürü: Pub’larda yemeğinizi genellikle barda sipariş verip ödemenizi yaparsınız; servis elemanının masaya gelmesini beklerseniz biraz acıkabilirsiniz.
- Hesap ve Bahşiş: Çoğu restoranda hesaba otomatik olarak %12.5 oranında ""service charge"" (servis ücreti) eklenir. Eğer hesapta bunu görürseniz ekstra bahşiş bırakmanıza gerek yok.
- Musluk Suyu: Restoranlarda ""tap water"" (musluk suyu) isterseniz ücretsiz olarak getirilir; Londra'da musluk suyu içilebilir ve tadı da oldukça iyidir, çekinmeden isteyebilirsiniz.",🍴 A Taste of the City: From Afternoon Tea to Curry Streets,"When people think of London’s food, it’s not just about fish and chips anymore; the city has become a giant dining table where you can find the best versions of flavors from all over the world. The blend of traditional British tastes with spices from across the globe (especially India and Asia) makes London a true foodie paradise.

- The Star of Sunday Mornings (Full English Breakfast): If you want to start your day strong, this is the plate for you. With eggs, sausages, bacon, mushrooms, grilled tomatoes, and those famous baked beans, it’s a very filling breakfast. Don’t forget to order an English tea with milk on the side.
- A British Classic (Fish and Chips): You’ll see this duo on every corner—battered fish served with chunky chips. To eat it like a local, add some mushy peas and sprinkle plenty of salt and vinegar over it.
- The Sunday Ritual (Sunday Roast): This is the Brits' favorite family tradition. It usually features roasted meat (beef, lamb, or chicken), roast potatoes, vegetables, and a fluffy Yorkshire Pudding. The thick ""gravy"" sauce poured over it is the real magic of the meal.
- The Unofficial National Dish (Chicken Tikka Masala): Indian cuisine is so common in London that this dish is now considered part of British culture. Follow the scent of curry on Brick Lane; this mildly spicy, creamy chicken dish is the tastiest way to experience London’s multicultural soul.
- The Taste of Elegance (Afternoon Tea): This is more than just drinking tea; it’s a full ceremony. Enjoy your tea with small finger sandwiches and sweet scones served with clotted cream and jam. You can experience this ritual at a fancy hotel or a cozy neighborhood cafe.
- The Heart of Street Food (Borough Market): If you can’t decide what to eat, head here. You’ll find a flavor explosion at every stall, from fresh cheeses and seafood to sandwiches and desserts from all over the world.
- East London Heritage (Pie and Mash): This working-class meal of old London consists of a meat pie and mashed potatoes. You can taste history with the green parsley sauce (liquor) served on the side.
- 24/7 Hot Delicacy (Salt Beef Bagel): These sandwiches, filled with tender salted beef and mustard, found in the famous bakeries of Brick Lane (like Beigel Bake), are among London's fastest and most iconic snacks.
- A Pub Essential (Steak & Kidney Pie): This pastry filled with juicy meat and kidney pieces, which you can eat in a real British pub atmosphere, will be your best friend to warm you up on a rainy London day.
- The Perfect Dessert for Rainy Weather (Sticky Toffee Pudding): This sponge cake topped with warm caramel sauce and served with vanilla ice cream or custard is England's greatest achievement in desserts.
- A Wild Mix of Global Cuisine (Camden Market Stalls): Here is an experience, not just a meal. You can get lost among thousands of budget-friendly options, from pasta prepared in giant cheese wheels to Asian-style wraps.

💡 Local Tips:
- Pub Culture: In many pubs, you usually order and pay for your food at the bar; if you wait for a server to come to your table, you might find yourself waiting for quite a while.
- The Bill and Tipping: Most restaurants automatically add a 12.5% service charge to the bill. If you see this on your receipt, there’s no need to leave an extra tip.
- Tap Water: If you ask for ""tap water"" in London restaurants, it’s provided for free. The tap water in London is perfectly drinkable and tastes quite good, so don’t hesitate to ask for it."
Londra,7,🤫 Şehrin Fısıldadıkları: Lokal Sırlar,"Londra, sadece ana caddelerindeki o büyük binalardan ibaret değildir; asıl ruhunu kalabalıklardan saptığınız o sessiz köşelerde, tuhaf mimari oyunlarda ve sadece lokallerin bildiği küçük duraklarda saklar. Turistlerin önünden hızlıca geçtiği ama sizin durup hikayesini dinlemeniz gereken o gizli detayları keşfetmeye hazır olun.

- St. Dunstan in the East (Yıkık Kilisedeki Saklı Bahçe): Tower Hill ile Monument arasında, 2. Dünya Savaşı’nda bombalanmış bir kilisenin kalıntıları arasında ağaçların ve sarmaşıkların yükseldiği bu gizli bahçeyi bulun. Şehrin gürültüsünden tamamen kopup büyüleyici bir sessizliğe bürünmek için Londra’daki en özel noktadır.
- Leinster Gardens’ın ""Sahte"" Evleri (23 ve 24 Numara): Bayswater bölgesinde yürürken 23 ve 24 numaralı evlere dikkatlice bakın. Dışarıdan bakıldığında diğerleri gibi şık Viktorya evleri gibi görünseler de aslında bu evlerin içi boştur. Metro hattı yapılırken dumanın çıkması için inşa edilen bu ""paravan"" binalar, Londra’nın en ilginç mimari hilelerinden biridir.
- The Garden at 120 (Bedava ve Saklı Manzara): Herkes Sky Garden veya The Shard için bilet peşinde koşarken, siz Fenchurch Street'teki bu binanın en üst katına çıkın. Rezervasyon gerektirmeyen ve tamamen ücretsiz olan bu teras bahçesi, size şehrin gökdelenleri arasında açık havada yürüme ve muazzam bir manzara izleme fırsatı sunar.
- Neal’s Yard (Renk Patlaması): Covent Garden’ın kalabalığından daracık bir geçitle ayrılan bu küçük meydan, Londra’nın en renkli köşesidir. Boyanmış binaları, bitkilerle dolu balkonları ve butik kafeleriyle kendinizi bir anda Alice Harikalar Diyarı’nda gibi hissedeceksiniz.
- Postman’s Park (Kahramanların Duvarı): St. Paul Katedrali’nin hemen yakınındaki bu parkta, başkalarını kurtarmak için hayatını feda eden sıradan insanların hikayelerinin yazılı olduğu seramik tabletleri göreceksiniz. Hüzünlü ama bir o kadar da ilham verici, Londra’nın insani yanını gösteren çok naif bir noktadır.
- St. Bride’s Church (Düğün Pastasının İlhamı): Fleet Street üzerinde yer alan bu kilisenin kulesine dikkatle bakın. Kat kat yükselen o meşhur yapısı, aslında bugün bildiğimiz o klasik ""katlı düğün pastası"" tasarımının ilk ilham kaynağıdır. 18. yüzyılda bir pastacının bu kuleden esinlenerek yaptığı pasta, o günden beri dünyadaki tüm düğünlerin vazgeçilmezi olmuştur.
- Leadenhall Market’ın Görkemi: Harry Potter filmlerinden aşina olabileceğiniz bu Viktorya dönemi çarşısı, turistlerin genelde sadece önünden geçtiği bir yerdir. Ancak akşam saatlerinde lokallerin iş çıkışı pub’lara doluştuğu, tavan süslemelerinin altında bir şeyler içtiği o anlarda Londra’nın gerçek nostaljisini hissedebilirsiniz.
- Kyoto Garden (Holland Park): Londra’nın ortasında küçük bir Japonya bulmak isterseniz doğru yer burasıdır. Şelalesi, tavus kuşları ve taş köprüleriyle bu bahçe, özellikle yorgun bir günün sonunda huzur bulmak için lokallerin kaçış noktasıdır.
- Seven Dials’ın Sekizinci Yolu: Covent Garden’daki yedi yolun birleştiği meydandaki meşhur sütuna bakın. Üzerinde yedi adet güneş saati vardır. Aslında meydan ilk tasarlandığında yedi yol planlanmıştı ama sonradan sekizinci bir yol daha eklendi. Sütundaki saatlerin neden hala yedi adet olduğunu düşünmek, Londra’nın o eski ""hatalı"" detaylarından biridir.
- Little Venice’te Zamanı Durdurmak: Regent’s Canal ve Grand Union Canal’ın birleştiği bu noktada, su kenarına dizilmiş renkli tekneleri izleyerek yürüyün. Londra’da olduğunuzu size tamamen unutturacak, Venedik havasında ama çok daha sakin bir ""mola"" noktasıdır.",🤫 Whispers of the City: Local Secrets,"London isn't just about the grand buildings on the main streets; it hides its true soul in the quiet corners you turn into away from the crowds, in quirky architectural tricks, and in small stops only known to locals. Get ready to discover the hidden details that tourists rush past, but you should stop and listen to.

- St. Dunstan in the East (Secret Garden in a Ruined Church): Between Tower Hill and Monument, find this hidden garden where trees and ivy climb through the ruins of a church bombed during WWII. It is the most special spot in London to completely escape the city noise and immerse yourself in a magical silence.
- The ""Fake"" Houses of Leinster Gardens (Numbers 23 and 24): Look closely at numbers 23 and 24 while walking in the Bayswater area. Although they look like elegant Victorian houses from the outside, they are actually empty inside. These ""facade"" buildings, built to let out steam during the construction of the underground line, are one of London's most interesting architectural tricks.
- The Garden at 120 (A Free and Hidden View): While everyone is chasing tickets for the Sky Garden or The Shard, head to the top floor of this building on Fenchurch Street. This open-air roof garden, which requires no reservation and is completely free, offers you the chance to walk among the city's skyscrapers and enjoy a magnificent view.
- Neal’s Yard (A Burst of Color): Separated from the Covent Garden crowds by a narrow passage, this small square is the most colorful corner of London. With its painted buildings, balconies full of plants, and boutique cafes, you’ll suddenly feel like you’re in Alice in Wonderland.
- Postman’s Park (The Wall of Heroes): In this park right next to St. Paul’s Cathedral, you will see ceramic tablets inscribed with the stories of ordinary people who sacrificed their lives to save others. It is a very poignant yet inspiring spot that shows the human side of London.
- St. Bride’s Church (The Wedding Cake Inspiration): Look closely at the spire of this church on Fleet Street. Its tiered structure is actually the original inspiration for the classic ""tiered wedding cake"" design we know today. A cake made by a baker in the 18th century, inspired by this spire, has been a staple of weddings worldwide ever since.
- The Splendor of Leadenhall Market: You might be familiar with this Victorian-era market from the Harry Potter films; it's a place tourists usually just pass by. However, in the evening, when locals crowd the pubs after work, you can feel the true nostalgia of London under the ornate ceiling decorations.
- Kyoto Garden (Holland Park): If you want to find a small piece of Japan in the middle of London, this is the right place. With its waterfall, peacocks, and stone bridges, this garden is a local escape for finding peace, especially at the end of a long day.
- The Eighth Road of Seven Dials: Look at the famous pillar in the square where seven roads meet in Covent Garden. It has seven sundials on it. Actually, when the square was first designed, seven roads were planned, but later an eighth road was added. Thinking about why there are still seven sundials on the pillar is one of London's quirky ""flawed"" historical details.
- Stopping Time in Little Venice: At this point where Regent’s Canal and Grand Union Canal meet, walk along the rows of colorful houseboats by the water. It’s a ""break"" point with a Venetian vibe but much quieter, which will make you completely forget you’re in London."
Londra,8,✅ Mutlaka Yapmadan Dönme: Londra Checklist,"- Kırmızı Otobüsün En Önüne Otur: Çift katlı bir otobüsün üst katında, en ön koltuğa kurulun ve şehri dev bir sinema perdesindeymiş gibi izleyerek tur atın.
- Borough Market’ta Lezzet Turu Yap: Şehrin en eski yemek pazarında peynirlerden taze sandviçlere kadar her şeyi deneyin, o kalabalığın enerjisine karışın.
- Southbank’te Gece Yürüyüşü Yap: Hava karardığında Thames Nehri boyunca yürüyün; nehrin üzerindeki ışık yansımaları ve London Eye’ın görkemi size harika hissettirecek.
- ""Mind the Gap"" Sesini Duy: Londra metrosunda (The Tube) o klasik anonsu duyarken bir istasyondan diğerine ışık hızıyla geçmenin keyfini sürün.
- Parkta Sincaplarla Yürüyüş Yap: Hyde Park veya St. James’s Park’ta yanınızdan geçen sincapları izleyin, hatta mümkünse yanınızda fındık bulundurun.
- Gerçek Bir Pub'da Sunday Roast Ye: Pazar günü bir mahalle pub’ına gidin; o pofuduk hamurlu ve bol soslu geleneksel Pazar yemeğinin tadına bakın.
- Kırmızı Telefon Kulübesinde Fotoğraf Çekil: Ne kadar turistik görünse de, o ikonik kulübelerin önünde bir fotoğrafınız olmadan Londra’dan dönmeyin.
- Bir West End Müzikali İzle: Sahne sanatlarının kalbi olan Soho çevresinde büyüleyici bir müzikal izleyerek kendinizi sanatın akışına bırakın.
- Beş Çayı (Afternoon Tea) Deneyimi Yaşa: Şık bir fincan çay, minik sandviçler ve reçelli ""scone""lar eşliğinde o meşhur İngiliz seremonisinin tadını çıkarın.
- Şehre Üstten Bak: Sky Garden veya Garden at 120 gibi noktalardan gökdelenlerin arasından tüm Londra’yı panoramik olarak izleyin.
- British Museum’da Tarihe Dokun: İnsanlık tarihinin en önemli parçalarını görmek için bu devasa müzenin koridorlarında kaybolun.
- Şemsiyeni Hep Yanında Tut: Aniden bastıran o meşhur Londra yağmurunda şemsiyeni açıp yürürken, şehre en çok bu havanın yakıştığını fark et.",✅ The London Checklist: Don't Leave Without Doing These,"- Sit at the Very Front of a Red Bus: Grab the front seat on the top deck of a double-decker bus and watch the city unfold like a giant movie screen.
- Take a Food Tour at Borough Market: Explore the city's oldest food market, taste everything from local cheeses to fresh sandwiches, and dive into the crowd's energy.
- Walk Along Southbank at Night: Take a stroll by the River Thames after dark; the light reflections on the water and the glow of the London Eye are truly magical.
- Hear the ""Mind the Gap"" Announcement: Ride the Tube and experience the thrill of moving between stations while hearing that iconic London phrase.
- Walk with the Squirrels in the Park: Watch the squirrels scurry past you in Hyde Park or St. James’s Park—bring some nuts if you can!
- Eat a Sunday Roast in a Real Pub: Visit a neighborhood pub on a Sunday to taste the traditional roast with all the trimmings and gravy.
- Snap a Photo in a Red Telephone Booth: No matter how touristy it feels, don't leave London without a photo in front of those iconic red booths.
- Watch a West End Musical: Immerse yourself in the heart of the performing arts by seeing a breathtaking show in the Soho area.
- Experience Afternoon Tea: Enjoy the famous British ceremony with a fine cup of tea, finger sandwiches, and scones with jam and cream.
- See the City from Above: Head to Sky Garden or The Garden at 120 to catch a panoramic view of the entire city from among the skyscrapers.
- Touch History at the British Museum: Get lost in the corridors of this massive museum to see some of the most important artifacts in human history.
- Keep Your Umbrella Handy Always: When the famous London rain suddenly hits, open your umbrella and realize that this weather actually suits the city best."
New York,1,New York: Sahneden Hiç İnmeyen Şehir,"New York; sadece bir şehir değil, her sokağında kendinizi bir film setinde gibi hissedeceğiniz devasa bir sahnedir. Gökyüzüne uzanan gökdelenleri, bitmeyen gürültüsü ve dünyanın her yerinden gelen insanların yarattığı o eşsiz kaosuyla burası tam anlamıyla dünyanın merkezidir. New York’u anlamak için sadece Times Square’in ışıklarına bakmak yetmez; sarı bir taksinin kornasını duymak, metroda bir sokak sanatçısını dinlemek, Central Park’ta faytonların arasından geçmek ve klasikleşmiş bir dükkandan bir dilim pizza alıp sokakta yürürken yemek gerekir. Burası; her köşesinde ayrı bir fırsatın ve ayrı bir hikayenin beklediği, 7/24 yaşayan bir yerdir.

📝 Gitmeden Önce Bilmenizde Fayda Var:
- Bahşiş (Tipping) Kültürü: İşte New York’un en hassas konusu. Burada bahşiş bir seçenek değil, neredeyse bir zorunluluk. Restoranlarda, taksilerde veya bir barda hizmet aldığınızda hesabın %18 ile %25 arası kadar bahşiş bırakmanız beklenir. Ödeme ekranlarında bu seçenekler karşınıza çıkacaktır, hazırlıklı olun.
- Ulaşım ve OMNY: New York metrosu artık tamamen temassız sisteme geçti. OMNY adı verilen bu sistem sayesinde metro kartı almanıza gerek kalmadan, kredi kartınızı veya telefonunuzu (Apple/Google Pay) okutarak her yere gidebilirsiniz.
- Yürümek ve Izgara Planı: New York (özellikle Manhattan) bir ""ızgara"" planına göre inşa edilmiştir. Caddeler ve sokaklar numarayla ilerler, bu yüzden yönünüzü bulmak çok kolaydır. Ancak çok fazla yürüyeceğinizi unutmayın; New York’un tadı en çok o dev bloklar arasında adım atarak çıkar.",New York: The City That Never Leaves the Stage,"New York is not just a city; it is a massive stage where you’ll feel like you’re on a movie set in every single street. With its soaring skyscrapers, endless noise, and the unique chaos created by people from all over the world, it is truly the center of the universe. To understand New York, just looking at the lights of Times Square isn't enough; you need to hear the honk of a yellow cab, listen to a subway performer, walk past the carriages in Central Park, and grab a classic slice of pizza from a corner shop to eat while walking. This is a place that lives 24/7, where a different opportunity and a different story wait around every corner.

📝 Good to Know Before You Go:
- Tipping Culture: This is perhaps the most sensitive topic in New York. Here, tipping is not just an option; it’s almost a requirement. When you receive service in restaurants, taxis, or bars, you are expected to tip between 18% and 25%. You will see these options on the payment screens, so be prepared.
- Transportation and OMNY: The New York subway has fully transitioned to a contactless system. Thanks to this system, called OMNY, you don't need to buy a metro card; you can just tap your credit card or phone (Apple/Google Pay) to go anywhere.
- Walking and The Grid: New York (especially Manhattan) is built on a ""grid"" plan. Avenues and streets move by numbers, making it very easy to find your way. However, keep in mind that you will be walking a lot; the best way to enjoy New York is by stepping through those giant blocks."
New York,2,📅 Takviminizi Ayarlayın: Hangi Mevsim Sizin?,"New York'un her mevsimi size bambaşka bir film izliyormuşsunuz hissi verir. Şehrin enerjisi hiç düşmese de, havanın durumu New York deneyiminizi tamamen değiştirebilir. Hangi atmosferde bu sahnede yer almak istediğinize siz karar verin.

- İlkbahar (Nisan - Haziran): Şehrin en taze ve en keyifli zamanlarıdır. Central Park’ta çiçeklerin açtığı, insanların kış uykusundan uyanıp kendini dışarı attığı dönemdir. Hava ne çok sıcak ne çok soğuktur; High Line’da yürümek veya Brooklyn Köprüsü’nü geçmek için en ideal zamanlardan biridir.
- Yaz (Temmuz - Ağustos): New York’un en sıcak ve nemli olduğu dönemdir. Gökdelenlerin arasında yürürken sıcağı iliklerinize kadar hissedebilirsiniz. Ancak açık hava konserleri, çatılardaki ""rooftop"" barlar ve Bryant Park’taki film geceleriyle şehir çok canlıdır. Sadece metrodaki o meşhur sıcak havaya hazırlıklı olun.
- Sonbahar (Eylül - Kasım): Belki de New York’a en çok yakışan mevsim. Central Park’ın o meşhur turuncu ve sarı renklere büründüğü, filmlerdeki o romantik New York havasının her yere yayıldığı zamandır. Hava hafif serindir ama yürüyerek şehri keşfetmek için bundan daha güzel bir zaman bulmak zordur.
- Kış (Aralık - Mart): Aralık ayı New York için masalsı bir dönemdir. Rockefeller Center’daki dev çam ağacı, ışıl ışıl vitrinler ve buz pateni pistleriyle şehir tam bir kış masalına dönüşür. Ocak ve Şubat aylarında ise dondurucu soğuklara ve kar yağışına hazırlıklı olmalısınız; ancak müzeleri gezmek ve kalabalıklardan uzak kalmak için en sakin dönemdir.",📅 Timing is Everything: Which Season is Yours?,"Every season in New York makes you feel like you are watching a completely different movie. While the city's energy never drops, the weather can entirely change your New York experience. Let’s take a look at which atmosphere you’d like to step into on this great stage.

- Spring (April - June): This is the freshest and most pleasant time in the city. It’s when Central Park blooms and people wake up from their winter hibernation and head outdoors. The weather is neither too hot nor too cold; it’s one of the most ideal times to walk the High Line or cross the Brooklyn Bridge.
- Summer (July - August): New York’s hottest and most humid period. You can feel the heat deep in your bones while walking among the skyscrapers. However, with outdoor concerts, rooftop bars, and movie nights in Bryant Park, the city is incredibly vibrant. Just be prepared for the famous sweltering heat in the subway.
- Autumn (September - November): Perhaps the season that suits New York best. This is when Central Park is covered in those famous orange and yellow colors, and the romantic New York atmosphere from the movies spreads everywhere. The air is slightly crisp, but it’s hard to find a better time to explore the city on foot.
- Winter (December - March): December is a fairytale time for New York. With the giant tree at Rockefeller Center, sparkling windows, and ice skating rinks, the city turns into a true winter wonderland. In January and February, you should be prepared for freezing cold and snow; however, it is the quietest time to visit museums and stay away from the crowds."
New York,3,🏠Nerede Kalmalı: Mahalle Rehberi,"New York o kadar büyük ve katmanlı bir şehir ki, nerede konaklayacağınız aslında kendi New York filminizin türünü belirleyecek. Gökdelenlerin arasındaki o bitmeyen koşuşturmanın tam ortasında mı olmak istersiniz, yoksa o meşhur tuğla evlerin (brownstones) sıralandığı daha sakin sokaklarda bir lokal gibi uyanmak mı?

Konaklamanızı seçerken küçük bir püf nokta: Metroya yakın olun. Manhattan her ne kadar pahalı olsa da ulaşım açısından en pratik seçenek. Öte yandan Brooklyn ya da Queens gibi bölgeler hem daha erişilebilir hem de size gerçek bir New Yorklu gibi hissettiren daha yerel bir deneyim sunabilir.

- Midtown (Şehrin Tam Kalbi): Eğer ""New York’a ilk kez geliyorum ve her yerin merkezinde olmak istiyorum"" diyorsanız, Midtown tam size göre. Times Square, Empire State ve Broadway tiyatroları bir adım ötenizde olur. Her zaman kalabalık, her zaman gürültülü ama bir o kadar da ulaşılabilir.
- Upper West Side (Nezih ve Huzurlu): Central Park’a komşu, o filmlerde gördüğünüz klasik New York evlerinin olduğu bölgedir. Daha çok ailelerin ve lokallerin tercih ettiği bu mahalle, hem güvenli hem de çok şık kafelerle doludur. Şehrin içinde ama karmaşadan bir adım uzaklaşmak için harika bir seçenektir.
- Greenwich Village & West Village (Bohem ve Romantik): Alçak binaları, ağaçlıklı sokakları ve butik dükkanlarıyla New York’un en ""fotojenik"" mahallesidir. Burası caz kulüplerinin, küçük tiyatroların ve gurme kahve duraklarının kalbidir. Kendinizi bir dizinin başrolünde gibi hissetmek istiyorsanız rotanız burası olmalı.
- SoHo & Lower East Side (Moda ve Gece Hayatı): Modayı takip edenler ve alışveriş tutkunları için SoHo bir cennet. Lower East Side tarafı ise daha enerjik, biraz daha salaş ve şehrin en iyi gece hayatı ile ""brunch"" mekanlarına ev sahipliği yapan bölgedir. Genç ve dinamik bir atmosfer arayanların favorisidir.
- Williamsburg, Brooklyn (Modern ve Havalı): Manhattan’ın hemen karşısında, nehir kenarında yer alan bu bölge, son yılların en popüler noktası. Harika bir Manhattan manzarası, yaratıcı restoranlar ve sanat galerileriyle dolu. Metroyla sadece birkaç dakikada adaya geçebilir ve akşamları daha ""cool"" bir dünyada dinlenebilirsiniz.",🏠 Where to Stay: Neighborhood Guide,"New York is such a massive and multi-layered city that where you choose to stay will actually determine the ""genre"" of your own New York movie. Do you want to be right in the heart of that endless hustle between skyscrapers, or wake up like a local in the quieter streets lined with those famous brownstones?

A little tip for choosing your accommodation: Stay close to a subway station. While Manhattan may be expensive, it is the most practical option for getting around. On the other hand, areas like Brooklyn or Queens can be both more accessible and offer a more local experience that makes you feel like a true New Yorker.

- Midtown (The Heart of the City): If you’re thinking, ""I’m coming to New York for the first time and I want to be in the center of it all,"" Midtown is for you. Times Square, the Empire State Building, and Broadway theaters are just a step away. It’s always crowded, always noisy, but incredibly accessible.
- Upper West Side (Elegant and Peaceful): Bordering Central Park, this is the area with those classic New York houses you see in movies. Preferred by families and locals, this neighborhood is safe and filled with very chic cafes. It’s a great option for being in the city while staying a step away from the chaos.
- Greenwich Village & West Village (Bohemian and Romantic): With its low-rise buildings, tree-lined streets, and boutique shops, this is New York’s most ""photogenic"" neighborhood. This is the heart of jazz clubs, small theaters, and gourmet coffee spots. If you want to feel like the lead character in a TV series, this should be your route.
- SoHo & Lower East Side (Fashion and Nightlife): SoHo is a paradise for fashion followers and shopping enthusiasts. The Lower East Side is more energetic, a bit grittier, and home to the city’s best nightlife and brunch spots. It’s a favorite for those looking for a young and dynamic atmosphere.
- Williamsburg, Brooklyn (Modern and Cool): Located right across from Manhattan along the river, this area has been the most popular spot in recent years. It’s full of stunning Manhattan views, creative restaurants, and art galleries. You can reach the island in just a few minutes by subway and relax in a ""cooler"" world in the evenings."
New York,4,🚲 A Noktasından B Noktasına: Bir Lokal Gibi Hareket Edin,"New York’ta ulaşım, sadece bir yerden bir yere gitmek değildir; bazen bir sokak müzisyenine rastlamak, bazen de şehrin o meşhur kaosunun tam ortasına karışmaktır. Şehir 24 saat uyumaz ama ulaşım ağı zaman zaman sizi şaşırtabilir. Bu yüzden bir “lokal” gibi hareket etmek ve sistemi çözmek işinizi fazlasıyla kolaylaştırır. Sarı taksilerden labirent gibi metrolara kadar, işte bilmeniz gerekenler.

- Havalimanından Şehre İlk Adım: Eğer JFK’e indiyseniz, en mantıklı ve hızlı yol AirTrain ile metroya veya LIRR (Long Island Rail Road) trenine bağlanmaktır. Newark (EWR) için ""NJ Transit"" trenleri sizi doğrudan Penn Station’a (Midtown) ulaştırır. LaGuardia (LGA) için ise genellikle taksi veya otobüs kombinasyonları kullanılır. Lokal İpucu: Eğer çok eşyanız yoksa LIRR treni, metroya göre çok daha konforlu ve hızlı bir seçenektir.
- OMNY ile ""Okut ve Geç"": Artık o meşhur sarı ""MetroCard""ları almak için uğraşmanıza gerek yok. Metrolarda ve otobüslerde OMNY sistemi geçerli. Temassız kredi kartınızı veya telefonunuzdaki dijital cüzdanı (Apple/Google Pay) turnikeye okutup doğrudan geçebilirsiniz. Haftalık limit uygulaması sayesinde, belli bir sayıdan sonraki binişleriniz o hafta için otomatik olarak ücretsiz hale gelir.
- Metro - Yerel mi, Ekspres mi?: New York metrosunun en kritik kuralı budur. Bazı trenler her durakta durur (Local), bazıları ise sadece ana duraklarda durarak hızla ilerler (Express). Binmeden önce tabeladaki harfe/numaraya ve ""Local/Express"" yazısına dikkat edin; aksi halde kendinizi bir anda gitmek istediğiniz yerin 10 sokak ötesinde bulabilirsiniz.
- Sarı Taksiler ve Uygulamalar: Filmlerden fırlamış o sarı taksileri durdurmak için kaldırıma çıkıp elinizi kaldırmanız yeterli. Eğer taksinin tepesindeki numara ışığı yanıyorsa boştur. Ancak günümüzde Uber ve Lyft gibi uygulamalar da oldukça yaygın ve fiyatı önceden görmek açısından daha pratik olabiliyor.
- Izgara Planı ve Yürümek: Manhattan’ın çoğu ""ızgara"" (grid) planına sahiptir. Caddeler (Avenues) kuzey-güney, sokaklar (Streets) ise doğu-batı yönünde uzanır. Sayılar kuzeye doğru büyür. Bu sistemi çözdüğünüz an kaybolmanız imkansızdır. Ama unutmayın, New York blokları göründüğünden uzundur; rahat bir ayakkabı en iyi dostunuz olacak.
- NYC Ferry ile Nehir Keyfi: Ulaşımı bir geziye dönüştürmek isterseniz nehir teknelerini (NYC Ferry) kullanın. Özellikle Wall Street’ten Brooklyn’e veya Astoria’ya nehir üzerinden gitmek, gökdelenleri izlemek için harika bir yoldur. Ücreti metrodan biraz farklıdır ama manzarası paha biçilemez.
Citi Bike: Şehirde her köşe başında göreceğiniz mavi bisikletler (Citi Bike), özellikle sahil şeridinde veya Central Park çevresinde gezmek için harikadır. Uygulamayı indirip bir bisiklet kapın ve trafiğin üzerinden süzülün.

💡 Lokal İpuçları:
- Boş Metro Vagonuna Dikkat: Eğer kalabalık bir metro istasyonunda bir vagon tamamen boşsa, ona binmeden önce iki kez düşünün. Genellikle kliması bozuktur veya hoş olmayan bir koku vardır. Lokaller kalabalık vagonu tercih ediyorsa bir sebebi vardır!
- Yürüyen Merdiven Adabı: Altın kural; sağda dur, soldan yürü. Aceleci bir New Yorklunun önünü kapatmak istemezsiniz.
- Akıcı Adımlar: Merdivenlerden inerken veya çıkarken durup telefonunuza bakmayın; New York hızı affetmez, akışı bozmadan kenara çekilin.",🚲 Getting from A to B: Move Like a Local,"Getting around New York isn't just about going from one place to another; it's about occasionally running into a street musician or blending right into the heart of the city's famous chaos. The city never sleeps, but the transit network can surprise you from time to time. That’s why moving like a ""local"" and cracking the code of the system makes your life so much easier. From yellow cabs to the labyrinth-like subway, here is everything you need to know.

- First Step from the Airport: If you land at JFK, the most logical and fastest way is taking the AirTrain to connect to the subway or the LIRR (Long Island Rail Road). From Newark (EWR), ""NJ Transit"" trains will take you directly to Penn Station in Midtown. For LaGuardia (LGA), a combination of taxis or buses is usually the way to go. Local Tip: If you don’t have too much luggage, the LIRR train is a much more comfortable and faster option compared to the subway.
- OMNY - ""Tap & Go"": You no longer need to worry about getting those famous yellow ""MetroCards."" The OMNY system is now active on all subways and buses. You can simply tap your contactless credit card or the digital wallet on your phone (Apple/Google Pay) at the turnstile and walk right through. Thanks to the weekly fare cap, your rides automatically become free for the rest of the week after a certain number of trips.
- Subway - Local or Express?: This is the most critical rule of the New York subway. Some trains stop at every station (Local), while others move quickly by stopping only at major hubs (Express). Check the letter/number and the ""Local/Express"" sign on the display before boarding; otherwise, you might suddenly find yourself 10 blocks past your intended destination.
- Yellow Cabs and Apps: To hail those legendary yellow cabs straight out of the movies, just step to the curb and raise your hand. If the number light on top of the cab is lit, it’s empty. However, apps like Uber and Lyft are also very common today and can be more practical for seeing the price upfront.
- The Grid Plan and Walking: Most of Manhattan is designed on a ""grid"" plan. Avenues run north-south, and Streets run east-west. Numbers increase as you go North. Once you figure this system out, it’s impossible to get lost. But remember, New York blocks are longer than they look; a comfortable pair of shoes will be your best friend.
- NYC Ferry - River Views: If you want to turn your commute into a sightseeing trip, use the river boats (NYC Ferry). Traveling from Wall Street to Brooklyn or Astoria via the river is a fantastic way to watch the skyscrapers. The fare is slightly different from the subway, but the view is priceless.
- Citi Bike: You’ll see blue bikes (Citi Bike) on almost every corner. They are great for cruising along the waterfront or around Central Park. Just download the app, grab a bike, and glide right past the traffic.

💡 Local Tips:
- Beware of the Empty Subway Car: If a train pulls into a crowded station and one car is completely empty, think twice before getting on. Usually, the AC is broken or there's an unpleasant smell. If the locals are choosing the crowded cars, there’s a reason for it!
- Escalator Etiquette: The golden rule: Stand on the right, walk on the left. You don’t want to block the path of a New Yorker in a rush.
- Keep the Flow: Don’t stop at the top or bottom of stairs to check your phone; New York speed doesn't forgive. Step to the side without breaking the flow."
New York,5,🏛️ Şehrin Hafızası: Görülmesi Gereken İkonik Duraklar,"New York sadece gökdelenlerden ibaret değil; bu şehir o binaların içinde yaşanan hikâyelerden ve dünyanın kaderini değiştiren anlardan oluşuyor. Şehri gerçekten hissetmek için bu noktaları ziyaret etmek, size aslında New York’un nasıl ""dünyanın başkenti"" haline geldiğini kendiliğinden anlatacak. Her köşesi ayrı bir film karesi gibi olsa da bazı yerler şehrin kimliğini olduğu gibi sunar. Unutmayın, ziyaret edecek olduğunuz durakların bazıları için önceden plan yapmak ise cüzdanınızı ve vaktinizi koruyabilir.

- Özgürlük Anıtı ve Ellis Island: Amerika’nın ve umudun simgesi olan bu anıt, milyonlarca göçmenin gemilerle şehre girerken karşılaştığı ilk manzaraydı. Ellis Island üzerindeki Göç Müzesi, bu insanların hikayelerine tanıklık eder. Bilmenizde fayda var: Eğer heykelin tacına (crown) çıkmak istiyorsanız aylar öncesinden bilet almanız şarttır. Sadece yanından geçip fotoğraf çekmek isterseniz, Staten Island Ferry harika bir deniz yolculuğu sunar. 
- Empire State Building: Art Deco mimarisinin en görkemli örneklerinden biri olan bu bina, New York silüetinin adeta kralı. 86. ve 102. katlardaki teraslardan şehri 360 derece izleyebilir, Manhattan’ın o ikonik manzarasını adeta ayaklarınızın altına serebilirsiniz. Bunun için biletleri önceden almakta fayda var; özellikle gün batımı saatleri en kalabalık zamanlar. Daha sakin bir deneyim için gece geç saatler iyi bir alternatif. Binanın tepesindeki ışıklara bakarken ise her akşam farklı bir renge büründüğünü fark edeceksiniz. Bu bir tesadüf değil; şehir o gün neyi kutluyor ya da anıyorsa, gökyüzüne onu yansıtıyor.
- 9/11 Memorial & Museum: İkiz Kuleler'in eski yerinde bulunan devasa anıt havuzlar, isimleri bronz levhalara kazınmış binlerce kişiyi sessizce anar. Hemen altındaki müze ise saldırının izlerini, yeraltında korunan kalıntılar ve kişisel hikâyeler üzerinden detaylıca anlatıyor. Ziyaret için bilet almak gerekiyor. Havuzların kenarında göreceğiniz ""Survivor Tree"" (Hayatta Kalan Ağaç) ise tüm yıkıma rağmen hayatta kalmayı başaran ve bugün direncin simgesi haline gelen en dokunaklı sembollerden biri.
- Central Park: Şehrin gürültüsünün tam ortasında uzanan bu 800 dönümlük devasa park, New York’un adeta nefes aldığı yer. Bethesda Terası’nın tavanındaki çinileri inceleyebilir, Strawberry Fields’ta John Lennon’ı anabilir veya Bow Bridge üzerinde o meşhur film sahnelerini canlandırabilirsiniz. Parkın tamamını keşfetmek için bisiklet kiralamak en keyifli ve pratik yol.
- Brooklyn Köprüsü: 1883’te açıldığında dünyanın en uzun asma köprüsü olan bu yapı, neo-Gotik kuleleriyle hala etkileyici bir mühendislik şaheseri. Ama burayı özel yapan şey sadece tarihi değil; köprüyü yürüyerek geçmek başlı başına bir New York klasiği. Manhattan’dan Brooklyn’e doğru adım adım ilerlerken gökdelenlerin yarattığı o devasa duvarı arkanıza alır, birkaç dakika sonra kendinizi nehir kenarındaki parkların ve kartpostallık manzaraların içinde bulabilirsiniz.
- Times Square: ""Dünyanın Kavşağı"" olarak anılan bu noktaya adım attığınızda, şehrin temposunun bir anda iki katına çıkmasına hazır olun. 24 saat sönmeyen dev ekranlar, hiç durmayan kalabalık ve korna sesleri... Burası New York’un bitmeyen enerjisinin en kaotik ama en ikonik yüzü. Eğer bir Broadway müzikal deneyimlemek isterseniz, meydandaki kırmızı merdivenlerin altındaki Broadway gişelerinden (TKTS) son dakika uygun fiyatlı biletler bulabilirsiniz. Küçük bir hatırlatma, etrafta gördüğünüz kostümlü karakterlerle fotoğraf çektirmek isterseniz sizden bahşiş bekleyeceklerini unutmayın.
- Broadway Theatre District: New York’un kalbinin attığı, ""Işıklı Büyük Yol"" (Great White Way). Dünyanın en iyi müzikallerinin ve oyunlarının sergilendiği bu bölge, sadece bir tiyatro alanı değil; neon ışıkları, tarihi tiyatro binaları ve oyuncuların sahne kapısındaki heyecanıyla başlı başına bir deneyim. Küçük bir hatırlatma, popüler müzikaller için biletlerinizi aylar öncesinden online almanız neredeyse şarttır.
- DUMBO & Brooklyn Bridge Park: Manhattan Köprüsü’nün ayaklarının altındaki bu eski depo mahallesi, bugün kafelerle, tasarım dükkânlarla ve taş sokaklarıyla şehrin en karakterli köşelerinden biri. Washington Street’te köprünün arasından Empire State’i tam kadraja aldığınız o meşhur fotoğrafı çekebilir, ardından nehir kenarındaki parkta Manhattan silüetine karşı uzun bir yürüyüş yapabilirsiniz. Cam bir pavilyonun içindeki nostaljik Jane’s Carousel ise mutlaka uğranacak tatlı bir durak.
- Grand Central Terminal: Burası dünyanın en çok peronlu tren istasyonu olmasının ötesinde, tavanındaki turkuaz burçlar haritasıyla bir sanat merkezidir. Ana salondaki dört yüzlü opal saati incelemeyi ve ""Fısıltı Galerisi""ndeki kemerlerin çapraz köşelerine geçip duvara fısıldayarak karşılıklı köşelerden konuşmayı mutlaka denemelisiniz.
- The High Line: Eski bir yük tren hattının dönüştürülmesiyle ortaya çıkan bu yürüyüş yolu, binaların arasından ve üstünden geçen havada asılı bir park gibidir. Gansevoort Street'ten başlayıp Hudson Yards'taki o dev ""Vessel"" yapısına kadar uzanan bu rota, kentsel dönüşümün en havalı örneği.
- The Met (Metropolitan Sanat Müzesi): Beş bin yıllık insanlık tarihini tek bir çatı altında toplayan, dünyanın en büyük ve en etkileyici müzelerinden biri. İçeride Mısır’dan getirilen orijinal Temple of Dendur tapınağını ve Avrupa resim sanatının dev ustalarını aynı gün içinde görebilirsiniz. Müzenin çatısındaki teras, Central Park manzarasına karşı soluklanmak için en iyi noktalardan biridir. Bir tam gününüzü ayırabileceğiniz bu müze için eskiden ""gönlünden ne koparsa öde"" sistemi vardı, ancak günümüzde turisler için sabit bilet fiyatı uygulanıyor.
- MoMA (Modern Sanat Müzesi): Van Gogh’tan Picasso’ya uzanan modern sanatın kalbinin attığı yer tam olarak burası. Bu müze, Van Gogh'un ""Yıldızlı Gece"" tablosundan Warhol’un eserlerine kadar modern sanatın en önemli eserlerine ev sahipliği yapıyor. Müzenin tasarım mağazası (MoMA Design Store) da en az koleksiyon kadar keyifli; dünyanın dört bir yanından yaratıcı objelerle başlı başına mutlaka görülmesi gereken bir keşif duraktır. Müzeye giriş için önceden bilet almanız gerekiyor, ancak zaman zaman sponsorlu ""ücretsiz cuma akşamları"" (Uniqlo Free Fridays gibi) düzenlenebiliyor. Gitmeden önce web sitesini kontrol etmekte fayda var.
- Rockefeller Center & Top of the Rock: Özellikle kış aylarında kurulan dev Noel ağacı ve önündeki buz pateni pistiyle New York’un en ikonik kartpostallarından biri. Ancak burası sadece sezonluk bir durak değil; yıl boyunca yaşayan, mağazaları, stüdyoları ve meydanı ile şehrin en hareketli buluşma noktalarından biri. Manzara terası Top of the Rock, Empire State’i tam karşıdan ve engelsiz görebileceğiniz en iyi açıya sahip. Özellikle gün batımında hem Central Park’ı hem Midtown silüetini aynı kareye sığdırabilirsiniz. Bilmenizde fayda var: Terasa çıkış için önceden bilet almanız gerekmektedir; özellikle gün batımı saatleri için online rezervasyon yapmak uzun kuyruklardan kurtaracaktır.
- Wall Street ve Charging Bull: Dünyanın finans kalbinin attığı sokak burası. New York Stock Exchange (NYSE) binasının o heybetli cephesini yakından görebilir, ardından Bowling Green Park’taki meşhur Boğa heykeliyle klasik bir New York fotoğrafı çekebilirsiniz. Rivayete göre boğaya dokunmak şans getiriyor; bu yüzden özellikle gündüz saatlerinde önünde küçük bir sıra görmek oldukça normaldir.
- New York Halk Kütüphanesi ve Bryant Park: Kütüphanenin girişinde sizi iki ikonik aslan heykeli karşılar: Patience (Sabır) ve Fortitude (Dirayet). İçeri girip Rose Reading Room salonunun ulaştığınızda ise devasa pencereleri ve tavan süslemeleri, size sessizliğin içinde muazzam bir atmosfer sunacak. Hemen arkasındaki Bryant Park ise lokallerin kahve içip dinlendiği şehrin ""arka bahçesi"" gibi hissedeceğiniz duraklarından. 
- SUMMIT One Vanderbilt: Şehrin en yeni ve en popüler manzara teraslarından biri; aynı zamanda interaktif bir sanat deneyimi. Aynalı odaları ve havada uçuşan gümüş balonlarıyla, size adeta yerçekimsiz bir ortamdaymışsınız hissi veren dijital bir deneyim sunarken tam bir görsel şölen yaşatacak. Biletlerin sınırlı olduğunu göz önünde bulundurarak, bu eşsiz deneyim için mutlaka önceden online satın almak sizi bir adım öne taşıyacaktır.
- Flatiron Building: 1902’de tamamlanan bu ütü şeklindeki bina, gökdelen mimarisinin öncülerinden biri ve üçgen formuyla şehrin en ikonik yapılarından. Madison Square Park ile Broadway’in kesiştiği bu nokta, size New York’un en karakteristik perspektiflerinden birini sunacak. İçine girmek mümkün olmasa da önünde fotoğraf çekmek ve Madison Square Park’ta kısa bir mola vermek oldukça keyifli.",🏛️ The City's Memory: Iconic Landmarks Must-See,"New York is more than just skyscrapers; this city is made up of the stories lived within those buildings and the moments that changed the fate of the world. Visiting these spots to truly feel the city will naturally tell you how New York became the ""capital of the world."" Although every corner feels like a scene from a movie, some places present the city's identity exactly as it is. Remember, planning ahead for some of the stops you visit can save both your wallet and your time.

- Statue of Liberty and Ellis Island: A symbol of America and hope, this monument was the first sight millions of immigrants saw as they entered the city by ship. The Immigration Museum on Ellis Island bears witness to the stories of these people. Good to know: If you want to climb to the crown, you must book your tickets months in advance. If you just want to pass by and take photos, the Staten Island Ferry offers a wonderful sea journey.
- Empire State Building: One of the most magnificent examples of Art Deco architecture, this building is practically the king of the New York skyline. From the terraces on the 86th and 102nd floors, you can watch the city in 360 degrees and lay that iconic Manhattan view right at your feet. It’s worth getting tickets in advance; especially sunset hours are the most crowded. For a calmer experience, late nights are a good alternative. As you look at the lights at the top of the building, you’ll notice they turn a different color every night. This isn’t a coincidence; the city reflects whatever it is celebrating or commemorating that day into the sky.
- 9/11 Memorial & Museum: Located on the former site of the Twin Towers, the massive memorial pools silently honor the thousands whose names are etched in bronze plaques. The museum right below tells the traces of the attack in detail through underground preserved remains and personal stories. Tickets are required for the visit. The ""Survivor Tree"" you’ll see by the pools is one of the most touching symbols, having managed to survive all the destruction and becoming a sign of resilience today.
- Central Park: Spanning 800 massive acres right in the middle of the city's noise, this park is literally where New York breathes. You can examine the tiles on the ceiling of Bethesda Terrace, commemorate John Lennon at Strawberry Fields, or reenact those famous movie scenes on Bow Bridge. Renting a bike is the most pleasant and practical way to explore the entire park.
- Brooklyn Bridge: When it opened in 1883, it was the longest suspension bridge in the world, and it remains an impressive engineering masterpiece with its neo-Gothic towers. But what makes this place special isn't just history; crossing the bridge on foot is a New York classic in its own right. As you move step by step from Manhattan toward Brooklyn, you leave the massive wall of skyscrapers behind and find yourself within riverside parks and postcard-perfect views in just a few minutes.
- Times Square: When you step into this spot, known as the ""Crossroads of the World,"" be ready for the city's pace to suddenly double. Giant screens that never dim for 24 hours, non-stop crowds, and the sound of horns... This is the most chaotic yet iconic face of New York's endless energy. If you want to experience a Broadway musical, you can find discounted last-minute tickets at the Broadway booths (TKTS) under the red stairs in the square. A small reminder: if you want to take photos with the costumed characters you see around, don't forget that they will expect a tip from you.
- Broadway Theatre District: The heartbeat of New York, the ""Great White Way."" This area, where the world's best musicals and plays are staged, is not just a theater district; it’s an entire experience with its neon lights, historic theater buildings, and the excitement of actors at the stage doors. A small reminder: it’s almost essential to buy your tickets online months in advance for popular musicals.
- DUMBO & Brooklyn Bridge Park: This former warehouse neighborhood under the feet of the Manhattan Bridge is today one of the city's most characterful corners with its cafes, design shops, and cobblestone streets. On Washington Street, you can take that famous photo where the Empire State Building is perfectly framed by the bridge, then take a long walk in the riverside park against the Manhattan skyline. The nostalgic Jane’s Carousel inside a glass pavilion is a sweet stop you must visit.
- Grand Central Terminal: Beyond being the world's most platformed train station, this is an art center with the turquoise celestial map on its ceiling. You must try examining the four-faced opal clock in the main hall and heading to the diagonal corners of the ""Whispering Gallery"" to talk across from each other by whispering into the wall.
- The High Line: Created by converting an old freight train line, this walking path is like a park suspended in the air, passing through and over buildings. This route, extending from Gansevoort Street to that giant ""Vessel"" structure in Hudson Yards, is the coolest example of urban transformation.
- The Met (Metropolitan Museum of Art): One of the largest and most impressive museums in the world, gathering five thousand years of human history under one roof. Inside, you can see the original Temple of Dendur brought from Egypt and the great masters of European painting on the same day. The rooftop terrace is one of the best spots to catch your breath against the Central Park view. For this museum, which you can dedicate a full day to, there used to be a ""pay-as-you-wish"" system, but today a fixed ticket price applies for tourists.
- MoMA (Museum of Modern Art): This is exactly where the heart of modern art beats, from Van Gogh to Picasso. This museum houses some of the most important works of modern art, from Van Gogh's ""The Starry Night"" to Warhol's works. The museum's design store (MoMA Design Store) is just as pleasant as the collection; it’s a discovery stop you must see, featuring creative objects from all over the world. You need to get tickets in advance for entry, but sponsored ""free Friday nights"" (like Uniqlo Free Fridays) are held from time to time. It’s worth checking the website before you go.
- Rockefeller Center & Top of the Rock: One of New York's most iconic postcards, especially with the giant Christmas tree and the ice rink in front of it during winter months. But this isn't just a seasonal stop; it's one of the city's liveliest meeting points year-round with its shops, studios, and square. The observation deck, Top of the Rock, has the best angle to see the Empire State Building directly and unobstructed. Especially at sunset, you can fit both Central Park and the Midtown skyline into the same frame. Good to know: you need to get tickets in advance to go up to the terrace; especially for sunset hours, making an online reservation will save you from long queues.
- Wall Street and Charging Bull: This is the street where the financial heart of the world beats. You can see the imposing facade of the New York Stock Exchange (NYSE) building up close, then take a classic New York photo with the famous Charging Bull statue in Bowling Green Park. Rumor has it that touching the bull brings luck; that's why it's quite normal to see a small line in front of it, especially during the day.
- New York Public Library and Bryant Park: Two iconic lion statues greet you at the entrance of the library: Patience and Fortitude. When you step inside and reach the Rose Reading Room, the massive windows and ceiling decorations will offer you a magnificent atmosphere within the silence. Bryant Park, right behind it, is one of the stops where you'll feel like it’s the city's ""backyard,"" where locals relax and drink coffee.
- SUMMIT One Vanderbilt: One of the city's newest and most popular observation decks; also an interactive art experience. While offering you a digital experience that makes you feel as if you are in a weightless environment with its mirrored rooms and floating silver balloons, it will provide a total visual feast. Considering that tickets are limited, buying online in advance for this unique experience will put you one step ahead.
- Flatiron Building: Completed in 1902, this iron-shaped building is one of the pioneers of skyscraper architecture and one of the city's most iconic structures with its triangular form. This spot, where Madison Square Park and Broadway intersect, will offer you one of New York's most characteristic perspectives. While it’s not possible to go inside, taking a photo in front of it and taking a short break in Madison Square Park is quite delightful."
New York,6,"🍴 Şehrin Lezzet Haritası: Hızlı, Cesur, Lezzetli","New York’ta karnınızın acıkması aslında şehrin en keyifli maceralarından birinin başlangıcı. Burada yemek sadece karın doyurmak değil; dünyanın dört bir yanından gelen kültürlerin tek bir tabakta, bazen de bir kâğıt peçete üzerinde buluşması demek. Michelin yıldızlı restoranlardan köşe başındaki seyyar arabalara kadar her yerde New York’un gerçek tadını yakalayabilirsiniz. Şehrin mutfağı denince akla gelen o klasikleşmiş lezzetler ise karakterini birebir özetler: hızlı, çeşitli ve her zaman etkileyici.

- Meşhur ""New York Slice"" (Pizza): New York’ta pizza, adeta ayaküstü yenen bir sanat. İncecik hamuru, kenarlarından süzülen yağıyla o devasa dilimi ikiye katlayıp sokakta yürürken yemek gerçek bir New York ritüeli. Manhattan’ın her köşesinde ""99 cent"" tabelaları görebilirsiniz ama gerçek bir klasik için Joe’s Pizza gibi noktaları denemelisiniz.
- Sabahların Vazgeçilmezi - New York Bagel: ""New York’un suyu başkadır"" efsanesinin çıkış noktası işte bu simit benzeri ama içi yumuşacık lezzet. Yanına ""cream cheese"" (krem peynir) ve füme somon (lox) ekleterek güne tam bir New Yorklu gibi başlayabilirsiniz.
- Bir Efsane - Pastrami Sandviç: New York’a gelip Katz’s Delicatessen’de o devasa çavdar ekmeği arasına dizilmiş dumanı tüten pastırmalı sandviçten yemeden dönmek olmaz. Biraz sıra beklemeye hazır olun ama o ağızda dağılan etin tadı buna fazlasıyla değecek.
- Sokak Lezzetlerinin Kralı - Halal Carts: New York sokaklarında burnunuza gelen o iştah açıcı baharat kokusu genellikle ""Halal Guys"" ve benzeri arabalardan gelir. Tavuk-pilav ve üzerine dökülen o meşhur beyaz sos, New York koşturmacası arasında en doyurucu ve ikonik öğle yemeği alternatifidir.
- Tatlı Bir Final - New York Cheesecake: Dünyanın her yerinde cheesecake var ama ""New York Style"" olanın o yoğun, kremsi ve pürüzsüz dokusu bambaşkadır. Junior’s gibi klasik duraklarda bu lezzetin orijinal halini tadabilirsiniz.
- Sosisli Arabaları (Hot Dogs): Filmlerin olmazsa olmazı, her köşe başında sizi bekleyen o meşhur sosisli arabaları... Belki gurme bir lezzet değil ama Central Park’ta yürürken elinizde bir ""hot dog"" olması, New York atmosferini tamamlayan en önemli detaylardan biri.
- Burgerin Modern Efsanesi (Shake Shack): Her şey Madison Square Park'taki küçük bir seyyar arabayla başladı. Bugün New York’un en sevilen burger duraklarından biri olan Shake Shack’te, o meşhur ""ShackBurger""ı yerinde denemek gerçek bir lokal deneyim olacak.
- O Muazzam Kurabiye - Levain Bakery: New York’un en meşhur kurabiyesiyle tanışın. Neredeyse yarım kilo ağırlığında, dışı çıtır içi ise hala akışkan olan bu dev kurabiyeler (özellikle Chocolate Chip Walnut) için Upper West Side’daki o küçük dükkanın önünde sıra beklemeye kesinlikle değer.
- Magnolia Bakery’nin Banana Pudding'i: Sex and the City ile meşhur olan bu fırında cupcake'ler popüler olsa da, asıl yıldız ""Banana Pudding""dir. Hafif, bulut gibi bir tatlı arıyorsanız Bryant Park kenarında bir mola verip bunu mutlaka denemelisiniz.
- Chinatown’da Dumpling Keyfi: New York’un çok kültürlü yapısını tatmanın en ucuz ve en lezzetli yolu Chinatown’dır. Nom Wah Tea Parlor gibi tarihi mekanlarda veya sokak arasındaki küçük büfelerde Çin mantılarının (dumpling) tadına bakabilirsiniz.
- Klasik Amerikan Steakhouse Deneyimi: Eğer bütçenizi biraz zorlamak ve gerçek bir New York ""dinner"" deneyimi yaşamak isterseniz, Peter Luger veya Keens gibi tarihi et restoranlarında o devasa bifteklerin tadına bakabilirsiniz. Bu restoranlarda kendinizi eski bir New York filminde gibi hissedeceksiniz.

💡 Lokal İpuçları:
- Rezervasyon Şart: Eğer popüler veya şık bir restorana gitmek istiyorsanız, haftalar öncesinden ""Resy"" veya ""OpenTable"" üzerinden yerinizi ayırtın; New York’ta kapıdan girip yer bulmak bazen imkansız olabilir.
- Su İçin Para Ödemeyin: Restoranlarda oturduğunuz an önünüze buzlu su gelir. Bu musluk suyudur ama New York’un musluk suyu gayet temiz ve içilebilirdir. Ekstra bir şişe su söyleyip bütçenizi yormanıza gerek yok.
- Porsiyonlara Dikkat: Amerika’da ""küçük"" boy bile beklediğinizden büyük gelebilir. Sipariş verirken porsiyonların cömert olduğunu unutmayın, paylaşmak her zaman iyi bir fikirdir.","🍴 A Taste of the City: Fast, Bold, Delicious","Getting hungry in New York is actually the start of one of the city's most enjoyable adventures. Here, food isn't just about filling your stomach; it’s about cultures from all over the world meeting on a single plate, or sometimes even just on a paper napkin. You can catch the real taste of New York everywhere, from Michelin-starred restaurants to street carts on every corner. The classic flavors that come to mind when you think of the city's cuisine perfectly summarize its character: fast, diverse, and always impressive.

- The Famous ""New York Slice"" (Pizza): Pizza in New York is practically an art form eaten on the go. Folding that giant, thin-crust slice with oil dripping from the edges and eating it while walking down the street is a true New York ritual. You might see ""99 cent"" signs on every corner in Manhattan, but for a real classic, you should try spots like Joe’s Pizza.
- The Morning Essential - New York Bagel: The legend that ""New York water is different"" originates from this bagel-like but soft-on-the-inside delicacy. By adding cream cheese and lox (smoked salmon), you can start your day exactly like a true New Yorker.
- A Living Legend - Pastrami Sandwich: You can’t leave New York without eating a steaming pastrami sandwich piled high between slices of rye bread at Katz’s Delicatessen. Be prepared to wait in line, but the melt-in-your-mouth meat is more than worth it.
- The King of Street Food - Halal Carts: That appetizing scent of spices you catch on New York streets usually comes from ""The Halal Guys"" or similar carts. Chicken over rice with that famous white sauce is the most filling and iconic lunch alternative amidst the NYC hustle.
- A Sweet Finale - New York Cheesecake: There is cheesecake everywhere in the world, but the dense, creamy, and smooth texture of ""New York Style"" is something else entirely. You can taste the original version of this delicacy at classic stops like Junior’s.
- Hot Dog Carts: A movie staple waiting for you on almost every corner... It might not be a ""gourmet"" treat, but having a hot dog in your hand while walking through Central Park is one of the key details that completes the New York atmosphere.
- The Modern Burger Legend (Shake Shack): It all started with a small cart in Madison Square Park. Today, trying the famous ""ShackBurger"" at its source in Shake Shack—one of New York's most beloved burger spots—will be a true local experience.
- The Massive Cookie - Levain Bakery: Meet New York’s most famous cookie. Weighing nearly half a pound, these giant cookies (especially the Chocolate Chip Walnut) are crispy on the outside and still gooey on the inside—definitely worth waiting in line at that small shop on the Upper West Side.
- Magnolia Bakery’s Banana Pudding: While the cupcakes at this bakery made famous by Sex and the City are popular, the real star is the ""Banana Pudding."" If you're looking for a light, cloud-like dessert, you must take a break near Bryant Park and try this.
- Dumpling Joy in Chinatown: The cheapest and tastiest way to experience New York’s multicultural vibe is Chinatown. You can enjoy dumplings at historic spots like Nom Wah Tea Parlor or at tiny hole-in-the-wall stands in the alleys.
- Classic American Steakhouse Experience: If you want to splurge a bit and experience a real New York ""dinner,"" you can try the massive steaks at historic spots like Peter Luger or Keens. In these restaurants, you'll feel like you’ve stepped into an old New York film.

💡 Local Tips:
- Reservations are a Must: If you want to go to a popular or chic restaurant, book your table weeks in advance via ""Resy"" or ""OpenTable""; walking in and finding a seat in New York can sometimes be impossible.
- Don't Pay for Water: The moment you sit down in a restaurant, iced water is placed in front of you. This is tap water, but NYC tap water is perfectly clean and drinkable. No need to strain your budget by ordering extra bottled water.
- Watch the Portions: In America, even a ""small"" size can be larger than you expect. Remember that portions are generous when ordering—sharing is always a great idea."
New York,7,🤫 Şehrin Fısıldadıkları: Lokal Sırlar,"New York sadece caddeleri ve dev binalarıyla değil, bu devasa karmaşanın içine gizlenmiş küçük mucizeleriyle de New York’tur. Çoğu turist tabelaları takip ederken, siz biraz rotadan çıkıp bu “fısıltıların” peşine düşerseniz şehri bambaşka bir gözle görmeye başlarsınız. Çünkü New York’u gerçekten keşfetmek, kalabalığın arasından sıyrılıp o küçük ama etkileyici detayları yakalamaktan geçer. İşte sizi bir anda filmin dışına çıkarıp bir lokalin gizli bahçesine sokacak o saklı duraklar:

- Eski City Hall İstasyonu (Gizli İstasyon): 6 numaralı trenin son durağı olan Brooklyn Bridge/City Hall istasyonuna geldiğinizde herkes inecek; ama siz inmeyin ve koltuğunuza iyice yerleşin. Tren geri dönüş manevrası yaparken 1904'ten kalma, kapalı olan o meşhur, görkemli ""City Hall"" istasyonunun içinden geçer. Avizeleri ve şık tavanıyla bu gizli tarih şovunu izlemek harika bir deneyimdir.
- Gökdelenlerin Arasında Bir Şelale (Greenacre Park): Midtown'ın o kaotik binaları arasında yürürken 51. Sokak'ta (2. ve 3. Avenue arası) durun. Burada, beton ormanının ortasında 7 metrelik gerçek bir şelale gizli. Lokallerin sandviçlerini alıp su sesi eşliğinde kafa dinlediği en huzurlu kaçış noktalarından birine siz de dahil olun.
- Elevated Acre (Gizli Teras): Financial District’te, gökdelenlerin arasında saklı kalmış devasa bir çim alan ve teras vardır. 55 Water Street binasının yanındaki yürüyen merdivenleri takip ettiğinizde, turistlerden uzak, Brooklyn Köprüsü manzaralı bu gizli bahçeye ulaşacaksınız.
- Berlin Duvarı’nın Parçaları: New York’un ortasında tarihin tozlu sayfalarına dokunmak ister misiniz? 52. Sokak’ta sıradan bir ofis binasının (520 Madison Ave) avlusunda Berlin Duvarı’nın beş adet orijinal paneli duruyor. Çoğu New Yorklu bile her gün önünden geçip fark etmez.
- The Campbell Apartment: Grand Central Terminali’nin içinde, kalabalıktan tamamen izole edilmiş gizli bir kapının arkasında, 1920’lerin ihtişamını yansıtan bu barı bulun. Bir zamanlar bir finansçının özel ofisi olan bu mekan, sizi bir anda Büyük Gatsby dünyasına ışınlayacak.
- Roosevelt Island Tramway: Bu aslında bir ulaşım aracı ama New York’un en iyi saklanan manzara sırlarından biri. Metro kartınızı (veya OMNY) kullanarak binebileceğiniz bu teleferik, sizi Manhattan ve Queens arasında, nehrin üzerinden uçurur. Gün batımında binmek ise paha biçilemez bir görsel şölen sunacak.
- Sessiz Bir Köşe (Morgan Library & Museum): Eğer kütüphaneleri seviyorsanız burası sizin mabediniz olacak. J.P. Morgan’ın özel kütüphanesi olan bu müze, tavanına kadar uzanan nadir kitap koleksiyonuyla kendinizi Disney’in Güzel ve Çirkin filmindeki kütüphanede gibi hissettirecek kadar büyüleyici.",🤫 Whispers of the City: Local Secrets,"New York is New York not just because of its avenues and giant buildings, but also because of the tiny miracles hidden within this massive chaos. While most tourists follow the signs, if you stray off the path a bit and follow these ""whispers,"" you'll start to see the city with completely different eyes. Because truly discovering New York is about stepping away from the crowd and catching those small but impressive details. Here are those hidden stops that will instantly take you out of the movie and into a local's secret garden:

- The Old City Hall Station (The Secret Station): When you reach the Brooklyn Bridge/City Hall station—the last stop for the number 6 train—everyone will get off; but don’t. Stay seated and get comfortable. As the train performs its return maneuver, it passes through the famous, magnificent, and closed-off ""City Hall"" station dating back to 1904. Watching this hidden showcase of history with its chandeliers and elegant ceiling is a wonderful experience.
- A Waterfall Between Skyscrapers (Greenacre Park): While walking through the chaotic buildings of Midtown, stop at 51st Street (between 2nd and 3rd Ave). Here, hidden in the heart of the concrete jungle, is a real 25-foot (7-meter) waterfall. Join the locals who grab their sandwiches and relax to the sound of the water at one of the city's most peaceful escape points.
- Elevated Acre (The Hidden Terrace): In the Financial District, there is a massive lawn and terrace tucked away between skyscrapers. If you follow the escalators next to the building at 55 Water Street, you will reach this hidden garden away from tourists, with a stunning view of the Brooklyn Bridge.
- Pieces of the Berlin Wall: Want to touch the dusty pages of history in the middle of New York? In the courtyard of an ordinary office building (520 Madison Ave) on 52nd Street, there are five original panels of the Berlin Wall. Most New Yorkers walk past them every day without even noticing.
- The Campbell Apartment: Inside Grand Central Terminal, behind a secret door completely isolated from the crowds, find this bar that reflects the glamour of the 1920s. Once a financier's private office, this venue will instantly transport you into the world of The Great Gatsby.
- Roosevelt Island Tramway: This is technically public transport, but it’s one of New York’s best-kept scenic secrets. Using your metro card (or OMNY), this cable car flies you over the river between Manhattan and Queens. Riding it at sunset will offer a priceless visual feast.
- A Quiet Corner (Morgan Library & Museum): If you love libraries, this will be your sanctuary. J.P. Morgan’s private library, now a museum, is so enchanting with its rare book collection reaching to the ceiling that you'll feel like you're in the library from Disney's Beauty and the Beast."
New York,8,✅ Mutlaka Yapmadan Dönme: New York Checklist,"- Sarı Taksiye El Kaldır: Kaldırımın kenarına çıkın, elinizi kararlı bir şekilde havaya kaldırın ve filmlerdeki gibi o meşhur sarı taksilerden birini durdurun.
- Bir Dilim Pizzayı Katlayıp Ye: Joe’s Pizza gibi bir durakta o devasa pizza dilimini alın, ortadan ikiye katlayın ve bir yandan yürürken bir yandan bu New York klasiğinin tadını çıkarın.
- Brooklyn Köprüsü’nü Yürüyerek Geç: Özellikle gün batımında Brooklyn tarafından Manhattan’a doğru yürüyün; gökdelenlerin birer birer yanan ışıkları size unutulmaz bir manzara sunacak.
- Central Park’ta Kaybol: Sadece ana yollarda kalmayın; parkın derinliklerine girin, bir bankta oturun ve şehrin ortasındaki bu inanılmaz sessizliğin tadını çıkarın.
- ""Stand Clear of the Closing Doors"" Sesini Duy: New York metrosuna binin ve her kalkışta duyacağınız o ikonik anons eşliğinde şehrin yeraltı dünyasını keşfedin.
- Broadway’de Bir Müzikal İzle: Sahne sanatlarının zirvesi olan Broadway’de büyüleyici bir şov izlemeden, o tiyatro ışıklarının enerjisini hissetmeden dönmeyin.
- Sabah Kahvaltısında Bagel Ye: Güne gerçek bir New Yorklu gibi başlamak için bol krem peynirli ve somonlu bir bagel (lox) kapın.
- Times Square’in Işıkları Altında Dur: Kalabalık ve gürültülü olsa da, gece yarısı Times Square’in ortasında durup o dev ekranların şehri nasıl gündüz gibi aydınlattığını bizzat görün.
- Village’da Caz Dinle: Akşam çöktüğünde Greenwich Village’daki o daracık merdivenlerden aşağı inin ve Village Vanguard veya Blue Note gibi efsanevi bir kulüpte New York’un gerçek ruhunu, cazın tınılarında hissedin.
- Staten Island Feribotu ile Özgürlük’e El Salla: Özgürlük Anıtı’nın yanından geçen bu feribota binin; nehir rüzgarını yüzünüzde hissederken heykele en ekonomik ve keyifli yoldan merhaba deyin.
- Friends Apartmanı’nın Önünde Fotoğraf Çekil: West Village’ın o meşhur köşesine (Bedford ve Grove Sokaklarının kesişimi) gidin. Dizideki o efsanevi apartmanın dış cephesini görünce kulaklarınızda bir anda ""I’ll Be There for You"" çalmaya başlayacak.
- Şehre Bir Gökdelenin Tepesinden Bak: Top of the Rock veya SUMMIT gibi bir noktadan New York’un o bitmek bilmeyen silüetini yukarıdan izleyin.
- High Line’da Gökyüzü Yürüyüşü Yap: Binaların arasından süzülen bu eski demiryolu hattında yürürken şehrin nasıl dönüştüğüne şahitlik edin.
- Sokakta Bir Kahve Kap ve Sadece Yürü: Elinizde bir karton bardak kahveyle Manhattan blokları arasında adımlayın; New York’u New York yapan o meşhur tempoyu ancak yürürken yakalayabilirsiniz.
- Washington Square Park’ta Satranç İzle: Parkın köşesindeki o meşhur satranç masalarına gidin; hem profesyonel oyuncuların hızına şahit olun hem de o ikonik kemerin altında sokak sanatçılarının müziğine kendinizi bırakın.
- Grand Central’da ""Fısıltı Galerisi""ni Dene: Terminalin alt katındaki o meşhur kemerli köşeye gidin, arkadaşınız tam çapraz köşeye geçsin; duvara fısıldadığınız kelimelerin diğer uçtan nasıl berrak bir şekilde duyulduğuna şaşırın.
- Bir Stand-Up Show’a Katıl: New York mizahın başkentidir. Comedy Cellar gibi bir kulüpte, belki de yarının efsanesi olacak bir komedyeni izleyerek gecenizi kahkahalarla taçlandırın.",✅ The New York Checklist: Don't Leave Without Doing These,"- Hail a Yellow Cab: Step to the curb, raise your hand with confidence, and hail one of those famous yellow taxis just like in the movies.
- Fold and Eat a Slice of Pizza: Grab a giant slice at a spot like Joe’s Pizza, fold it in half, and enjoy this New York classic while walking and soaking in the city.
- Walk Across the Brooklyn Bridge: Walk from Brooklyn toward Manhattan, especially at sunset; watching the skyscraper lights flicker on one by one will offer you an unforgettable view.
- Get Lost in Central Park: Don’t just stick to the main paths; head deep into the park, find a bench, and enjoy that incredible silence right in the middle of the city.
- Hear ""Stand Clear of the Closing Doors"": Ride the NYC subway and explore the city's underground world accompanied by that iconic announcement at every departure.
- Watch a Musical on Broadway: Don’t leave without seeing a breathtaking show at the pinnacle of performing arts—Broadway—and feeling the energy of those theater lights.
- Have a Bagel for Breakfast: Grab a bagel with plenty of cream cheese and lox to start your day like a true New Yorker.
- Stand Under the Lights of Times Square: Even though it’s crowded and noisy, stand in the middle of Times Square at midnight to see for yourself how those giant screens light up the city like it's broad daylight.
- Listen to Jazz in the Village: As evening falls, head down those narrow stairs in Greenwich Village and feel the true soul of New York in the notes of jazz at a legendary club like Village Vanguard or Blue Note.
- Wave to Liberty on the Staten Island Ferry: Hop on this ferry that passes right by the Statue of Liberty; say hello to the Lady in the most scenic and budget-friendly way while feeling the river breeze on your face.
- Snap a Photo at the ""Friends"" Apartment: Head to that famous corner in the West Village (at the intersection of Bedford and Grove). The moment you see the exterior of that legendary building, ""I'll Be There for You"" will instantly start playing in your head.
- See the City from a Skyscraper: Watch New York’s endless skyline from above at a spot like Top of the Rock or SUMMIT.
- Take a Sky-Walk on the High Line: Witness how the city has transformed as you walk along this former elevated rail line that winds through and above the buildings.
- Grab a Coffee and Just Walk: Walk through the Manhattan blocks with a cardboard cup of coffee in hand; you can only catch that famous New York tempo by hitting the pavement.
- Watch Chess in Washington Square Park: Head to those famous chess tables in the corner of the park; witness the speed of the pros and let yourself be carried away by the street performers under the iconic arch.
- Try the ""Whispering Gallery"" at Grand Central: Go to that famous arched corner in the terminal's lower level, have your friend stand at the opposite corner, and be amazed at how clearly your whispered words travel through the stone.
- Catch a Stand-Up Show: New York is the capital of comedy. Crown your night with laughter at a club like Comedy Cellar, where you might just see a future legend on stage."
Nice,1,"Nice: Côte d'Azur'un Kalbi, Fransız Rivierası'nın İncisi","Hızlı Bakış: Nice, adımınızı attığınız andan itibaren sizi bir İtalyan kasabasının sıcaklığı ile Fransız Rivierası’nın (Côte d'Azur) aristokrat şıklığı arasında bir yerde karşılar. 1860 yılına kadar Sardinya Krallığı’na (İtalya) ait olmasının bir mirası olarak; sarı-turuncu binaları, dar sokakları ve yüksek sesli neşesiyle burası aslında ""Fransa'nın içindeki İtalya""dır. Şehrin kalbi Promenade des Anglais boyunca yürürken palmiyelerin gölgesinde o meşhur turkuaz suları izlemek, Nice'in neden yüzyıllardır sanatçıların ve aristokratların kaçış rotası olduğunu anlamanıza yeter. 

Trafik ve Park Kültürü: Nice’te araba kullanmak ve o daracık sokaklarda park yeri bulmak tam anlamıyla bir sabır testidir. Şehir merkezi trafiği ve otopark sorunuyla savaşmak yerine, aracınızı bir kenara bırakıp Nice’i son derece dakik çalışan tramvay hattı veya sahil boyunca dizili kasabaları (Monaco, Cannes, Eze) birbirine bağlayan trenlerle (TER) keşfetmek, gerçek bir lokal stratejisidir. Unutmayın, Nice’te özgürlük direksiyon başında değil, rayların üzerindedir.","Nice: The Heart of the Côte d'Azur, Pearl of the French Riviera","Quick Glimpse: From the moment you step in, Nice greets you somewhere between the warmth of an Italian village and the aristocratic elegance of the French Riviera (Côte d’Azur). As a legacy of its history under the Kingdom of Sardinia (Italy) until 1860, the city—with its sun-drenched yellow-orange facades, narrow winding alleys, and vibrant energy—is essentially ""Italy in the heart of France."" Strolling along the Promenade des Anglais under the shade of palm trees while gazing at those iconic turquoise waters is enough to understand why Nice has been the ultimate escape for artists and aristocrats for centuries.

Traffic and Parking Culture: Driving in Nice and hunting for a parking spot in its cramped streets is a true test of patience. Rather than struggling with city center traffic and the parking nightmare, leaving your car behind is the move. Exploring Nice via the punctual tram lines or the regional trains (TER) that link glamorous coastal gems like Monaco, Cannes, and Eze is a quintessential local strategy. Remember, in Nice, freedom is not found behind the steering wheel; it is on the rails."
Nice,2,📅 Takviminizi Ayarlayın: Hangi Mevsim Sizin?,"Nice, her mevsimde ışığın farklı bir oyununu sergiler; ancak şehri ne zaman ziyaret edeceğiniz, o meşhur ""Fransız Rivierası"" rüyasını hangi tonda yaşamak istediğinize bağlıdır.

- İlkbahar (Nisan - Haziran): Nice’in en aristokrat ve en taze zamanıdır. Cours Saleya’daki çiçek pazarı bu aylarda renk patlaması yaşarken, hava henüz yakıcı olmayan o tatlı Akdeniz sıcaklığına bürünür. Matisse’in peşinden koştuğu o meşhur altın ışığı yakalamak için en iyi zamandır. Ayrıca Mayıs ayında yanı başınızdaki Cannes Film Festivali’nin ışıltısı tüm şehre yayılır; sokaklarda her an bir film yıldızıyla karşılaşma ihtimaliniz en yüksektir.
- Yaz (Temmuz - Ağustos): Şehrin en ""yüksek"" sesli ve en gösterişli dönemidir. Turkuaz suların en sıcak olduğu, Nice Caz Festivali ile sokakların müzikle dolduğu bu aylar tam bir ""La Belle Vie"" (Güzel Hayat) kutlamasıdır. Ancak uyaralım; bu dönemde Nice bir ""insan denizi""ne dönüşür. Sahildeki o meşhur mavi sandalyelerde yer bulmak bir savaş stratejisi gerektirebilir ve otel fiyatları Côte d'Azur lüksünün zirvesine çıkar.
- Sonbahar (Eylül - Ekim): Lokallerin Nice'e en çok değer verdiği ""pastırma yazı"" dönemidir. Kalabalıklar çekilmiş, deniz suyu hala ılıktır. Akşamüstleri bir kadeh Provence rosé’si eşliğinde gün batımını izlemek için en huzurlu andır. Şehrin o İtalyan ruhu, bu aylarda Fransız sakinliğiyle muazzam bir denge kurar.
- Kış (Kasım - Mart): Nice, Akdeniz’in kış güneşine en sadık kaldığı şehirlerden biridir. Kışın asıl yıldızı ise Şubat ayıdır. Dünyanın en eski festivallerinden biri olan Nice Karnavalı (Carnaval de Nice) sırasında şehir devasa bir çiçek savaşına ve maskeli baloya dönüşür. Eğer deniz seviyesinden biraz uzaklaşıp karın tadını çıkarmak isterseniz, Nice’ten sadece 1.5 saat uzaklıktaki Fransız Alpleri’ne kısa bir kayak kaçamağı yapabilirsiniz.",📅 Timing is Everything: Which Season is Yours?,"Nice showcases a different play of light with every season; however, when you choose to visit depends on which tone of the famous ""French Riviera"" dream you wish to live.

- Spring (April – June): This is Nice at its most aristocratic and fresh. While the flower market at Cours Saleya experiences a vibrant explosion of color, the air settles into that sweet Mediterranean warmth—balmy but not yet scorching. It is the prime time to capture that legendary golden light Matisse once sought. In May, the glamour of the nearby Cannes Film Festival permeates the entire city, making it the perfect time for celebrity spotting.
- Summer (July – August): The most flamboyant and energetic period of the year. With the turquoise waters at their warmest and the streets echoing with music during the Nice Jazz Festival, these months are a complete celebration of ""La Belle Vie."" A word of caution: Nice transforms into a ""sea of people"" during this time. Finding one of those iconic blue chairs on the beach requires a strategic plan, and hotel prices reach the peak of Côte d'Azur luxury.
- Autumn (September – October): This is the ""Indian Summer"" that locals cherish most. The heavy crowds have thinned, yet the seawater remains invitingly warm. It is the most serene time to watch the sunset with a glass of Provence rosé in hand. During these months, the city's Italian soul finds a magnificent balance with French serenity.
- Winter (November – March): Nice is one of the most faithful hosts to the Mediterranean winter sun. The true star of winter is February. During the Carnaval de Nice—one of the oldest festivals in the world—the city transforms into a grand masquerade and a floral battleground. If you crave the snow, the French Alps are just a 90-minute drive away, offering a perfect opportunity for a quick skiing escape."
Nice,3,🏠Nerede Kalmalı: Mahalle Rehberi,"Nice’de nerede konakladığınız, sabah dışarı çıktığınızda bir balıkçı pazarının gürültüsüne mi yoksa lüks bir butiğin mağrur zarafetine mi uyanacağınızı belirler. Şehir, her mahallesinde farklı bir kimlik sergiler.

- Vieux Nice (Eski Şehir): Şehrin atan kalbi olan bu bölge; pastel renkli binaları, daracık sokakları ve asırlık restoranlarıyla Akdeniz ruhunu en saf haliyle yaşatır. Tarihsel doku açısından rakipsiz olsa da, burada kalmanın kendine has doğası vardır: Binaların çoğu asansörsüzdür, sokakların canlılığı gece de devam edebilir ve dar yollar yağmurlu günlerde zeminleri biraz daha dikkat gerektirir hale getirebilir. Eğer ""eski dünyanın"" karakteristik güzelliğine aşıksanız, burası sizin yeriniz.
- Promenade des Anglais: Denize sıfır konumuyla şehrin en prestijli vitrinidir. İkonik ve lüks otellerin sıralandığı bu şerit, Nice’in en yüksek segmentteki konaklama alanıdır. Sabah uyandığınızda pencerenizden turkuaz suları izlemek ve palmiyelerin arasından yürüyüşe başlamak paha biçilemezdir; ancak bütçenizi en çok zorlayacak ve otopark olanaklarıyla sizi uğraştıracak nokta da tam olarak burasıdır.
- Le Port (Liman Bölgesi): Şehrin son yıllarda yükselen ve en ""hip"" kabul edilen mahallesidir. Dev lüks yatların, tozlu antikacılarla ve modern barlarla yan yana durduğu bu bölge, merkeze göre çok daha ""cool"" bir dokuya sahiptir. Şık butik otellerde Eski Şehir’e göre daha makul seçenekler bulabilir, tramvayla 5 dakikada ana meydanlara ulaşabilirsiniz. Burası, yerel halkın akşam yemeği için turist kalabalığından kaçtığı ana sığınaktır.
- Libération: Eğer turistlerin henüz tam anlamıyla istila etmediği, Nice’in ""gerçek"" mahalle kültürüne sızmak istiyorsanız, doğru yerdesiniz. Meyve-sebze pazarlarının taze kokusuyla uyanacağınız bu bölge, tramvay hattı sayesinde merkeze çok yakın ama karmaşadan bir o kadar uzaktır. Eski bir tren istasyonundan devasa bir yaşam alanına dönüştürülen Gare du Sud'un hemen dibinde, modern ve lokal bir hayatın içinde olursunuz.
- Cimiez: Şehrin gürültüsünden uzak, tepelerde kurulu elit ve aristokrat bir yerleşimdir. Roma kalıntılarına ve Matisse Müzesi'ne ev sahipliği yapan bu bölge, sessizlik arayanlar için bir huzur adasıdır. Merkeze biraz uzak olsa da, güçlü otobüs ağı ve şehrin üzerine çöken pusu tepeden izleme imkanı sunan manzarasıyla bu mesafeyi unutturur.",🏠 Where to Stay: Neighborhood Guide,"Where you choose to stay in Nice defines whether you wake up to the vibrant melody of a fish market or the refined harmony of a luxury boutique. The city reveals a distinct identity in every neighborhood:

- Vieux Nice (Old Town): The beating heart of the city; it offers the Mediterranean spirit in its purest form with its pastel-colored facades, narrow winding streets, and centuries-old eateries. While peerless in terms of historical atmosphere, staying here has its own nature: most buildings lack elevators, the streets remain lively well into the night, and the cobblestones require a bit more care on rainy days. If you are in love with the characteristic beauty of the ""old world,"" this is your place.
- Promenade des Anglais: The city’s most prestigious showcase, right by the sea. Lined with iconic luxury hotels, this strip is the highest segment for accommodation in Nice. Waking up to the sight of turquoise waters and starting your day with a walk among the palm trees is priceless; however, this is also the area that will stretch your budget the most and present the biggest challenges with parking facilities.
- Le Port (The Harbor): The city's rising ""hip"" district in recent years. Where mega-yachts sit alongside dusty antique shops and modern bars, this area has a much ""cooler"" vibe compared to the center. You can find more reasonable boutique hotel options than in the Old Town and reach the main squares in just 5 minutes by tram. This is the ultimate sanctuary where locals hide away for dinner to escape the tourist crowds.
-Libération: If you want to slip into the ""real"" neighborhood culture of Nice, largely untouched by mass tourism, you are in the right spot. Waking up to the fresh scent of produce markets, this area is very close to the center thanks to the tram line but feels miles away from the chaos. Being right next to Gare du Sud—a former train station transformed into a massive lifestyle and food hall—allows you to be part of a modern yet local life.
- Cimiez: An elite, aristocratic residential area perched on the hills, far from the city's commotion. Home to Roman ruins and the Matisse Museum, this neighborhood is an island of serenity for those seeking silence. While a bit further from the center, it makes up for the distance with a strong bus network and a panoramic view perfect for watching the mist settle over the city from above."
Nice,4,🚲 A Noktasından B Noktasına: Bir Lokal Gibi Hareket Edin,"Nice, ulaşımın çok iyi organize edildiği bir şehirdir. Bu sebeple direksiyona veda edin ve raylara merhaba deyin. Şehir merkezindeki otopark stresi ve dar sokakların labirenti, araba kullanmayı bir keyiften ziyade yük haline getirebilir.

- Havalimanından Şehre: Nice Havalimanı şehre o kadar yakındır ki, 2 numaralı (Ligne 2) tramvay hattıyla yaklaşık 25 dakikada kendinizi şehrin kalbinde bulabilirsiniz. Biletinizi duraktaki makinelerden alabilirsiniz. Taksi veya özel transfer yerine tramvayı tercih etmek, hem bütçe dostu hem de son derece pratik.
- Sahil Boyu Tren Turu (TER): Nice’te konaklamanın en büyük avantajı, bölgesel tren ağıdır. Gare de Nice-Ville istasyonundan kalkan TER trenleri; Monaco, Cannes, Villefranche-sur-Mer ve Antibes gibi duraklara dakikalar içinde, inanılmaz sahil manzaraları eşliğinde ulaşmanızı sağlar. Bir lokal için Monaco’ya akşam yemeğine gitmek, sadece 20 dakikalık bir tren yolculuğudur.
- Tramvay Hattı (Lignes d’Azur): Nice’in can damarıdır. Hat 1 (Ligne 1) sizi şehrin kuzeyinden eski şehre ve ana alışveriş caddesi Jean Médecin’e bağlar. Hat 2 (Ligne 2) ise havalimanından limana (Le Port) kadar tüm şehri yer altından ve üstünden birbirine bağlayan en hızlı ulaşım yoludur. Temassız kredi kartınızı okutarak kolayca binebilirsiniz; ancak her binişte kartı onaylatmayı (validate) unutmayın.
- Yürümek En Büyük Lüks: Vieux Nice (Eski Şehir) zaten sadece yaya trafiğine uygundur. Dar sokakların sürprizlerini keşfetmek için en iyi araç ayaklarınızdır. Promenade des Anglais boyunca yürümek ise Nice’in en ikonik aktivitesidir; 7 kilometrelik bu hat boyunca palmiyelerin altında yürürken vaktin nasıl geçtiğini anlamayacaksınız.
- Otobüs 100: Nice ile Monaco arasında çalışan bu otobüs, dünyanın en manzaralı yollarından birinden geçer. Tren kadar hızlı değildir ama manzarası paha biçilemezdir.
- Mavi Bisikletler ve Scooterlar: Şehir genelinde yaygın olan bisiklet yolları, özellikle sahil şeridinde sürüş keyfi sunar. Uygulama üzerinden kiralayabileceğiniz elektrikli bisikletlerle, dik yokuşlara takılmadan şehri bir uçtan bir uca gezebilirsiniz.
- Otopark Sorunu: Şehir merkezinde sokakta park yeri bulmak neredeyse imkansızdır. Aracınız varsa ""Parc'Azur"" gibi tramvay duraklarındaki otoparkları kullanmak veya otelinizin otoparkı için gecelik 25-30 Euro'yu gözden çıkarmak zorundas kalabilirsiniz.",🚲 Getting from A to B: Move Like a Local,"Nice is a city where transportation is exceptionally well-organized. For this reason, say goodbye to the steering wheel and hello to the rails. The stress of city-center parking and the labyrinth of narrow streets can turn driving into a burden rather than a pleasure.

- From the Airport to the City: Nice Airport is so close to the town that you can find yourself in the heart of the city in about 25 minutes via Tram Line 2 (Ligne 2). You can purchase your tickets from the machines at the station. Opting for the tram over a taxi or private transfer is both budget-friendly and highly practical.
- Coastal Train Journey (TER): The greatest advantage of staying in Nice is the regional train network. TER trains departing from Gare de Nice-Ville take you to stops like Monaco, Cannes, Villefranche-sur-Mer, and Antibes in minutes, accompanied by incredible coastal views. For a local, heading to Monaco for dinner is just a 20-minute train ride away.
- The Tramway (Lignes d’Azur): This is the lifeline of Nice. Line 1 (Ligne 1) connects the north of the city to the Old Town and the main shopping boulevard, Jean Médecin. Line 2 (Ligne 2) is the fastest route, linking the airport to the Port (Le Port) through both underground and overground sections. You can easily hop on by tapping your contactless credit card; however, remember to validate it every time you board.
- Walking is the Ultimate Luxury: Vieux Nice (Old Town) is almost entirely pedestrianized. Your feet are the best tools for discovering the surprises hidden in its narrow alleys. Strolling along the Promenade des Anglais is the most iconic activity in Nice; you won’t notice time passing as you walk under the palm trees along this 7-kilometer stretch.
- Bus 100: This bus, running between Nice and Monaco, travels along one of the most scenic roads in the world. It’s not as fast as the train, but the views are priceless.
- Blue Bikes and Scooters: Widespread bike lanes throughout the city offer a great riding experience, especially along the shoreline. With electric bikes available via apps, you can traverse the city from end to end without worrying about steep hills.
- The Parking Issue: Finding a parking spot on the street in the city center is nearly impossible. If you have a car, you might need to use ""Park & Ride"" (Parc'Azur) lots located at tram stations or be prepared to pay €25-30 per night for hotel parking."
Nice,5,🏛️ Şehrin Hafızası: Görülmesi Gereken İkonik Duraklar,"Nice, her sokağında bir aristokratın zarafetini, bir balıkçının sesini ve bir ressamın ışığa olan sonsuz tutkusunu fısıldar. Şehri sadece bir turist gibi gezmek yerine, onun kimliğini oluşturan şu duraklarda bu ruhu hissedebilirsiniz:

- Promenade des Anglais (İngiliz Yürüyüş Yolu): Nice’in açık hava salonudur. 1820’lerde kışı burada geçiren İngilizlerin deniz kenarında rahatça yürüyebilmesi için inşa edilen bu kavisli hat, bugün şehrin nabzını tutar. İkonik mavi sandalyelerden (Chaises Bleues) birine oturup ufku izlemek, vaktin durduğu andır.
- Colline du Château (Kale Tepesi): Şehrin beşiği sayılan bu tepede artık bir kale olmasa da, Nice’in en dürüst manzarası buradadır. Eski Şehir’in terra-cotta çatıları ile denizin mavisi arasındaki o keskin ayrımı görmek için 214 basamağı veya asansörü kullanmalısınız.
- Cours Saleya (Pazarların Ruhu): Gündüzleri Provence çiçeklerinin kokusuyla dolan, pazartesileri ise dev bir antika pazarına dönüşen bu meydan, Nice’in duyusal merkezidir. Çizgili tentelerin altında yürümek, yaşayan Akdeniz kültürüne şahitlik etmektir.
- Place Masséna ve Jean Médecin: Şehrin modern kalbi olan bu meydan, dama tahtası zemini ve kırmızı binalarıyla dev bir tiyatro sahnesini andırır. Yedi kıtayı temsil eden yüksek sütunlu heykeller, Nice’in çağdaş sanatla olan bağını vurgular.
- Aziz Nikolaos Rus Ortodoks Katedrali: Nice’in en şaşırtıcı duraklarından biridir. Rusya dışındaki en büyük Ortodoks katedrali olan bu yapı, soğan kubbeleriyle Akdeniz palmiyeleri arasında masalsı bir tezat oluşturur ve Nice’in kozmopolit tarihine ışık tutar.
- Villefranche-sur-Mer (Komşu Koy): Nice’ten trenle sadece 5 dakika uzaklıktaki bu balıkçı kasabası, pastel renkli evleri ve kristal sularıyla Côte d'Azur’un en korunaklı ve samimi koyudur. Burası, Nice'in görkemine karşı sunulmuş bir huzur alternatifi gibidir.
- Èze Village (Kartal Yuvası): Denizden 400 metre yükseklikte, bir kaya üzerine tünemiş bu orta çağ köyü, daracık taş sokakları ve egzotik bahçesiyle zamanın durduğu yerdir. Riviera’ya en tepeden bakmak için burası mutlak bir duraktır.
- Saint-Paul-de-Vence (Sanatçıların Sığınağı): Nice’in biraz iç kesiminde yer alan bu surlarla çevrili köy, Marc Chagall gibi sanatçıların neden burayı tercih ettiğini anlamanıza yeter. Her kapının bir sanat galerisine açıldığı, tarihin sanatla nefes aldığı bir yerdir.
- Matisse Müzesi ve Cimiez Manastırı: Henri Matisse’in Nice ışığına olan aşkının kanıtıdır. Roma kalıntılarının gölgesindeki bu bölge, Nice’in köklerinin ne kadar derine (Roma İmparatorluğu'na) indiğini hatırlatır.
- Saint-Jean-Cap-Ferrat ve Villa Ephrussi de Rothschild: Nice ile Monaco arasında yer alan bu yarımada, ""milyarderlerin sığınağı"" olarak bilinir. Ancak buradaki asıl mücevher, Baroness Rothschild’in yedi farklı temalı bahçeyle çevrili pembe sarayıdır; zarafetin zirvesidir.",🏛️ The City's Memory: Iconic Landmarks Must-See,"Nice whispers the elegance of an aristocrat, the voice of a fisherman, and a painter’s infinite passion for light in every street. Rather than just exploring as a tourist, you can truly feel the city's identity at these landmarks:

- Promenade des Anglais (The English Walkway): This is the outdoor salon of Nice. Built in the 1820s so the English residents spending their winters here could stroll comfortably by the sea, this curved shoreline keeps the city’s pulse today. Sitting on one of the iconic blue chairs (Chaises Bleues) to watch the horizon is a moment when time stands still.
- Colline du Château (Castle Hill): Considered the cradle of the city, even though the castle is long gone, the most ""honest"" view of Nice is found here. You must climb the 214 steps or take the elevator to see the sharp contrast between the terra-cotta roofs of the Old Town and the deep blue of the sea.
- Cours Saleya (The Soul of the Markets): Filled with the scent of Provence flowers by day and transforming into a massive antique market on Mondays, this square is the sensory heart of Nice. Walking under the striped awnings is to witness the vibrant, living Mediterranean culture.
- Place Masséna and Jean Médecin: The modern heart of the city, this square resembles a grand theater stage with its checkerboard floor and vibrant red buildings. The statues perched atop high columns, representing the seven continents, highlight Nice’s profound connection to contemporary art.
- St. Nicholas Russian Orthodox Cathedral: One of the most surprising landmarks in Nice. As the largest Orthodox cathedral outside Russia, this structure—with its onion domes—creates a fairytale-like contrast among the Mediterranean palm trees and sheds light on Nice’s cosmopolitan history.
- Villefranche-sur-Mer (The Neighboring Bay): Just a 5-minute train ride from Nice, this fishing village is the most sheltered and intimate bay of the Côte d'Azur, featuring pastel-colored houses and crystal-clear waters. It serves as a peaceful alternative to the grandeur of Nice.
- Èze Village (The Eagle’s Nest): Perched on a cliff 400 meters above the sea, this medieval village is a place where time stands still among its narrow stone alleys and exotic gardens. It is an essential stop to look down upon the Riviera from its highest peak.
- Saint-Paul-de-Vence (Artists’ Sanctuary): Located slightly inland from Nice, this walled village makes it clear why artists like Marc Chagall chose it as their home. It is a place where every door opens into an art gallery and history breathes through creativity.

Matisse Museum and Cimiez Monastery: This area is a testament to Henri Matisse’s love for the light of Nice. Set in the shadow of ancient Roman ruins, it serves as a reminder of how deep the city’s roots stretch, reaching back to the Roman Empire.

Saint-Jean-Cap-Ferrat and Villa Ephrussi de Rothschild: Situated between Nice and Monaco, this peninsula is known as a ""retreat for billionaires."" However, the true gem here is Baroness Rothschild’s pink palace, surrounded by seven distinct themed gardens—the very pinnacle of elegance."
Nice,6,🍴 Şehrin Lezzet Haritası: Provence ve İtalya'nın Dansı,"Nice mutfağı, Provence’ın taze otları ile İtalya’nın hamur işi dehasının en lezzetli evliliğidir. Bu şehirde yemek yemek, sadece bir restorana oturmak değil, ""Cuisine Nissarde"" tescilli asırlık bir mirasa ortak olmaktır.

- Socca (Nohut Ununun Mucizesi): Nice’in en ikonik sokak lezzeti. Nohut unu ve zeytinyağıyla hazırlanan bu dev krep, odun ateşinde büyük bakır tepsilerde pişiyor. Dışı çıtır, içi yumuşak ve bol karabiberli bu lezzeti; Eski Şehir sokaklarında, el yakacak kadar sıcakken yemek işin en keyifli kısmı.  Özellikle Cours Saleya'da René Socca gibi klasiklerde dumanı tüterken deneyin. 
- Salade Niçoise (Kutsal Kurallar): Nice'in dünyaya hediyesi ve yerel halk için neredeyse gurur meselesi. Orjinal tarifinde haşlanmış patates veya fasulye asla olmaz; sadece taze, çiğ sebzeler, siyah zeytin, ançüez, haşlanmış yumurta kullanılır ve kaliteli sızma zeytinyağı ile servis edilir. Tazeliğin en saf hali.
- Daube Niçoise (Yavaş Pişen Miras): Nice mutfağının en doyurucusu. Sığır etinin kırmızı şarap, domates, sarımsak ve bazen portakal kabuğu ile saatlerce ağır ateşte pişmesiyle hazırlanır. Genellikle yanında yerel ravioli veya gnocchi ile servis edilen bu yemek, Nice’in dağlık köylerinden gelen o güçlü karakteri temsil eder.
- Tourte aux Blettes (Şaşırtıcı Bir Tatlı): Nice'e gelenleri en çok şaşırtan lezzetlerden biri. Pazı, kuru üzüm ve çam fıstığı ile hazırlanan bu turta, genellikle üzerine pudra şekeri serpilmiş bir tatlı olarak servis edilir. Sebzenin tatlıyla kurduğu bu sıra dışı denge, Nice mutfağının ne kadar özgün olduğunun kanıtıdır.
- Pan Bagnat (Yol Arkadaşı): Salade Niçoise'in zeytinyağı ve sarımsakla ovulmuş dev bir özel ekmeğin içine girmiş halidir. ""Islanmış ekmek"" anlamına gelen bu sandviç, sebzelerin suyu ekmeğe iyice işlediğinde, bir gün bekletildikten sonra gerçek lezzetine kavuşur. Nice’te plaja giden lokallerin elinde en sık göreceğiniz lezzet tam olarak bu.
- Pissaladière (Soğan ve Ançüezin Uyumu):  Karamelize soğan, ançüez ve zeytinle yapılan, Nice usulü bir tarttır. Tatlı soğan ile tuzlu ançüezin muazzam dengesidir. Özellikle tatlı-tuzlu dengesini sevenler için, fırından yeni çıktığında harika bir Akdeniz klasiği deneyimi.
- Fenocchio Dondurması (Koku Hafızası): Place Rossetti’deki bu meşhur dondurmacı, sadece bir dükkan değil, Nice’in duyusal hafızasıdır. Lavanta, gül, biberiye ve hatta domates gibi sıra dışı aromalarla hazırlanan dondurmalar, Provence’ın tüm doğasını dilinize taşır.
- Petits Farcis (Sebze Dolmaları): Kabak ve patlıcanların yerel baharatlı kıyma harcıyla doldurulmasıyla yapılan, ""anne mutfağı"" samimiyetindeki en zarif yerel yemektlerden.
- Provence Rosé: Nice sofralarında su kadar doğal olan tek eşlikçidir. Özellikle yerel Bellet üzümlerinden yapılan rosé şaraplar, kadehinizde Akdeniz ışığını taşıyacak.",🍴 A Taste of the City: A Dance of Provence and Italy,"Nice’s cuisine is the most delicious marriage of Provence’s fresh herbs and Italy’s pastry genius. Dining in this city is not merely sitting at a restaurant; it is participating in a century-old heritage certified as ""Cuisine Nissarde.""

- Socca (The Chickpea Miracle): The most iconic street food of Nice. This giant pancake, made with chickpea flour and olive oil, is baked in large copper trays over a wood fire. The best part is eating this crispy-on-the-outside, soft-on-the-inside, and heavily peppered treat in the streets of the Old Town while it is still hot enough to burn your fingers. Be sure to try it steaming hot at classics like René Socca in Cours Saleya.
- Salade Niçoise (The Sacred Rules): Nice's gift to the world and a true matter of pride for locals. The original recipe never includes boiled potatoes or beans; it uses only fresh, raw vegetables, black olives, anchovies, hard-boiled eggs, and is served with high-quality extra virgin olive oil. It is purity in its freshest form.
- Daube Niçoise (The Slow-Cooked Legacy): The heartiest pillar of Nice’s cuisine. It is prepared by slow-cooking beef for hours with red wine, tomatoes, garlic, and sometimes a hint of orange zest. Typically served alongside local ravioli or gnocchi, this dish represents the robust character of Nice’s mountainous villages.
- Tourte aux Blettes (The Surprise Dessert): One of the flavors that surprises visitors the most. Made with Swiss chard, raisins, and pine nuts, this tart is usually served as a dessert dusted with powdered sugar. This extraordinary balance between vegetable and sweetness is proof of how unique Nice’s cuisine truly is.
- Pan Bagnat (The Traveling Companion): Essentially a Salade Niçoise tucked inside a giant, special bun rubbed with olive oil and garlic. Meaning ""bathed bread,"" this sandwich reaches its true flavor after resting for a day, once the juices of the vegetables have fully soaked into the bread. This is exactly what you will see most in the hands of locals heading to the beach in Nice.
- Pissaladière (The Harmony of Onion and Anchovy): A Nice-style tart made with caramelized onions, anchovies, and olives. It is a magnificent balance of sweet onions and salty anchovies. Especially for those who love the sweet-savory contrast, it’s a wonderful Mediterranean classic experience when fresh out of the oven.
- Fenocchio Ice Cream (Sensory Memory): This famous ice cream parlor in Place Rossetti is not just a shop; it is the sensory memory of Nice. With extraordinary flavors like lavender, rose, rosemary, and even tomato, these ice creams carry the entire nature of Provence to your palate.
- Petits Farcis (Stuffed Vegetables): One of the most elegant local dishes with the warmth of ""mother’s kitchen,"" made by stuffing zucchini and eggplants with a seasoned local meat filling.
- Provence Rosé: The only companion on a Nice table as natural as water. Particularly the rosé wines made from local Bellet grapes will carry the Mediterranean light right into your glass."
Nice,7,🤫 Şehrin Fısıldadıkları: Lokal Sırlar,"Nice, sadece vitrindekini değil, derinlerdeki gerçek hikâyeleri arayanlara kapılarını açar. Turist kalabalığından sıyrılıp şehrin ritmine dahil olmak için bu özel durakları takip edin:

- Sentier du Littoral (Lokal Yürüyüş Rotası): Nice’ten Villefranche-sur-Mer’e uzanan bu sahil yolu, şehrin en iyi saklanan hazinesidir. Coco Beach’ten başlayan bu kayalık patika, sizi lüks villaların altından, dalgaların hemen dibinden geçirir. Şehrin gürültüsünü tamamen unutturan, sadece denizin sesini duyacağınız en özel rotadır.
- Chez Pipo (Socca’nın Gerçek Adresi): Turist kalabalığından uzak, Liman (Le Port) bölgesinde yer alan bu dükkan, 1923’ten beri Nice halkının en iyi Socca’yı yemek için kuyruğa girdiği asıl noktadır. Eski Şehir’deki hızlı tüketimin aksine, burada Socca bir gelenek olarak sunulur; odun ateşinin kokusu dükkanın tarihine sinmiştir.
- Chaises Bleues (Mavi Sandalyeler): Sahil şeridi boyunca dizilen o ikonik mavi sandalyeler (Chaises Bleues), Nice'in tescilli simgesidir. 1950’lerde Charles Tordo tarafından tasarlanan bu sandalyelere oturmak eskiden ücretliydi ve ""sandalye kiralayıcıları"" tarafından işletilirdi. Bugün ise bu sandalyeler, Nice’te huzurun ve ücretsiz deniz keyfinin en güçlü sembolüdür.
- Nietzsche'nin Yolu: Èze Köyü'nden sahile inen bu dik patika, ünlü filozof Friedrich Nietzsche'nin ""Böyle Buyurdu Zerdüşt"" kitabının bazı bölümlerini zihninde kurgularken her gün yürüdüğü yoldur. Denizin mavisi ile dağın sertliğini birleştiren bu yol, sadece bir yürüyüş değil, entelektüel bir meydan okumadır.
- Confiserie Florian: Liman bölgesindeki bu tarihi fabrikada, Provence’ın meşhur çiçeklerinin (menekşe, gül, yasemin) nasıl şekerleme ve reçele dönüştüğünü ücretsiz turlar eşliğinde izleyebilirsiniz. Nice’in doğasını kavanozlara sığdıran bu mekan, şehrin en tatlı hafıza merkezlerinden biridir.
- Rauba Capeu Kayalıkları: ""I Love Nice"" yazısının hemen altındaki kayalar, Nice gençliğinin ve lokallerin asıl buluşma noktasıdır. Gün batımında içeceğini alıp bu kayalıklara tünemek, yukarıdaki turistik kargaşaya yukarıdan (ya da tam olarak aşağıdan) bakmanın en keyifli yoludur.
- Mont Boron ve Fort du Mont Alban: Şehri kuşbakışı görmek için herkes Kale Tepesi'ne giderken, lokaller Mont Boron'un tepesindeki eski kaleye çıkar. Bir yanınızda Nice, diğer yanınızda Villefranche koyu; piknik sepetiyle gün batımını karşılamak için şehirden daha iyi bir kaçış noktası yoktur.",🤫 Whispers of the City: Local Secrets,"Nice opens its doors to those seeking real stories buried deep beneath the storefront. To slip away from the tourist crowds and truly blend into the city's rhythm, follow these insider spots:

- Sentier du Littoral (The Local Coastal Trail): This coastal path stretching from Nice to Villefranche-sur-Mer is the city’s best-kept treasure. Starting from Coco Beach, this rocky trail leads you beneath luxury villas and right alongside the crashing waves. It is the ultimate route to completely drown out the city’s noise and replace it with nothing but the sound of the sea.
- Chez Pipo (The Authentic Address for Socca): Located in the Port (Le Port) district, far from the tourist frenzy, this shop is the primary spot where locals have been queuing for the best Socca since 1923. Unlike the fast-paced consumption found in the Old Town, Socca here is served as a tradition, with the scent of the wood-fired oven deeply steeped in the shop's history.
- Chaises Bleues (The Blue Chairs): The iconic blue chairs lining the promenade are the registered symbol of Nice. Designed by Charles Tordo in the 1950s, sitting in these chairs used to require a fee and was managed by ""chair attendants."" Today, however, these chairs stand as the most powerful symbol of tranquility and the freedom to enjoy the sea at no cost.
- Nietzsche’s Path: This steep trail descending from the village of Èze to the shore is the very path where the famous philosopher Friedrich Nietzsche walked daily while conceiving parts of his book ""Thus Spoke Zarathustra"" in his mind. Merging the deep blue of the sea with the ruggedness of the mountain, this path is not just a hike but an intellectual challenge.
- Confiserie Florian: In this historic factory near the port, you can watch free tours demonstrating how Provence’s famous flowers (violets, roses, jasmine) are transformed into delicate candies and jams. This spot, which bottles the nature of Nice, is one of the city's sweetest heritage centers.
- The Rocks of Rauba Capeu: The rocks located right beneath the ""I Love Nice"" sign are the primary meeting point for local youth and residents. Perching on these rocks with a drink at sunset is the most pleasant way to look at the tourist chaos above from a distance—or rather, from right below it.
- Mont Boron and Fort du Mont Alban: While everyone flocks to Castle Hill for a bird's-eye view, locals head to the ancient fort atop Mont Boron. With Nice on one side and the Bay of Villefranche on the other, there is no better escape from the city to welcome the sunset with a picnic basket."
Nice,8,✅ Mutlaka Yapmadan Dönme: Nice Checklist,"- Mavi Sandalyede Vakti Durdur: Promenade des Anglais boyunca yürüyüp o ikonik mavi sandalyelerden (Chaises Bleues) birine çök ve hiçbir şey yapmadan sadece turkuaz ufku izle.
- Vieux Nice’in Pastel Labirentinde Kaybol: Eski Şehir’in o daracık, aşı boyalı sokaklarında pusulayı bir kenara bırak; rüzgarın taşıdığı taze kekik kokusunun ve aniden karşına çıkan Barok kiliselerin seni yönlendirmesine izin ver.
- Duyularını Tazele: Cours Saleya’da taze çiçek kokularını içine çek ve eğer pazartesi gününe denk gelirsen antika pazarında geçmişin izlerini sür.
- Çakıl Taşlarında Akdeniz'i Hisset: Sahil yakınındaki bir fırından dumanı tüten bir pizza al, Promenade’ın meşhur çakıl taşlarına kurul ve gün batarken dalga sesleri eşliğinde yerel bir Provence rosé’si yudumla. Nice’te lüksün en basit ve en içten hali budur.
- Kalenin Beşiğinden Şehre Bak: Colline du Château’ya (Kale Tepesi) çıkıp, turuncu çatıların denizle buluştuğu o en dürüst Nice manzarasını hafızana kazı.
- Gerçek Socca’nın Peşine Düş: Socca’yı herhangi bir yerde değil, odun ateşinin kokusunun sindiği Chez Pipo’da, elin yanarken deneyimle.
- Yerel Gibi Ye: İçinde patates olmayan gerçek bir Salade Niçoise ye ve sahilde acıktığında yanına bir Pan Bagnat alarak lokallere karış.
- Botanik Bir Tatlı Molası Ver: Fenocchio’da dondurma seçerken sınırlarını zorla; lavantalı veya biberiyeli bir top ile Provence’ın doğasını tat.
- Rayların Üzerinde Keşfet: Trenle (TER) sadece 5 dakikada Villefranche-sur-Mer’in masalsı koyuna git ya da dünyanın en güzel yollarından birinden geçerek Monaco’ya süzül.
- Littoral’de Denizi Dinle: Sentier du Littoral patikasında, lüks villaların gölgesinde ve dalgaların hemen dibinde, sadece sana ait olan o sessiz rotayı yürü.
- Işığın Peşinden Git: Matisse’in neden bu şehre aşık olduğunu anlamak için Cimiez’deki müzesine uğra ve ardından palmiyelerin arasındaki Rus Katedrali’nin masalsı kubbelerini gör.
- Nietzsche’nin Adımlarını Takip Et: Eğer enerjin varsa, Èze köyünden aşağı sahile inen o dik patikada derin düşüncelere dalarak yürü.",✅ The Nice Checklist: Don't Leave Without Doing These,"- Stop Time in a Blue Chair: Stroll along the Promenade des Anglais, settle into one of those iconic blue chairs (Chaises Bleues), and do nothing but gaze at the turquoise horizon.
- Get Lost in the Pastel Labyrinth of Vieux Nice: Toss the compass aside in the narrow, ochre-hued alleys of the Old Town; let the scent of fresh thyme carried by the breeze and the sudden grandeur of hidden Baroque churches guide your way.
- Refresh Your Senses: Breathe in the scents of fresh flowers at Cours Saleya and, if you happen to be there on a Monday, hunt for traces of the past at the antique market.
- Feel the Mediterranean on the Pebbles: Grab a steaming pizza from a nearby bakery, find a spot on the iconic pebbles of the shore, and sip a local Provence rosé to the rhythm of the waves as the sun sets. This is the simplest and most sincere form of luxury in Nice.
- Gaze at the City from the Cradle of the Castle: Climb Colline du Château (Castle Hill) to etch the most ""honest"" view of Nice—where orange roofs meet the blue sea—into your memory.
- Seek the Authentic Socca: Experience Socca not just anywhere, but at Chez Pipo, where the scent of wood-fired ovens lingers, and eat it while it’s still hot enough to burn your fingers.
- Eat Like a Local: Taste an authentic Salade Niçoise (strictly no potatoes!) and grab a Pan Bagnat to blend in with the locals when you get hungry on the beach.
- Take a Botanical Dessert Break: Push your boundaries at Fenocchio; try a scoop of lavender or rosemary ice cream to taste the very essence of Provence.
- Discover on the Rails: Take the TER train for a 5-minute hop to the fairytale bay of Villefranche-sur-Mer, or glide toward Monaco via one of the most beautiful scenic routes in the world.
- Listen to the Sea on the Littoral: Hike the Sentier du Littoral path, tucked beneath luxury villas and right alongside the crashing waves, for a quiet route that feels entirely yours.
- Follow the Light: Visit the Matisse Museum in Cimiez to understand his obsession with the light, then head to the Russian Cathedral to see its fairytale domes standing among the palms.
- Trace Nietzsche’s Footsteps: If you have the energy, descend the steep path from the village of Èze to the shore, losing yourself in thought just as the philosopher did."
Paris,1,Paris: Estetiğin ve Işığın Hiç Sönmediği Şehir,"Hızlı Bakış: Paris, ""La Ville Lumière"" (Işıklar Şehri) unvanını sadece sokak aydınlatmasına değil, yaydığı sanatsal ve entelektüel enerjiye borçludur. Geniş bulvarları süsleyen Haussmann tarzı binalar, dantel gibi işlenmiş balkonlar ve her köşe başında yükselen taze kruvasan kokulu boulangerie’ler şehrin asıl kimliğidir. Burada hayat, Eyfel Kulesi’nin ikonik silüeti ile Seine Nehri’nin huzurlu akışı arasında, o meşhur ""yaşam sanatı"" (art de vivre) felsefesiyle şekillenir. Gitmeden önce bilmeniz gereken en kritik ""lokal racon"" ise nezaketin gücüdür. Bir kafeye girdiğinizde ya da birine bir şey danıştığınızda söze mutlaka ""Bonjour"" (Günaydın/Merhaba) diyerek başlamalısınız; bu basit kelime, Paris’in bazen mesafeli görünen kapılarını size sonuna kadar açacak olan asıl anahtardır.",Paris: The City of Aesthetics and Eternal Light,"Quick Glimpse: Paris owes its title ""La Ville Lumière"" (The City of Light) not just to its early adoption of street lighting, but to the artistic and intellectual energy it radiates. The city's true identity lies in the Haussmann-style buildings lining wide boulevards, lace-like balconies, and the scent of fresh croissants wafting from boulangeries on every corner. Life here is shaped by the iconic silhouette of the Eiffel Tower, the gentle flow of the Seine, and the famous philosophy of ""art de vivre"" (the art of living). The most critical ""local etiquette"" to know before you go is the power of politeness: always start a conversation in a café or when asking for help with a ""Bonjour"" (Good morning/Hello). This simple word is the ultimate key that opens the sometimes-distant doors of Paris."
Paris,2,📅 Takviminizi Ayarlayın: Hangi Mevsim Sizin?,"Paris'in büyüsü, gökyüzünün rengiyle birlikte değişen dev bir film sahnesi gibidir; her mevsim bulvarlarda, parklarda ve nehir kıyısında bambaşka bir hikaye anlatır.

- İlkbahar (Mart - Mayıs): Paris’in en romantik, adeta bir film karesi gibi olduğu dönemdir. Trocadéro'da kiraz ağaçlarının (cherry blossoms) çiçek açtığı, Tuileries Bahçesi’nin canlandığı bu mevsim, şehri uzun yürüyüşlerle keşfetmek için kusursuzdur.
- Yaz (Haziran - Ağustos): Günlerin en uzun, enerjinin en yüksek olduğu zamanlar. Seine Nehri kenarında kurulan ""Paris Plages"" (Paris Plajları) ile sahil havasının şehre taşındığı, açık hava festivallerinin her sokağı sardığı dönemdir. Ağustos ayında yereller şehri terk etse de, Paris tüm canlılığıyla parlamaya devam eder.
- Sonbahar (Eylül - Kasım): Şehrin sarı ve turuncunun her tonuna büründüğü, melankoliyle estetiğin iç içe geçtiği mevsimdir. Jardin du Luxembourg’da dökülen yapraklar arasında yürümek ve hafif serin havada bir sanat galerisine sığınmak gerçek bir Paris klasiğidir.
- Kış (Aralık - Şubat): Gri gökyüzüne inat, Paris’in ışıklarla gerçek bir masal şehrine dönüştüğü dönemdir. Champs-Élysées’nin devasa aydınlatmaları, Galeries Lafayette’in görkemli Noel ağacı ve kafelerden yükselen taze sıcak çikolata kokusuyla şehir büyüleyici bir sessizliğe bürünür.",📅 Timing is Everything: Which Season is Yours?,"The magic of Paris is like a giant movie set that changes with the color of the sky; every season tells a different story along the boulevards, in the parks, and by the river.

- Spring (March - May): The most romantic time, looking straight out of a film. With cherry blossoms at Trocadéro and the Tuileries Garden coming to life, this season is perfect for exploring the city through long walks.
- Summer (June - August): When days are longest and energy is highest. ""Paris Plages"" (Paris Beaches) bring a seaside vibe to the Seine, and open-air festivals fill every street. While locals flee the city in August (Ferragosto), Paris continues to glow with vibrancy.
- Autumn (September - November): A season where the city turns shades of yellow and orange, blending melancholy with aesthetics. Walking through fallen leaves in the Jardin du Luxembourg and sheltering in an art gallery during a light drizzle is a true Parisian classic.
- Winter (December - February): Defying the grey skies, the city turns into a fairy tale with festive lights. With the grand illuminations of the Champs-Élysées, the massive tree at Galeries Lafayette, and the scent of hot chocolate from cozy cafés, the city embraces a magical stillness."
Paris,3,🏠Nerede Kalmalı: Mahalle Rehberi,"Paris’te nerede konakladığınız, sabah pencereyi açtığınızda bir sanatçının tuvaline mi, şık bir moda evinin vitrinine mi yoksa Seine Nehri’nin huzurlu akışına mı uyanacağınızı belirler. Şehir, arrondissement adı verilen ve sarmal bir yapıyla merkeze yayılan 20 bölgeden oluşur; her bölge kendi içinde apayrı bir kimlik taşır.
- Le Marais (3. & 4. Bölge): Paris’in en eski ve tartışmasız en ""cool"" mahallesidir. Orta çağdan kalma dar sokakları, gizli avluları ve butik tasarım dükkanlarıyla hem tarihi hem de modern bir ruhu aynı anda sunar. Şehrin tam kalbinde olması nedeniyle her yere ulaşım çok kolaydır; bütçe olarak üst segmentte yer alsa da Paris’in o meşhur dokusunu en iyi hissedeceğiniz yer burasıdır. Ancak hafta sonları iğne atsanız yere düşmeyen kalabalığına ve küçük, asansörsüz binalarına hazırlıklı olmalısınız.
- Saint-Germain-des-Prés (6. Bölge): Entelektüel Paris’in, Hemingway ve Sartre’ın izlerinin hala silinmediği, zarafetin zirve noktasıdır. Sanat galerileri, antikacılar ve lüks kafelerle çevrili bu mahalle, ""Eski Para"" (Old Money) şıklığını yaşatır. Konaklama fiyatları Paris’in en yüksekleri arasındadır ancak karşılığında son derece güvenli, rafine ve her köşesi tablo gibi bir atmosfer sunar. Burası, Paris’i bir turist gibi değil, asil bir Parisli gibi yaşamak isteyenlerin adresidir.
- Montmartre (18. Bölge): Şehrin en yüksek tepesinde, Sacré-Cœur Bazilikası’nın gölgesinde yer alan sanatçı ruhlu mahalledir. Arnavut kaldırımlı yokuşları, asma bahçeleri ve Amélie filminden fırlamış gibi duran kafeleriyle romantizm arayanlar için rakipsizdir. Merkeze biraz uzak olsa da fiyatlar diğer bölgelere göre daha makul olabilir. Tek zorluğu, valizlerle çıkılması imkansız olan o meşhur dik merdivenleri ve akşamları bazı sokaklarının aşırı turistik/kalabalık olmasıdır.
- Canal Saint-Martin (10. Bölge): Genç, dinamik ve ""Bobo"" (Burjuva-Bohem) kültürünün merkezidir. Nehir kıyısında oturan gençler, tasarım fırınlar ve konsept barlar ile turistlerden çok yerel Parisli hayatına tanıklık edersiniz. Diğer bölgelere göre bütçe dostu seçenekler sunması büyük bir avantajdır. Ancak Paris’in en parlatılmış yüzü yerine, daha ham ve çok kültürlü bir doku arayanlara hitap eder; bazı ara sokakları gece saatlerinde fazla salaş hissettirebilir.
- 7. Bölge (Eyfel Kulesi Çevresi): Paris denince akla gelen o ikonik silüetin tam merkezidir. Geniş Haussmann bulvarları, prestijli müzeler ve kule manzaralı otelleriyle tam bir turizm merkezidir. Geceleri oldukça sessiz ve sakin olan bu bölge, aileler için ideal ve güvenlidir. Ancak gerçek yerel hayattan biraz kopuk olması ve restoran fiyatlarının kule manzarası nedeniyle ""ekstra"" şişirilmiş olması göz önünde bulundurulmalıdır.",🏠 Where to Stay: Neighborhood Guide,"Where you stay in Paris determines whether you wake up to an artist's canvas, a chic fashion house window, or the peaceful flow of the Seine. The city is divided into 20 districts called ""arrondissements,"" each with its own distinct identity.

- Le Marais (3rd & 4th Arr.): The oldest and arguably ""coolest"" neighborhood. It offers a mix of history and modernity with medieval streets, hidden courtyards, and boutique design shops. Its central location makes it easy to get everywhere. Be prepared for weekend crowds and small, elevator-less buildings.
- Saint-Germain-des-Prés (6th Arr.): The pinnacle of elegance, where the footsteps of Hemingway and Sartre still echo. Surrounded by art galleries, antique shops, and luxury cafés, this area exudes ""Old Money"" chic. Prices are among the highest, but it offers a safe, refined, and picturesque atmosphere for those who want to live like a noble Parisian.
- Montmartre (18th Arr.): An artistic village on the city's highest hill, under the shadow of the Sacré-Cœur. With its cobblestone slopes and cafés looking like they’re from the movie Amélie, it is unrivaled for romance. While a bit far from the center, prices can be more reasonable. The challenge: the famous steep stairs and tourist crowds in the evenings.
- Canal Saint-Martin (10th Arr.): The heart of young, dynamic ""Bobo"" (Bourgeois-Bohemian) culture. Here, you’ll witness local Parisian life—youth by the canal, artisanal bakeries, and concept bars. It offers budget-friendly options but has a rawer, multicultural feel that might seem a bit gritty in certain alleys at night.
- 7th Arrondissement (Eiffel Tower Area): The heart of that iconic silhouette. With wide Haussmann boulevards, prestigious museums, and hotels with tower views, it is a tourism hub. It’s quiet and safe at night, ideal for families, though it can feel a bit detached from ""everyday"" local life."
Paris,4,🚲 A Noktasından B Noktasına: Bir Lokal Gibi Hareket Edin,"Paris ulaşımı, dünyanın en eski ve en karmaşık metro ağlarından birine sahip olsa da, aslında her bölgesi birbirine oldukça yakın ve keşfedilmeye açık bir düzende kurgulanmıştır.
- Havalimanından Şehre: Paris’in ana havalimanı olan Charles de Gaulle (CDG)’den merkeze ulaşmanın en hızlı ve yaygın yolu RER B banliyö trenidir; yaklaşık 12€ karşılığında 40-50 dakikada şehrin ana istasyonlarına varabilirsiniz. Daha konforlu bir seçenek arayanlar için şehir merkezine sabit fiyat uygulamasıyla çalışan resmi taksiler (yaklaşık 55-65€) mevcuttur; Orly Havalimanı’ndan ise Orlybus veya Orlyval aktarmalı tren seçenekleriyle şehre kolayca bağlanabilirsiniz.
- Şehir İçi Ulaşım (Metro, RER, Otobüs): Paris metrosu, 14 hattı ile şehrin adeta sinir sistemidir; özellikle 1 numaralı hat otomatik ve çok hızlıdır, 6 numaralı hat ise Eyfel Kulesi manzarasıyla en popüler rotadır. Artık kağıt biletlerin yerini alan ""Navigo Easy"" kartını istasyonlardan temin edip içine biniş yükleyerek veya telefonunuzdaki NFC özelliğiyle turnikelerden hızlıca geçebilirsiniz. Şehir içinde daha geniş bir ağ sunan otobüsler ise, metro tünellerinde kaybolmak yerine Paris'in estetik sokaklarını izleyerek yolculuk yapmak isteyenler için harika bir alternatiftir.
- Yürüyüş ve Bisiklet: Paris aslında oldukça kompakt bir şehirdir; örneğin Louvre’dan çıkıp Tuileries Bahçeleri üzerinden Şanzelize’ye yürümek, şehrin ruhunu hissetmek için en iyi yoldur. Şehir genelinde çok yaygın olan ""Velib'"" bisiklet paylaşım sistemiyle, Paris Belediyesi’nin son yıllarda genişlettiği bisiklet yollarını kullanarak nehir boyunca pedal çevirmek hem yerel bir alışkanlık hem de çok keyifli bir ulaşım yöntemidir.
- Lokal İpucu: Paris metrosu ve toplu taşıma araçlarında sessizlik ve kişisel alana saygı çok önemlidir; ayrıca kalabalık vagonlara binerken veya inerken ""Pardon"" diyerek yol istemek, Parisli nezaketinin bir parçasıdır. Kısa mesafeler için metroya binmek yerine yürümeyi tercih edin; Paris'te bir duraklık mesafe genellikle yerin altına inip çıkma zahmetine değmeyecek kadar yakındır.",🚲 Getting from A to B: Move Like a Local,"Parisian transport is one of the oldest and most complex in the world, yet it is designed in a way that makes every district feel accessible.

- Airport to the City: From Charles de Gaulle (CDG), the RER B train is the fastest way, reaching the city in 40-50 minutes (~€12). Official white taxis have fixed rates (~€55-65) to the center. From Orly, use the Orlybus or Orlyval.
- City Transit (Metro, RER, Bus): The Metro is the city's nervous system. Line 1 is automatic and fast; Line 6 offers the best Eiffel Tower views. Use the ""Navigo Easy"" card or your phone's NFC to tap through turnstiles. Buses are a great alternative for those who want to see the streets instead of tunnels.
- Walking & Cycling: Paris is compact. Walking from the Louvre to the Champs-Élysées is the best way to feel the city. The ""Vélib'"" bike-sharing system is a local favorite for riding along the river.
- Local Tip: Silence and personal space are valued on the Metro. Saying ""Pardon"" when moving through crowds is a staple of Parisian politeness. For short distances, walking is often faster than descending into the Metro."
Paris,5,🏛️ Şehrin Hafızası: Görülmesi Gereken İkonik Duraklar,"Paris'in taşları sadece yapı değil; her biri sanatın, devrimin ve aşkın sessiz tanığıdır. Bu duraklar, şehrin yüzyıllara yayılan ihtişamını ve estetik takıntısını anlamanız için birer zaman makinesi görevi görür.

- Eyfel Kulesi (La Tour Eiffel): Şehrin ""Demir Hanım""ı. 1889 Dünya Fuarı için geçici olarak inşa edilen bu devasa yapı, o dönem sanatçılar tarafından ""estetik bir kirlilik"" olarak nitelendirilmiş olsa da bugün dünyanın en çok ziyaret edilen ücretli anıtıdır. Tarihi bir efsaneye göre kuleyi hiç sevmeyen yazar Guy de Maupassant, her gün öğle yemeğini kulenin içindeki restoranda yermiş. Sebebi sorulduğunda ise; ""Burası koca Paris'te bu çirkin demir yığınını görmediğim tek nokta!"" dermiş.
- Louvre Müzesi: Dünyanın en büyük sanat müzesi. Sadece Mona Lisa’yı değil, antik dönemden modern çağa kadar 35.000’den fazla eseri barındırır. Müzenin bahçesindeki cam piramit, geçmişin klasik dokusuyla geleceğin modern mimarisini birleştirir. Bir bilgi olarak, eğer müzedeki her esere sadece 30 saniye baksanız, Louvre’u tamamen bitirmeniz yaklaşık 100 gün sürecektir.
- Notre-Dame Katedrali: Gotik mimarinin zirvesi. 2019’daki büyük yangından sonra titizlikle restore edilen katedral (2026 yılı itibarıyla kapılarını tekrar açmış durumda), sadece dini bir yapı değil, Victor Hugo’nun kaleminden çıkan o ölümsüz hikayenin de evidir. Girişteki ""Point Zéro"" (Sıfır Noktası) taşı, Fransa’daki tüm mesafelerin ölçüldüğü merkezdir.
- Zafer Takı (Arc de Triomphe) ve Champs-Élysées: Napolyon’un zaferlerini taçlandırmak için inşa ettirdiği bu devasa anıt, dünyanın en ünlü bulvarının tepesinde yükselir. Takın üzerinden bakıldığında, 12 ana caddenin birleştiği o meşhur ""Yıldız"" (Etoile) formunu ve Paris’in kusursuz simetrisini görebilirsiniz.
- Sacré-Cœur Bazilikası ve Montmartre: Paris’in en yüksek tepesinde parlayan bembeyaz bir kubbe. Bazilikanın içindeki mozaikler kadar, önündeki merdivenlerden şehre çöken akşam güneşini izlemek de bir Paris ritüelidir. Hemen arkasındaki Ressamlar Meydanı (Place du Tertre), sanatın sokağa taştığı noktadır.
- Musée d’Orsay: Eski bir tren istasyonunun sanat tapınağına dönüştürülmüş hali. Monet, Renoir ve Van Gogh gibi empresyonizmin dev isimlerinin eserlerini, o devasa istasyon saatinin arkasından süzülen ışıkla görmek büyüleyici bir deneyimdir.
- Sainte-Chapelle: Louvre'un yakınında bulunan bu küçük şapel, Paris’in en büyük ""ışık gösterisi""dir. Duvarlarını kaplayan 15 metrelik muazzam vitray pencereler, içeri girdiğinizde sizi binlerce renkli camdan oluşan bir mücevher kutusunun içindeymişsiniz gibi hissettirir.
- Seine Nehri ve Köprüler: Paris'in ana damarı. Nehir boyunca yürürken göreceğiniz Pont Neuf (en eski köprü) ve altın varaklı heykelleriyle III. Alexandre Köprüsü, şehrin neden ""Işıklar Şehri"" olduğunu kanıtlar niteliktedir.
",🏛️ The City's Memory: Iconic Landmarks Must-See,"The stones of Paris are more than just structures; they are silent witnesses to art, revolution, and love. These stops serve as time machines to understand the city's centuries-old grandeur.

- The Eiffel Tower (La Tour Eiffel): The ""Iron Lady"" of the city. Built for the 1889 World's Fair, it was once called an ""aesthetic eyesore"" by artists, but today it is the world's most visited paid monument. Historic Legend: The writer Guy de Maupassant, who famously hated the tower, ate lunch at its restaurant every day. When asked why, he replied: ""It's the only place in all of Paris where I don't have to see this ugly iron heap!""
- The Louvre Museum: The world's largest art museum. It houses over 35,000 works, from the Mona Lisa to ancient antiquities. The glass pyramid in the courtyard blends classical heritage with modern architecture. Worth knowing; if you spent only 30 seconds looking at each piece of art, it would take you about 100 days to finish the Louvre.
- Notre-Dame Cathedral: The pinnacle of Gothic architecture. Meticulously restored after the 2019 fire (now reopened as of 2026), it is the home of Victor Hugo’s immortal story. The ""Point Zéro"" stone at the entrance is the geographic center from which all distances in France are measured.
- Arc de Triomphe & Champs-Élysées: Commissioned by Napoleon to celebrate his victories, this monument stands at the top of the world's most famous boulevard. From the top, you can see the perfect symmetry of the ""Star"" (Etoile) where 12 avenues meet.
- Sacré-Cœur Basilica & Montmartre: A white dome shining atop the city's highest point. Watching the sunset from its steps is a true Parisian ritual. Behind it lies Place du Tertre, where art spills onto the streets.
- Musée d’Orsay: A former train station turned art temple. Seeing works by Monet, Renoir, and Van Gogh under the light of the massive station clock is a mesmerizing experience.
- Sainte-Chapelle: This small chapel is Paris's greatest ""light show."" Its 15-meter stained glass windows make you feel like you're inside a jewel box made of thousands of colored pieces of glass."
Paris,6,🍴 Şehrin Lezzet Haritası: Gastronominin Başkenti,"Paris’te yemek yemek, sadece karnınızı doyurmak değil; UNESCO Dünya Mirası listesine girmiş bir ritüelin, yani ""Fransız usulü sofranın"" bir parçası olmaktır. Şehir, sabahın ilk ışıklarında fırınlardan yükselen tereyağı kokusundan, gece geç saatlere kadar devam eden şık restoran ışıklarına kadar tam bir lezzet tapınağıdır.

- Kruvasan & Pain au Chocolat: Paris güne bu ikiliyle başlar. Gerçek bir kruvasan dışı çıtır, içi ise kat kat ve bol tereyağlı olmalıdır. Bir boulangerie (fırın) önünden geçerken aldığınız sıcak kruvasanı sokakta yürürken ısırmak en temel Paris ritüelidir.
- Soupe à l’Oignon (Fransız Soğan Çorbası): Orta Çağ’dan beri sofralarda olan bu klasik; karamelize soğan, et suyu ve üzerine eritilmiş bolca Gruyère peynirli kızarmış ekmekle servis edilir. Özellikle serin bir Paris akşamında içilebilecek en ""konforlu"" yemektir.
- Steak Frites: Fransız bistrolarının sarsılmaz kalesi. Kusursuz pişmiş bir antrikot, yanında çıtır patates kızartması ve genellikle üzerinde eritilen ""Béarnaise"" veya şarap bazlı bir sos... Basit ama her lokmasında Fransız ustalığını hissettiren bir ana yemek.
- Confit de Canard (Ördek Konfi): Ördek budunun kendi yağında saatlerce yavaşça pişirilmesiyle hazırlanır. Dışı çıtır, içi ise ağızda dağılan bu yemek, Fransız mutfağının en asil ve lezzetli tekniklerinden biridir.
- Escargot (Salyangoz): Paris’e gelip de en az bir kez denemeden dönmemeniz gereken o meşhur lezzet. Genellikle bol sarımsak, maydanoz ve tereyağı ile fırınlanan bu başlangıç, sandığınızdan çok daha yumuşak ve aromatik bir tada sahiptir.
- Peynir Tablosu (Plateau de Fromages): Fransa'da 1000'den fazla peynir çeşidi vardır. Yemekten sonra, tatlıdan hemen önce sunulan bir peynir tabağı; Brie, Camembert ve Roquefort gibi yıldızlarla Paris deneyiminizi bir üst seviyeye taşır.
- Macaron & Ekler: Paris, tatlı tasarımının dünyadaki merkezidir. Ladurée veya Pierre Hermé’de bir makaronun renkli dünyasına dalabilir ya da bir pâtisserie vitrininde sanat eseri gibi duran çikolatalı eklerlerin tadına bakabilirsiniz.
- Hap Bilgi: Paris restoranlarında ""carafe d'eau"" (sürahi su) istemek ücretsizdir ve musluk suyu son derece kalitelidir; boşuna şişe suyuna para harcamayın. Ayrıca hesaba servis ücreti dahildir, bu yüzden yüklü miktarda bahşiş bırakmak zorunda değilsiniz, ancak memnuniyetinizi belirtmek için masaya birkaç Euro bırakmak kibar bir harekettir.",🍴 A Taste of the City: The Capital of Gastronomy,"Dining in Paris is not just about eating; it is a ritual listed as UNESCO World Heritage: ""The gastronomic meal of the French.""

- Croissant & Pain au Chocolat: Paris starts the day with this duo. A real croissant should be crispy on the outside and buttery/flaky on the inside. Grabbing a warm one from a boulangerie and eating it while walking is a core ritual.
- Soupe à l’Oignon (French Onion Soup): A classic served with caramelized onions, beef broth, and a thick layer of melted Gruyère on toasted bread. The ultimate ""comfort food"" for a cool evening.
- Steak Frites: The backbone of French bistros. A perfectly cooked steak served with crispy fries and usually a ""Béarnaise"" or wine-based sauce. Simple yet masterful.
- Confit de Canard (Duck Confit): Duck leg slow-cooked in its own fat. Crispy skin and melt-in-your-mouth meat make this one of the most noble French dishes.
- Escargot (Snails): A must-try at least once. Usually baked with garlic, parsley, and butter, these are much more tender and aromatic than you might expect.
- Plateau de Fromages (Cheese Platter): With over 1,000 types of cheese in France, a platter of Brie, Camembert, and Roquefort served before dessert elevates your experience.
- Macarons & Éclairs: Paris is the world center of pastry design. Dive into the colorful world of macarons at Ladurée or Pierre Hermé, or try an artistic chocolate éclair from a local pâtisserie.
- Pro Tip: Asking for a ""carafe d'eau"" (tap water) is free and the quality is excellent. Also, service is included in the bill, so while large tips aren't mandatory, leaving a few Euros is a polite gesture of appreciation."
Paris,7,🤫 Şehrin Fısıldadıkları: Lokal Sırlar,"Paris, görkemli bulvarlarından çok daha fazlasıdır; asıl ruhu, ağır ahşap kapıların ardındaki gizli avlularda ve turistlerin genellikle es geçtiği dar pasajlarda saklıdır. Işıklar Şehri’nin kalabalığından sıyrılıp gerçek bir Parisli gibi hissedeceğiniz o özel noktaları keşfedin.

- Les Passages Couverts (Gizli Pasajlar): 19. yüzyıldan kalma, üstü camla kaplı bu estetik pasajlar, Paris’in ilk ""alışveriş merkezleri"" sayılır. Özellikle Galerie Vivienne ve Passage des Panoramas; eski kitapçıları, antikacıları ve loş ışıklı kafeleriyle sizi bir anda zaman yolculuğuna çıkarır. Yağmurlu bir Paris gününde sığınabileceğiniz en zarif noktalardır.
- Square Rapp: Eyfel Kulesi'ni en görkemli ve en ""yalnız"" haliyle fotoğraflamak istiyorsanız, 7. bölgedeki bu gizli çıkmaz sokağa sapın. Turist otobüslerinin uğramadığı bu nokta, kulenin demir ağlarını Haussmann binalarının arasından devasa bir tablo gibi sunar.
- Musée de la Vie Romantique: Montmartre’ın eteklerinde, kalabalıktan tamamen izole edilmiş bu müze evi, Paris'in ""Romantik Dönem"" ruhunu yaşatır. Müzenin bahçesindeki o meşhur çay bahçesi, salkım söğütlerin altında kruvasanınızı yerken dünyanın geri kalanını unutabileceğiniz bir sığınaktır.
- Arènes de Lutèce: Paris’in göbeğinde, 5. bölgede bir Roma tiyatrosu kalıntısı olduğunu çok az kişi bilir. M.S. 1. yüzyıladan kalma bu antik alanda bugün yerel amcalar pétanque (Fransız demir top oyunu) oynar, gençler ise basamaklarda oturup şaraplarını yudumlar. Paris’in en eski ama en yaşayan sırrıdır.
- 59 Rivoli: Şehrin en işlek caddelerinden birinde, bir zamanlar sanatçılar tarafından ""işgal edilmiş"" eski bir banka binası. Bugün ise her katında farklı sanatçıların atölyelerinin olduğu, duvarların grafiti ve heykellerle dolu olduğu yaşayan bir sanat merkezi. İçeri girip sanatçılarla sohbet edebilir, yaratım sürecine tanık olabilirsiniz.
- Promenade Plantée (Coulée verte René-Dumont): New York'taki High Line'a ilham veren orijinal rota burasıdır. Eski bir demir yolu hattı üzerine kurulu bu yerden yüksek park, Bastille'den başlayıp şehrin içinden ağaçlar arasından geçerek ilerler. Paris’e yukarıdan bakmak için en huzurlu yoldur.",🤫 Whispers of the City: Local Secrets,"Paris is far more than its grand, iconic boulevards; its most authentic soul resides behind heavy, centuries-old wooden doors and within the labyrinthine passages often overlooked by travelers. Discover these hidden enclaves where you can escape the tourist hustle and feel the true pulse of the City of Light.

- Les Passages Couverts (Hidden Passages): These 19th-century architectural gems, crowned with intricate glass and iron roofs, were the ancestors of the modern shopping mall. Walking through Galerie Vivienne or Passage des Panoramas feels like stepping into a time capsule; with their vintage bookstores, dusty antique shops, and dimly lit bistros, they offer an enchanting sanctuary, especially on a rainy Parisian afternoon.
- Square Rapp: If you are looking for the most majestic yet ""lonely"" perspective of the Eiffel Tower, turn into this quiet cul-de-sac in the 7th arrondissement. Often missed by tour buses, this spot offers a breathtaking sight where the iron lace of the Tower is perfectly framed by the ornate Haussmannian facades and the peculiar Art Nouveau architecture of the neighboring buildings.
- Musée de la Vie Romantique: Nestled at the foot of the Montmartre hills, this secluded villa and its lush garden preserve the spirit of the ""Romantic Era."" Its tea room, tucked under weeping willows and surrounded by roses, is a silent haven where you can enjoy a croissant and tea while completely forgetting the existence of the modern world outside.
- Arènes de Lutèce: Hidden in the middle of the 5th arrondissement, very few people realize that a staggering remnant of a Roman amphitheater still exists in Paris. Dating back to the 1st century AD, this ancient site now serves as a serene communal stage where elderly locals play pétanque (a classic French ball game) and students gather on the stone steps to share a bottle of wine. It is the city’s oldest and most enduring secret.
- 59 Rivoli: Located on one of the busiest shopping streets, this building was once an illegal artist squat in an abandoned bank. Today, it has evolved into a pulsating, legal hub of creativity across several floors. You can climb the spiraling, graffiti-covered staircase to enter artists' studios, chat with them about their work, and witness the creative process in its rawest form.
- Promenade Plantée (Coulée verte René-Dumont): Long before New York’s High Line, there was this original elevated parkway. Built upon a 19th-century railway viaduct, this garden walkway winds its way above the city streets starting from the Bastille. Walking among the trees and flowering shrubs while looking down at the Parisian rooftops offers the most peaceful and unique perspective of the city."
Paris,8,✅ Mutlaka Yapmadan Dönme: Paris Checklist,"- Eyfel Kulesi’nin her saat başı başlayan o büyüleyici ışık gösterisini Trocadéro Meydanı’ndan izle; kuleyi bir de gece, tüm ışıltısıyla gör.
- Sabah erkenden, mahalle arasındaki bir fırının (boulangerie) önündeki kuyruğa girip sıcacık, bol tereyağlı bir kruvasan al ve sokakta yürürken tadına bak.
- Seine Nehri kıyısında, özellikle gün batımında uzun bir yürüyüş yap; nehir kenarındaki ikonik sahaf tezgahlarını (bouquinistes) incele.
- Yeniden kapılarını açan Notre-Dame Katedrali'nin önünde durup Gotik mimarinin o devasa ihtişamına yakından tanıklık et.
- Lüksemburg Bahçeleri’ndeki meşhur yeşil metal sandalyelerden birine kurul; sadece kitap oku, kahveni iç ve Paris’in o yavaş akan ritmini izle.
- Louvre Müzesi’nin cam piramidinin altında bir fotoğraf çekil ve müzenin içinde kaybolurken sanat tarihinin en büyük dehalarıyla selamlaş.
- Montmartre tepesine çık, Sacré-Cœur merdivenlerinde oturup şehre tepeden bakarken bir sokak sanatçısının melodisine eşlik et.
- Geleneksel bir Paris bistrosunda, üzerinde peyniri uzayan sıcak bir soğan çorbası veya ağızda dağılan bir ördek konfi ye.
- Le Marais bölgesinin dar sokaklarında kaybol; butik dükkanları keşfedip gizli bir avluda kahve molası ver.
- 19. yüzyıldan kalma gizli pasajlardan (özellikle Galerie Vivienne) en az birine gir ve zamanda yolculuk yap.
- Ve en önemli kural: Herhangi bir dükkana girdiğinde veya biriyle konuşmaya başlarken o sihirli kelimeyi, ""Bonjour""u söylemeyi sakın unutma!",✅ The Paris Checklist: Don't Leave Without Doing These,"- Watch the Eiffel Tower's sparkling light show on the hour from Trocadéro; see it at least once at night.
- Join the morning queue at a local boulangerie for a warm, buttery croissant and eat it while wandering.
- Stroll along the Seine at sunset and browse the iconic bouquinistes (second-hand book stalls).
- Stand before the reopened Notre-Dame Cathedral to witness its Gothic grandeur up close.
- Claim a famous green metal chair in the Jardin du Luxembourg to read, drink coffee, and watch the world go by.
- Take a photo under the Louvre Pyramid and say hello to the masterpieces within.
- Climb Montmartre hill and listen to a street musician while looking over the city from the Sacré-Cœur steps.
- Eat a traditional French Onion Soup or Duck Confit in a classic Parisian bistro.
- Get lost in the narrow alleys of Le Marais, discovering boutiques and hidden courtyards.
- Step into at least one 19th-century covered passage (like Galerie Vivienne) for a trip back in time.
- Most importantly: Never forget to say the magic word, ""Bonjour,"" whenever you enter a shop or start a conversation!"
Prag,1,Prag: Zamanın Dokunmaya Kıyamadığı Şehir,"Hızlı Bakış: Avrupa’nın tam kalbinde, masallardan fırlamış gotik kulelerin ve tarihin sisli puslu havasının içine hoş geldin. Prag için boşuna ""Yüz Kuleli Şehir"" ya da ""Altın Şehir"" denmiyor. Vltava Nehri’nin iki yakasına yayılan bu şehir, II. Dünya Savaşı’ndan neredeyse hiç zarar görmeden kurtulduğu için Avrupa’nın en iyi korunmuş tarihi merkezlerinden birine sahip. Gotik, Barok ve Rönesans mimarisinin iç içe geçtiği sokaklarda yürürken kendinizi bir film setinde gibi hissetmeniz çok normal. Prag sadece mimari değil, aynı zamanda Franz Kafka’nın melankolisi, Mozart’ın müziği ve dünyanın en iyi bira kültürüyle harmanlanmış bir karakterdir.

Gitmeden Önce Küçük Bir Not: Prag AB üyesi olsa da Euro kullanmıyor, resmi para birimi Çek Korunası (CZK). Euro ile ödeme yapmaya çalıştığınızda büyük kur farklarıyla karşılaşmanız muhtemel. Sokaklardaki döviz bürolarına da biraz temkinli yaklaşmakta fayda var; ""komisyonsuz"" tabelalarına rağmen gizli ücretlerle karşılaşabilirsiniz. Neyse ki Prag kart kullanımı konusunda oldukça uygun bir şehir; güvenilir banka ATM’leri veya doğrudan kartla ödeme yapmak en zahmetsiz yol olacaktır.

Lezzetli Bir Yanılgı: Prag sokaklarında her köşe başında göreceğiniz o meşhur Trdelník (makara tatlısı) aslında sanıldığı gibi kadim bir Çek geleneği değildir; 2000'lerin başında popülerleşmiş bir ""modern klasik""tir. Gerçek Prag deneyimi için rotayı Astronomik Saat’in önündeki kalabalıktan biraz saptırıp, Vinohrady veya Letná gibi mahallelerin yerel meyhanelerine kırmalısınız. Şunu da unutmayın: Prag’da bira suyla yarışır; bazen sudan daha ucuzdur ve kesinlikle en sevilen milli içecektir.",Prague: The City Time Refused to Touch,"Quick Glance: Welcome to the heart of Europe, to the midst of Gothic spires and the misty atmosphere of history. There’s a reason Prague is called ""The City of a Hundred Spires"" or ""The Golden City."" Spreading across both banks of the Vltava River, the city boasts one of Europe’s best-preserved historic centers, having emerged from WWII almost unscathed. As you walk through streets where Gothic, Baroque, and Renaissance architecture intertwine, it's perfectly normal to feel like you're on a film set. Prague is not just about architecture; it's a character blended with the melancholy of Franz Kafka, the music of Mozart, and the world's finest beer culture.

A Friendly Note Before You Go: Although Prague is in the EU, it doesn’t use the Euro; the official currency is the Czech Koruna (CZK). Paying in Euros might result in significant exchange losses. Be cautious with street exchange offices as well; despite ""no commission"" signs, hidden fees are common. Fortunately, Prague is a very card-friendly city, so using reliable bank ATMs or simply paying by card is your most seamless and effortless option.

A Tasty Misconception: That famous Trdelník (chimney cake) you see on every corner is actually not an ancient Czech tradition; it's a ""modern classic"" that became popular in the early 2000s. For an authentic Prague experience, steer away from the crowds in front of the Astronomical Clock and head to the local pubs in neighborhoods like Vinohrady or Letná. Also, remember: in Prague, beer competes with water; it is often cheaper and definitely the most beloved national beverage."
Prag,2,📅 Takviminizi Ayarlayın: Hangi Mevsim Sizin?,"Prag her mevsimde farklı bir kostüm giyen, ruh hali değişen ama cazibesini asla kaybetmeyen bir şehir. Hava durumuyla birlikte karakteri tamamen değişen bu şehirde, kalabalıkları mı, kış masalını mı yoksa altın sarısı yaprakları mı sevdiğine karar verme vakti.

- Bahar (Nisan - Haziran): Şehrin uyanışıdır. Petřín Tepesi'nde kiraz çiçekleri açarken Prag, Avrupa'nın en romantik durağına dönüşür. Hava gezmek için idealdir (15-20°C) ve turist kalabalığı henüz zirveye ulaşmamıştır.
- Yaz (Temmuz - Ağustos): Şehrin en canlı ama aynı zamanda en yorucu zamanıdır. Hava sıcaklıkları 30°C’yi zorlayabilir ve Charles Köprüsü'nde iğne atsanız yere düşmez. Eğer kalabalık ve bitmeyen yaz akşamlarını seviyorsanız tam sırası.
- Sonbahar (Eylül - Ekim): Prag’ın ""Altın Şehir"" unvanını gerçekten hak ettiği dönemdir. Vltava Nehri kıyısındaki ağaçlar sarı ve kızıl tonlara bürünürken şehir puslu ve melankolik bir havaya girer. Fotoğraf tutkunları için en iyi ışıktır.
- Kış (Kasım - Mart): Hava gerçekten dondurucudur ancak Aralık ayında kurulan Noel Pazarları şehri gerçek bir masal dünyasına çevirir. Ocak ve Şubat ayları ise en ekonomik dönemdir; turist trafiği azalır, konaklama fiyatları düşer ve Prag'ın o meşhur gotik kuleleri kar altında büyüleyici görünür.",📅 Timing is Everything: Which Season is Yours?,"Prague is a city that wears a different costume every season, changing its mood but never losing its charm. Since its character shifts entirely with the weather, it's time to decide whether you prefer lively crowds, a winter fairytale, or golden autumn leaves.

- Spring (April - June): This is the city's awakening. As cherry blossoms bloom on Petřín Hill, Prague transforms into Europe’s most romantic destination. The weather is ideal for exploring (15-20°C), and the tourist crowds have yet to reach their peak.
- Summer (July - August): The most vibrant but also the most exhausting time. Temperatures can push 30°C, and Charles Bridge becomes incredibly packed. If you love energy and endless summer evenings, this is the perfect time for you.
- Autumn (September - October): The period when Prague truly earns its ""Golden City"" title. As the trees along the Vltava River turn shades of yellow and crimson, the city takes on a misty, melancholic atmosphere. It offers the best light for photography enthusiasts.
- Winter (November - March): The weather is truly freezing, but the Christmas Markets in December turn the city into a real-life fairytale. January and February are the most economical months; tourist traffic thins out, accommodation prices drop, and Prague’s famous Gothic towers look enchanting under the snow."
Prag,3,🏠Nerede Kalmalı: Mahalle Rehberi,"Prag'da konaklama seçimi aslında ""Bir turist gibi mi hissetmek istiyorum, yoksa bir Praglı gibi mi?"" sorusuna verdiğin cevaba göre değişir. Şehir bölgelere ayrılmıştır (Prague 1, 2, 3...) ve rakam ne kadar küçükse merkeze o kadar yakınsın demektir. Prag’ın mahalleleri ise sadece birer yerleşim alanı değil, her biri farklı bir zaman dilimine açılan kapılardır. Konaklayacağın yer, sabah uyandığında göreceğin manzaranın gotik bir kule mi yoksa modern bir sanat galerisi mi olacağını belirler.

- Staré Město (Eski Şehir - Prague 1): Prag’ın kalbi ve ilk kez gidenlerin favorisidir. Astronomik Saat ve Eski Şehir Meydanı’na kapı komşusu olursunuz. Her yere yürüyerek ulaşmak harikadır ancak burası şehrin en kalabalık ve en pahalı bölgesidir.
- Malá Strana (Lesser Town - Prague 1): Vltava’nın diğer yakasında, kalenin hemen altındaki bu bölge Prag’ın en romantik yeridir. Barok binalar, dar sokaklar ve elçiliklerin olduğu bu alan, Eski Şehir’e göre geceleri daha sessiz ve huzurludur.
- Nové Město (Yeni Şehir - Prague 1/2): Adı ""yeni"" olsa da tarihi 14. yüzyıla dayanır. Wenceslas Meydanı buradadır. Ulaşım ağının merkezidir ve gece hayatı, alışveriş, büyük oteller için en ideal noktadır.
- Vinohrady (Prague 2): ""Praglı gibi yaşamak"" istiyorsanız rotanız burası olmalı. Art Nouveau binaları, şık kafeleri, dünya mutfağından restoranları ve yeşil parklarıyla şehrin en nezih bölgesidir. Merkeze tramvayla sadece 10 dakika uzaklıktadır.
- Žižkov (Prague 3): Şehrin biraz daha bohem, asi ve ekonomik yüzüdür. Dünyanın metrekare başına en çok meyhane (pub) düşen yerlerinden biri olduğu söylenir. Gece hayatını ve lokal bira kültürünü seven gençler için birebirdir.",🏠 Where to Stay: Neighborhood Guide,"Choosing where to stay in Prague really depends on your answer to the question: ""Do I want to feel like a tourist or a local?"" The city is divided into districts (Prague 1, 2, 3...), and the lower the number, the closer you are to the heart of the city. Prague’s neighborhoods are more than just residential areas; each is a gateway to a different era. Your choice determines whether your morning view will be a Gothic spire or a modern art gallery.

- Staré Město (Old Town - Prague 1): The heart of Prague and a favorite for first-timers. You’ll be neighbors with the Astronomical Clock and Old Town Square. Being within walking distance of everything is fantastic, but keep in mind that this is the busiest and most expensive area of the city.
- Malá Strana (Lesser Town - Prague 1): Located on the other side of the Vltava, right beneath the Castle, this is the most romantic spot in Prague. With its Baroque buildings, narrow alleys, and embassies, this area is much quieter and more peaceful at night compared to the Old Town.
- Nové Město (New Town - Prague 1/2): Although it's called ""New,"" its history dates back to the 14th century. Wenceslas Square is located here. It is the hub of the transport network and the ideal spot for nightlife, shopping, and major hotels.
- Vinohrady (Prague 2): If you want to ""live like a local,"" this should be your destination. With its Art Nouveau buildings, chic cafes, international restaurants, and green parks, it’s the city’s most sophisticated district. It is only 10 minutes away from the center by tram.
- Žižkov (Prague 3): The bohemian, edgy, and more budget-friendly side of the city. It is said to have one of the highest numbers of pubs per square meter in the world. It’s perfect for younger travelers who love nightlife and local beer culture."
Prag,4,🚲 A Noktasından B Noktasına: Bir Lokal Gibi Hareket Edin,"Prag yürümek için yaratılmış bir şehir olmakla birlikte, labirenti andıran dar sokakları ve Vltava Nehri boyunca uzanan geniş bulvarlarıyla ulaşım açısından da tam bir mühendislik harikasıdır. Şehirde toplu taşıma o kadar dakiktir ki, saatinizi tramvayların varış süresine göre ayarlayabilir, rayların ve nehrin ritmine kendinizi güvenle bırakabilirsiniz.

- Havalimanından Şehre İlk Adım: Václav Havel’den Merkeze Ulaşım Prag’a vardığınızda sizi doğrudan merkeze götüren bir metro hattı bulunmasa da, toplu taşıma sistemi bu boşluğu mükemmel bir şekilde doldurur. En ekonomik ve lokal yöntem, Terminal 1 veya 2’den kalkan Trolleybus 59 hattına binmektir. Bu hat sizi hızlıca Metronun A (Yeşil) hattındaki Nádraží Veleslavín istasyonuna ulaştırır ve standart şehir içi biletleriniz burada geçerlidir. Eğer daha konforlu ve aktarmasız bir yol arıyorsanız, ana tren istasyonuna (Hlavní nádraží) giden Airport Express (AE) otobüslerini tercih edebilirsiniz; ancak bu hat için şoförden yaklaşık 100 CZK karşılığında özel bir bilet almanız gerekecektir. Daha modern bir seçenek arayanlar için ise Prag’ın resmî taksi hizmeti Uber üzerinden yürütülür; uygulama üzerinden sabit fiyatla güvenli bir yolculuk yapabilirsiniz.
- Arnavut Kaldırımlarında Zaman Yolculuğu: Yürünebilirlik Prag, ruhunu ancak yürüyerek teslim eden şehirlerdendir. Eski Şehir (Staré Město), Yahudi Mahallesi (Josefov) ve Malá Strana gibi ana duraklar birbirine sadece birkaç dakikalık yürüme mesafesindedir. Ancak bu masalsı yürüyüşün bir bedeli vardır: Prag’ın o meşhur, estetik ama insafsız Arnavut kaldırımları (cobblestones). Şehri keşfederken ""stil"" yerine kesinlikle ""konfor"" odaklı bir ayakkabı seçmek, bir turisti lokalden ayıran en büyük farktır. Yürürken başınızı yukarı kaldırmayı unutmayın; çünkü Prag’ın asıl hazineleri binaların çatı katlarında ve pencere pervazlarındaki detaylarda saklıdır.
 - Rayların ve Yerin Altındaki Hız: Tramvay ve Metro Sistemi Şehrin asıl damarları olan tramvaylar, Prag’ın karakterini yansıtır. Özellikle 22 numaralı tramvay, sıradan bir ulaşım aracından ziyade ""en ucuz şehir turu"" gibidir; sizi nehir kıyısından alıp Prag Kalesi’nin dik yamaçlarına kadar panoramik bir manzara eşliğinde çıkarır. Gece yarısından sonra ise 90-99 arası hatlar devreye girerek sizi şehrin her noktasına güvenle taşır. Eğer zamanınız kısıtlıysa ve daha hızlı hareket etmeniz gerekiyorsa, A, B ve C hatlarından oluşan metro sistemi imdadınıza yetişir. Dünyanın en derin istasyonlarından biri olan Náměstí Míru gibi duraklarda devasa yürüyen merdivenlerle yerin altına inerken, Prag’ın modern yüzüyle tanışırsınız.
-  Bütçenizi ve Rotanızı Yönetin: Biletler ve Visitor Pass Prag’da ulaşım sistemi mesafeye değil, zamana dayalıdır. Bu, biletinizin geçerli olduğu süre boyunca sınırsız aktarma yapabileceğiniz anlamına gelir. Kısa mesafeler için 30 dakikalık bilet (30 CZK), daha kapsamlı bir yolculuk için ise 90 dakikalık bilet (40 CZK) idealdir. Eğer şehri 2-3 gün boyunca yoğun bir şekilde gezecekseniz, 24 saatlik (120 CZK) veya 72 saatlik (330 CZK) kartlar büyük bir konfor sağlar. Ancak Prag’ı tam anlamıyla fethetmek isterseniz, Barselona Card'ın buradaki karşılığı olan Prague Visitor Pass en iyi dostunuz olacaktır. Bu kart sadece sınırsız ulaşımı (havalimanı dahil) kapsamakla kalmaz, aynı zamanda Prag Kalesi, Astronomik Saat Kulesi ve Yahudi Müzesi gibi 60’tan fazla önemli noktaya ücretsiz giriş imkânı sunar.
- Alternatif Yollar: Nehir, Tepe ve Pedallar Prag’ın en keyifli ulaşım yöntemlerinden biri, Malá Strana’dan kalkıp şehre tepeden bakmanızı sağlayan Petřín Füniküleri’dir. Eğer 24 saatlik veya daha uzun süreli bir ulaşım kartınız varsa, bu nostaljik yolculuk tamamen ücretsizdir. Vltava Nehri’nin tadını çıkarmak isterseniz, toplu taşıma sistemine dahil olan küçük nehir feribotlarını kullanarak iki yaka arasında kısa bir su turu yapabilirsiniz. Şehir merkezi yaya trafiği ve tramvay rayları nedeniyle bisiklet için biraz riskli olsa da, nehir boyundaki Naplavka hattında Rekola (pembe bisikletler) veya Nextbike uygulamalarıyla bisiklet sürmek lokallerin en sevdiği hafta sonu aktivitelerinden biridir.
- Lokal Etiket: Yazısız Ulaşım Kuralları Prag ulaşımında dürüstlük sistemi esastır; metro girişlerinde turnike göremezsiniz. Ancak biletinizi tramvaya bindiğinizde veya metro girişindeki sarı makinelerde mutlaka onaylatmalısınız (validate). Sivil denetçilerle karşılaşma ihtimaliniz yüksektir ve biletiniz cebinizde olsa dahi onaylatılmamışsa ağır cezalarla karşılaşırsınız. Şehrin ritmine uyum sağlamak için metroda yürüyen merdivenlerin her zaman sağında durmalı, sol tarafı acelesi olan lokallere bırakmalısınız. En kritik kural ise şudur: Prag’da tramvayların her zaman mutlak önceliği vardır. Yaya geçidinde olsanız bile bir tramvayın sizin için durmasını beklemeyin; Praglıların dediği gibi, ""Tramvay her zaman kazanır!""",🚲 Getting from A to B: Move Like a Local,"While Prague is a city essentially designed for walking, its labyrinthine alleys and wide boulevards stretching along the Vltava River make it a true engineering masterpiece of transportation. Public transit here is so punctual that you can set your watch by the tram arrivals, allowing you to immerse yourself in the rhythm of the rails and the river with complete confidence.

- First Steps: Getting from Václav Havel Airport to the City Center Upon arriving in Prague, you will find that while there is no direct metro line from the airport, the public transport system fills this gap perfectly. The most economical and ""local"" method is to hop on Trolleybus 59 from Terminal 1 or 2. This line whisked you quickly to the Nádraží Veleslavín station on Metro Line A (Green), where standard city tickets are valid. For those seeking more comfort without transfers, the Airport Express (AE) bus runs directly to the main train station (Hlavní nádraží); however, this requires a special ticket purchased from the driver for approximately 100 CZK. For a more modern alternative, Prague’s official taxi service is integrated with Uber, providing safe journeys at fixed prices via the app.
- Time Travel on Cobblestones: Walkability Prague is a city that only truly reveals its soul to those who explore it on foot. Main hubs like the Old Town (Staré Město), the Jewish Quarter (Josefov), and Malá Strana are all within a few minutes' walk of each other. However, this fairytale stroll comes with a price: Prague’s famous, aesthetic, yet merciless cobblestones. When exploring the city, choosing shoes focused on ""comfort"" rather than ""style"" is the biggest detail that sets a local apart from a tourist. Don't forget to look up while walking; Prague’s true treasures are often hidden in the details of the attics and window sills.
- Speed on Rails and Underground: The Tram and Metro System Trams are the true arteries of the city, reflecting Prague’s unique character. Tram 22, in particular, acts more like the ""cheapest city tour"" than a mere transport vehicle, taking you from the riverbanks up the steep slopes of Prague Castle with panoramic views. After midnight, the ""Night Trams"" (lines 90-99) take over, ensuring you reach any point in the city safely. If you are short on time, the metro system—comprising lines A, B, and C—is your best bet. Descending into the earth via massive escalators at stations like Náměstí Míru (one of the deepest in the world) offers a glimpse into the modern face of Prague.
- Manage Your Budget and Route: Tickets and the Visitor Pass Transportation in Prague is based on time rather than distance. This means your ticket allows for unlimited transfers (metro, tram, bus, funicular) within its validity period. A 30-minute ticket (30 CZK) is ideal for short hops, while the 90-minute ticket (40 CZK) is better for comprehensive journeys. If you plan to explore intensively for 2-3 days, the 24-hour (120 CZK) or 72-hour (330 CZK) passes offer great convenience. For the ultimate experience, the Prague Visitor Pass is your best ally. Similar to the Barcelona Card, it covers unlimited transport (including the airport) and provides free entry to over 60 top attractions like Prague Castle and the Astronomical Clock Tower.
- Alternative Paths: The River, the Hill, and the Pedals One of the most delightful ways to see the city is the Petřín Funicular, which climbs from Malá Strana to offer a bird’s-eye view of the spires. If you have a 24-hour or longer transport pass, this nostalgic journey is entirely free. To enjoy the Vltava River, you can use the small river ferries included in the public transport system for a quick cross-river water tour. While the city center can be risky for cycling due to pedestrian traffic and tram tracks, biking along the Náplavka riverbank using the Rekola (pink bikes) or Nextbike apps is a favorite weekend activity for locals.
- Local Etiquette: The Unwritten Rules of Transit The ""honesty system"" is fundamental to Prague’s transit; you won't find turnstiles at metro entrances. However, you must validate your ticket in the yellow machines upon boarding a tram or entering the metro area. Plainclothes inspectors frequently conduct checks, and having a ticket in your pocket that hasn't been validated will result in a heavy fine—no excuses accepted. To blend in, always stand on the right on escalators, leaving the left side open for locals in a hurry. The most critical rule? Trams always have absolute priority. Even at a pedestrian crossing, never expect a tram to stop for you. As the locals say, ""The tram always wins!"""
Prag,5,🏛️ Şehrin Hafızası: Görülmesi Gereken İkonik Duraklar,"Prag’ın her bir taşı, binlerce yılın birikimini ve imparatorlukların görkemini sessizce fısıldar. Burası, her adımda Orta Çağ’ın gizemli atmosferine çekileceğiniz, zamanın farklı katmanlarının iç içe geçtiği yaşayan bir açık hava sahnesidir.

- Prag Kalesi (Pražský hrad): Dünyanın en büyük antik kale kompleksi olarak kabul edilir. Şehrin siluetine hükmeden bu devasa yapının içinde, Gotik mimarinin zirvesi olan Aziz Vitus Katedrali'ni mutlaka görülmeli. Girişteki güvenlik ve bilet kuyrukları zaman zaman uzayabiliyor; bu nedenle biletinizi önceden online almak ve sabah erken saatleri tercih etmek ziyaretinizi oldukça rahatlatır.
- Altın Yol (Zlatá ulička): Kale kompleksinin içinde yer alan Altın Yol, rengârenk minik evleriyle sizi 16. yüzyıla götürür. Bir dönem simyacıların yaşadığına inanılan bu sokakta, 22 numaralı ev, Franz Kafka’nın en sakin eserlerini kaleme aldığı yer olarak bilinir.
- Charles Köprüsü (Karlův most): Vltava Nehri üzerindeki Charles Köprüsü, üzerindeki 30 Barok heykelle Prag’ın en güçlü simgelerinden biridir. Eski Şehir ile Malá Strana’yı birbirine bağlayan köprü, aynı zamanda açık havada kurulmuş bir sanat galerisi hissi verir. Gün doğumu ve gün batımı saatleri, köprüyü daha sakin görmek için ideal zamanlardır.
- Lennon Duvarı (Lennonova zeď): Charles Köprüsü’nün hemen bitiminde yer alan Lennon Duvarı, barış ve özgürlüğün sembolü haline gelmiş bir durak. 1980’lerden bu yana sürekli değişen grafitilerle kaplı bu alan, Prag’ın modern hafızasında direnişin ve ifade özgürlüğünün en renkli yansımalarından biri olarak görülür.
- Eski Şehir Meydanı ve Astronomik Saat (Orloj): Gotik ve Barok binalarla çevrili Eski Şehir Meydanı, Avrupa’nın en etkileyici meydanlarından biridir. Meydandaki Astronomik Saat, hâlâ çalışan dünyanın en eski astronomik saati olarak bilinir. Saat başı yapılan kısa gösteri ilgi çekse de, beklentiyi çok yükseltmek yerine saatin üzerindeki o inanılmaz detaylara ve sembolleri incelemeye odaklanmak çok daha keyifli bir deneyim sunar. 
- Klementinum Kütüphanesi (Klementinum): ""Dünyanın en güzel kütüphanesi"" unvanını hak eden bu Barok şaheser, sizi devasa küreler ve el yazmaları arasında büyüleyici bir sessizliğe davet eder. Gitmeden önce bilmenizde fayda var ki Klementinum sadece rehberli turlarla gezilebilir ve kontenjanlar oldukça sınırlı. Mağdur olmamak için mutlaka birkaç gün önceden online rezervasyon yaptırmanız faydalı olacaktır.
- Belediye Binası (Obecní dům): Barut Kapısı’nın hemen yanında yükselen bu yapı, Prag’daki Art Nouveau (Genç Üslup) akımının en görkemli temsilcilerinden biridir. Cephesindeki devasa mozaikleriyle şehirdeki sanatsal canlılığın kalbidir.
- Yahudi Mahallesi (Josefov): Avrupa’nın en iyi korunmuş Yahudi yerleşimlerinden biridir. Altı sinagog ve o meşhur Eski Yahudi Mezarlığı burada yer alır. Tüm sinagogları ve mezarlıkları ziyaret etmeyi planlıyorsanız, kombine bilet almak hem daha pratik hem de daha ekonomik bir seçenek sunacaktır. Biletinizi mahalledeki gişelerden ya da online olarak alabilirsiniz. 
- Dans Eden Ev (Tančící dům): Prag sadece Orta Çağ’dan ibaret değildir. Nehir kenarındaki bu modern yapı, şehrin tarihi dokusu içinde aykırı ama büyüleyici bir kontrast yaratır.
- Vyšehrad: Prag Kalesi’nin kalabalığından kaçmak isteyenler için ""şehrin doğum yeri"" kabul edilen bu kale, muazzam bir nehir manzarası ve huzurlu bir park alanı sunar.",🏛️ The City's Memory: Iconic Landmarks Must-See,"Every stone in Prague whispers the heritage of a thousand years and the grandeur of empires. It is a living, open-air stage where every step draws you into the mystical atmosphere of the Middle Ages, and where different layers of time seamlessly intertwine.

- Prague Castle (Pražský hrad): Recognized as the largest ancient castle complex in the world. Dominating the city’s skyline, this massive structure houses St. Vitus Cathedral, the true pinnacle of Gothic architecture. Practical Note: Security and ticket queues can get quite long. To ensure a comfortable visit, it is highly recommended to purchase your tickets online in advance and arrive early in the morning.
- Golden Lane (Zlatá ulička): Located within the castle complex, Golden Lane transports you back to the 16th century with its vibrant, tiny houses. Once believed to be the home of alchemists, House No. 22 is famous as the sanctuary where Franz Kafka penned some of his most introspective works.
- Charles Bridge (Karlův most): Adorned with 30 Baroque statues, Charles Bridge is one of Prague’s most powerful symbols spanning the Vltava River. Connecting the Old Town with Malá Strana, the bridge feels like an open-air art gallery. To experience its most serene state, aim for sunrise or sunset.
- Lennon Wall (Lennonova zeď): Situated just past Charles Bridge, the Lennon Wall has become a global symbol of peace and freedom. Since the 1980s, this ever-changing canvas of graffiti has stood as a vibrant reflection of resistance and freedom of expression in Prague’s modern memory.
- Old Town Square and the Astronomical Clock (Orloj): Surrounded by Gothic and Baroque architecture, Old Town Square is one of Europe’s most breathtaking plazas. Its centerpiece, the Astronomical Clock, is the oldest working clock of its kind. While the brief hourly show is a popular attraction, the real reward lies in examining the clock’s intricate details and profound symbolism.
- Klementinum Library (Klementinum): Deserving of the title ""the world’s most beautiful library,"" this Baroque masterpiece invites you into a mesmerizing silence among ancient manuscripts and massive globes. Important Tip: The Klementinum can only be visited via guided tours, and capacity is strictly limited. To avoid disappointment, make sure to book your reservation online several days in advance.
- Municipal House (Obecní dům): Rising next to the Powder Tower, this building is a magnificent representative of the Art Nouveau (Jugendstil) movement. With its grand mosaics, it remains the heart of the city’s artistic pulse.
- Jewish Quarter (Josefov): One of the best-preserved Jewish settlements in Europe, housing six synagogues and the historic Old Jewish Cemetery. Pro Tip: If you plan to visit all the synagogues and the cemetery, a combined ticket is both more practical and economical. These can be purchased at local kiosks or online.
- Dancing House (Tančící dům): Prague is not defined solely by its medieval past. This modern architectural marvel on the riverbank creates a striking yet fascinating contrast within the city’s historical fabric.
- Vyšehrad: For those looking to escape the crowds of Prague Castle, this fortress—regarded as the ""birthplace of the city""—offers magnificent river views and tranquil parklands. It remains a favorite weekend retreat for locals."
Prag,6,"🍴 Şehrin Lezzet Haritası: Et, Hamur ve Bira Kültürü","Prag mutfağı, Orta Avrupa’nın kalbinde yer almanın getirdiği o ""rahatlatıcı"" (comfort food) karakteri en iyi yansıtan yerlerden biridir. Burada her tabak, sizi soğuk bir kış gününde şömine başında ağırlayan eski bir dost gibidir.

- Vepřo-knedlo-zelo (Ulusal Bir Gurur): Prag mutfağının sarsılmaz temelidir. Yavaş yavaş fırınlanmış, lokum kıvamındaki domuz eti, yanındaki meşhur knedlíky (ekmek topları) ve karamelize edilmiş ekşi-tatlı lahana turşusu (zelí) ile servis edilir. Bu üçlü, Çeklerin ""kutsal kasesi"" gibidir; etin ağırlığı lahananın ekşiliğiyle, sosun yoğunluğu ise ekmek toplarıyla kusursuz bir dengeye ulaşır.
- Svíčková na smetaně (İmparatorluk Zarafeti): Çek mutfağının en sofistike yemeğidir. Sığır eti, tam 24 saat boyunca kök sebzeler ve baharatlarla marine edilir. Ortaya çıkan o yoğun, kremamsı havuç ve kök sebze sosu, bir kaşık yaban mersini reçeli ve taze çırpılmış krema ile tamamlanır. Bir tabakta hem tatlıyı hem tuzluyu bu kadar asilce birleştiren başka bir lezzet bulmak zordur.
- Pilsner (Tekutý Chléb - Sıvı Ekmek): Prag’da bira sadece bir içecek değil, hayatın kendisidir; onlara göre ise ""sıvı ekmek"". Dünyanın ilk altın sarısı pilsnerinin doğduğu bu topraklarda bira, özel musluk teknikleriyle doldurulur. Bardağın üçte birini kaplayan o ıslak, yoğun ve kadifemsi köpük (Hladinka), biranın tazeliğinin ve zanaatın imzasıdır.
- Guláš (Çek Gulaşı): Macar kuzeninden farklı olarak daha koyu bir kıvama ve daha az sebzeye sahiptir. Bol soğan, kimyon ve bazen bir miktar bira ile ağır ateşte pişirilen bu sığır eti yahnisi, yanındaki çiğ soğan halkaları ve taze dumplings ile Prag kışlarının en sıcak sığınağıdır.
- Trdelník (Sokakların Tarçınlı Ruhu): Prag’ın o meşhur Orta Çağ sokaklarında yürürken burnunuza gelen tarçın kokusunun kaynağıdır. Ateş üzerinde dönen rulo hamurların üzerine serpilen şeker ve ceviz, karamelize bir kabuk oluşturur. İster sade, ister içi çikolatayla kaplı olsun; bu tatlı Prag’ın masalsı atmosferinin ayrılmaz bir parçasıdır.
- Smažený Sýr (Altın Renkli Suçlu Zevk): Prag birahanelerinin en sevilen ""atıştırmalığıdır"". Kalın bir dilim Edam veya Hermelín peynirinin panelenip dışı çıtır, içi ise akışkan olana kadar kızartılmasıyla yapılır. Yanındaki tartar sos ve haşlanmış patatesle, basitliğin ne kadar lezzetli olabileceğinin kanıtıdır.
- Nakládaný Hermelín (Birahane Klasiği): Gerçek bir Praglı gibi hissetmek istiyorsanız denemeniz gereken o meşhur meze. Cam kavanozlarda günlerce yağ, sarımsak, acı biber ve baharatlarla bekletilen yumuşak peynir, taze Çek ekmeğinin üzerine sürülerek yenir. Biranın en sadık eşlikçisidir.
- Chlebíčky (Görsel Bir Şölen): Prag’ın hızlı yaşamına ayak uyduran ama estetiğinden ödün vermeyen açık sandviçleridir. Patates salatası tabanının üzerine bir sanatçı titizliğiyle yerleştirilen şarküteri ürünleri, turşu ve yumurta dilimleri; yerel şarküterilerin (Lahůdky) vitrinlerini süsleyen renkli birer mücevher gibidir.
- Kulajda (Orman ve Çiftlik Buluşması): Dereotu, mantar ve kremanın muazzam birlikteliği. İçine saklanan bir adet poşe yumurta ile sunulan bu yoğun çorba, Bohemya ormanlarının o nemli ve taze kokusunu tabağınıza taşır. Ekşi ve kremsi dokusuyla damağınızda derin bir iz bırakır.
- Becherovka (13. Şifalı Kaynak): Karlovy Vary’nin 20’den fazla gizli bitkiyle hazırlanan efsanevi likörü. Çekler için bu içecek, sindirimi kolaylaştıran bir ""ilaç"" hükmündedir. Yemek sonrası bir kadehte sunulan bu baharatlı ve keskin içecek, Prag lezzet turunuzun en şık kapanışıdır.

💡 Lokal Tavsiyesi: Meydanlardaki ""Tourist Menu"" yazan yerlerden kaçın. Ara sokaklarda, camları buğulu, içeriden kahkahaların ve kadeh seslerinin yükseldiği, tabelası bile olmayan kapılardan içeri dalın. En iyi Svíčková ve en taze Pilsner sizi her zaman o izbe görünümlü ama ruhu olan birahanelerde bekliyor olacak.

Yazısız Kurallar:
- Sonsuz Bira Akışı: Geleneksel bir birahanede (Hospoda) bardağınızı bitirdiğiniz an garson sormadan yenisini getirir. Eğer durmak istiyorsanız, bardak altlığını bardağın üzerine kapatmalısınız. Aksi takdirde sabaha kadar bira içmeye devam edebilirsiniz!
- Hesap Çetelesi: Masadaki küçük kağıt sizin tek belgenizdir. Her çizik bir birayı temsil eder. O kağıdı sakın kaybetmeyin veya karalamayın; hesap öderken garson o çizikleri sayacaktır.
- Sadece Ekmek ve Simit: Masada gördüğünüz sepet içindeki ekmekler veya büyük simitler (Pretzel) genellikle ücretsiz değildir. Yediğiniz her parça hesabınıza eklenir; istemiyorsanız dokunmamanız en iyisidir.
- Ortak Masa Kültürü: Popüler birahanelerde boş yer yoksa, bir masada oturanların yanına ""Je tu volno?"" (Burası boş mu?) diyerek oturmak çok doğaldır. Prag’da masayı paylaşmak sosyalleşmenin kuralıdır.
- Bahşiş (Yuvarlama Usulü): Çekya’da bahşiş genellikle %10 olarak beklenir ancak bunu masaya bırakmak yerine, hesabı öderken miktarı yukarı yuvarlayarak garsona söylersiniz. (Örneğin hesap 182 Koruna ise, garsona ""200"" diyerek parayı uzatmak lokal bir davranıştır.)
- Nakit (Hotovost): Prag’ın en iyi lokal birahanelerinin birçoğu hâlâ ""Sadece Nakit"" (Cash Only) çalışır. Cebinizde her zaman bir miktar Çek Korunası bulundurmak hayat kurtarır.","🍴 A Taste of the City: Meat, Dough, and Beer","Prague’s cuisine is one of the finest reflections of that ""comfort food"" character at the heart of Central Europe. Here, every dish feels like an old friend welcoming you by the fireplace on a cold winter day.

- Vepřo-knedlo-zelo (A National Pride): The unshakeable foundation of Prague’s culinary identity. It features slow-roasted, tender pork served alongside the famous knedlíky (bread dumplings) and caramelized sweet-and-sour sauerkraut (zelí). This trio is considered the ""Holy Grail"" of Czech cuisine; the richness of the meat finds a perfect balance in the acidity of the cabbage and the density of the dumplings.
- Svíčková na smetaně (Imperial Elegance): The most sophisticated dish in the Czech repertoire. Beef sirloin is marinated for a full 24 hours with root vegetables and spices. The resulting thick, creamy vegetable sauce is finished with a spoonful of cranberry jam and a dollop of fresh whipped cream. It is rare to find another dish that blends sweet and savory with such noble grace.
- Pilsner (Tekutý Chléb – ""Liquid Bread""): In Prague, beer is not just a beverage; it is life itself. To the locals, it is ""liquid bread."" In the land where the world’s first golden pilsner was born, beer is poured using specialized tap techniques. The Hladinka—a thick, wet, and velvety head of foam occupying a third of the glass—is the signature of freshness and craftsmanship.
- Guláš (Czech Goulash): Distinct from its Hungarian cousin, the Czech version is darker, denser, and contains fewer vegetables. Braised over a slow flame with plenty of onions, cumin, and occasionally a splash of beer, this beef stew served with raw onion rings and fresh dumplings is the warmest sanctuary during a Prague winter.
- Trdelník (The Cinnamon Soul of the Streets): The source of that enchanting cinnamon scent that greets you as you wander through Prague’s medieval alleys. Dough spirals are roasted over an open flame and dusted with sugar and walnuts to create a caramelized crust. Whether plain or filled with chocolate, this pastry is an inseparable part of Prague’s fairytale atmosphere.
- Smažený Sýr (Golden Guilty Pleasure): The most beloved ""snack"" found in Prague’s pubs. A thick slice of Edam or Hermelín cheese is breaded and fried until the exterior is crispy and the interior is molten. Served with tartar sauce and boiled potatoes, it is proof of how delicious simplicity can be.
- Nakládaný Hermelín (The Pub Classic): If you want to feel like a true local, this is the legendary appetizer you must try. Soft cheese is marinated in jars for days with oil, garlic, chili peppers, and spices. Served with fresh Czech bread, it is the most loyal companion to a cold beer.
- Chlebíčky (A Visual Feast): These are open-faced sandwiches that keep pace with Prague’s fast life without sacrificing aesthetics. Toppings like potato salad, cured meats, pickles, and egg slices are arranged with artistic precision on small slices of bread; they look like colorful jewels decorating the windows of local delicatessens (Lahůdky).
- Kulajda (Forest Meets Farm): A magnificent union of dill, mushrooms, and cream. Often served with a poached egg hidden inside, this dense soup brings the damp, fresh scent of Bohemian forests to your plate. Its sour and creamy texture leaves a deep impression on the palate.
- Becherovka (The 13th Spring): A legendary herbal liqueur from Karlovy Vary, crafted with over 20 secret herbs. To the Czechs, this drink is practically a ""medicine"" that aids digestion. Served in a small glass after a meal, this spicy and sharp spirit is the most elegant way to conclude your Prague flavor tour.

💡 Local Advice: Avoid places with ""Tourist Menu"" signs in the main squares. Instead, dive into the side streets and look for the unmarked doors with steamed-up windows, where laughter and the clinking of glasses echo from within. The best Svíčková and the freshest Pilsner are always waiting for you in those dimly lit but soulful pubs.

Local Wisdom and Unwritten Rules: To eat like a local and avoid the ""tourist traps,"" keep these insider rules in mind:
- The Endless Flow: In a traditional pub (Hospoda), the moment you finish your beer, the waiter will bring a fresh, frothy replacement without asking. If you want to stop the cycle, place your coaster on top of your glass. Otherwise, the beer will keep coming until dawn!
- The Tally Slip: The small slip of paper on your table is your only official document. Every stroke represents one beer. Do not lose or scribble on that paper; the waiter will count those marks to calculate your bill.
- The Bread and Pretzel Trap: The baskets of bread or large pretzels you see on the table are usually not free. Every piece you eat will be added to your tab; if you don't want them, it’s best not to touch them.
- Shared Table Culture: In popular pubs, if there are no empty tables, it is perfectly normal to ask those already seated, ""Je tu volno?"" (Is this spot free?). Sharing a table is a social rule in Prague.
- Tipping (The Round-Up): A 10% tip is generally expected in Czechia. However, rather than leaving it on the table, you tell the waiter the total amount you want to pay as you hand over the money. (e.g., if the bill is 182 Koruna, saying ""200"" to the waiter is the local way to tip).
- Cash (Hotovost): Many of Prague’s best local pubs still operate on a ""Cash Only"" basis. Keeping a supply of Czech Koruna in your pocket is a lifesaver.

"
Prag,7,🤫 Şehrin Fısıldadıkları: Lokal Sırlar,"Prag, sadece haritalarda işaretlenen kulelerden ibaret değildir; o, ana caddelerin arkasına gizlenmiş avlularda, isyankar heykellerde ve zamanın unutulduğu yeraltı laboratuvarlarında asıl şarkısını söyler. Eğer kalabalıkların uğultusundan sıyrılıp Prag’ın gerçek fısıltısını duymak isterseniz, rotanızı şu gizli duraklara çevirim:

- Speculum Alchemiae (Simyacıların İzinde): Eski Şehir’in kalbinde, 2002 yılındaki büyük sel felaketinden sonra tesadüfen keşfedilen bu yeraltı laboratuvarı, Prag’ın ""Büyücüler Şehri"" olduğu günlerin en gerçek kanıtıdır. İmparator II. Rudolf’un gizli simyacılarının ölümsüzlük iksirini aradığı bu tozlu tüneller, sizi modern dünyadan koparıp kadim bir gizemin içine çeker.
- Nový Svět (Yeni Dünya): Prag Kalesi’nin hemen dibinde ama bir o kadar da uzakta hissettiren bu mahalle, 17. yüzyıldan kalma minik evleriyle Prag’ın en mahrem sığınağıdır. Bir zamanlar simyacıların ve fakir sanatçıların yaşadığı bu sessiz sokaklarda, sadece kendi ayak seslerinizi duyarsınız.
- Paternoster Asansörleri (Asla Durmayan Döngü): Şehirdeki bazı eski devlet binalarında ve Lucerna Pasajı'nda hâlâ çalışan bu ""asla durmayan"" ahşap asansörler, Prag’ın yaşayan tarihidir. Kapısı olmayan ve sürekli bir döngü halinde hareket eden bu kabinlere binmek, zamanın içinde bir döngüye girmek gibidir.
- Lucerna Pasajı ve Ters At: Aziz Wenceslas’ın ölü ve ters asılmış bir atın üzerinde durduğu bu heykel, David Černý’nin otoriteyle dalga geçen meşhur eseridir. Prag’ın o ciddi Gotik yüzüne atılmış kışkırtıcı bir kahkaha gibidir.
- Vinárna Čertovka (Trafik Işıklı Daracık Sokak): Malá Strana’da iki bina arasına sıkışmış, o kadar dar bir geçit vardır ki iki kişinin aynı anda geçmesi imkânsızdır. Bu yüzden her iki ucuna yerleştirilen trafik ışıkları, Prag’ın mimari sürprizlerinin en eğlenceli örneğidir.
- David Černý’nin Kışkırtıcı İzleri: Sadece ters atla kalmayın; Kampa Parkı’ndaki yüzleri olmayan devasa Bronz Bebekler veya Kafka Müzesi önündeki interaktif heykeller, Prag’ın isyankar ruhunu okumanın en iyi yoludur.
- Vrtba Bahçesi (Vrtbovská zahrada): Sıradan bir kapının arkasında saklı bu Barok cennet, kat kat yükselen teraslarıyla Prag’ın o meşhur kırmızı çatılarını en romantik açıdan izleyebileceğiniz, şehrin en iyi korunan sırrıdır.
- Letná Parkı ve Beş Köprü Manzarası: Lokallerin gün batımını izlemek için toplandığı bu tepe, Vltava üzerindeki beş köprünün (Charles Köprüsü dahil) art arda dizildiği o ikonik kareyi yakalayabileceğiniz tek noktadır.
- Strahov Manastırı ve St. Norbert Birası: Kütüphanesinden çok, çevresindeki patikalarda yürümek ve keşişlerin yüzyıllardır aynı tarifle ürettiği özel birayı manastırın kendi avlusunda içmek gerçek bir Bohemya deneyimidir.
- Belediye Kütüphanesi ve Sonsuzluk Kulesi (Idiom): Kütüphanenin girişinde yer alan binlerce kitaptan yapılmış ""sonsuzluk tüneli"", içindeki aynalar sayesinde size bilginin sonu olmadığını gösteren büyüleyici bir optik illüzyon sunar.",🤫 Whispers of the City: Local Secrets,"Prague is more than the towers marked on a map; its true song is sung in courtyards tucked behind main streets, through rebellious sculptures, and within underground laboratories where time has been forgotten. If you wish to escape the hum of the crowds and hear the city’s genuine whisper, turn your path toward these ten hidden stops:

- Speculum Alchemiae (In the Footsteps of Alchemists): Located in the heart of the Old Town, this underground laboratory was discovered by chance following the Great Flood of 2002. It serves as the most authentic proof of Prague’s days as the ""City of Mages."" These dusty tunnels, where Emperor Rudolf II’s secret alchemists once sought the elixir of immortality, pull you away from the modern world and into an ancient mystery.
- Nový Svět (The New World): Nestled right at the foot of Prague Castle yet feeling worlds away, this neighborhood is the city’s most intimate sanctuary. With its tiny houses dating back to the 17th century, it was once a refuge for poor artists and alchemists. Today, in these quiet, cobblestone streets, the only sound you’ll hear is your own footsteps.
- Paternoster Elevators (The Never-Ending Loop): Still operating in some of the city's older government buildings and the Lucerna Palace, these ""doorless"" wooden elevators are a piece of living history. Stepping into these cabins, which move in a continuous, rhythmic cycle, feels like entering a loop within time itself.
- Lucerna Passage and the Upside-Down Horse: This sculpture of St. Wenceslas sitting atop a dead, inverted horse is David Černý’s famous mockery of authority. It stands as a provocative laugh directed at Prague’s solemn Gothic facade.
- Vinárna Čertovka (The Narrowest Street with a Traffic Light): Tucked between two buildings in Malá Strana is a passage so narrow that it is impossible for İwo people to pass at once. Because of this, traffic lights have been placed at both ends—making it perhaps the most amusing example of Prague’s architectural quirks.
- The Provocative Traces of David Černý: Don’t stop at the upside-down horse; seek out the faceless, giant Bronze Babies in Kampa Park or the interactive sculptures in front of the Kafka Museum. Following Černý’s trail is the best way to decode the rebellious soul of Prague.
- Vrtba Garden (Vrtbovská zahrada): Hidden behind an ordinary door, this Baroque paradise rises in terraced layers, offering the most romantic views of Prague’s iconic red rooftops. It remains the city’s best-kept secret.
- Letná Park and the Five-Bridge View: While tourists flock to Charles Bridge, locals gather on this hill to watch the sunset. This is the only spot where you can capture the iconic frame of five bridges—including Charles Bridge—aligned perfectly along the Vltava.
- Strahov Monastery and St. Norbert Beer: Far beyond its world-famous library, the true Bohemian experience lies in walking the surrounding trails and tasting the craft beer brewed by monks using the same recipe for centuries, served in the monastery’s own courtyard.
- The Municipal Library and the Infinity Tower (Idiom): Located at the entrance of the library, this ""tunnel of infinity"" made from thousands of books uses mirrors to create a mesmerizing optical illusion, reminding every visitor that there is truly no end to knowledge."
Prag,8,✅ Mutlaka Yapmadan Dönme: Prag Checklist,"- Charles Köprüsü'nde Güne Merhaba Deyin: Kalabalıklar şehre doluşmadan hemen önce, şafak vaktinde köprüye gidin. Vltava üzerindeki pusun arasından yükselen Barok heykellerle baş başa kalmak, Prag’ın o mistik ruhuna dokunmanın tek yoludur.
- Prag Kalesi’nde Gotik’in Zirvesine Çıkın: Dünyanın en büyük kale kompleksinin avlularında kaybolun ve Aziz Vitus Katedrali'nin o göğe yükselen sivri kulelerine bakarken mimarinin gücünü hissedin.
- Bir Birahanede ""Sıvı Ekmek"" Ritüeline Katılın: Yerel bir birahaneye (Hospoda) girin ve masadaki o meşhur çeteleye ilk çiziğinizi attırın. Bardak altlığını bardağın üzerine kapatana kadar devam eden o sonsuz bira akışını deneyimlemeden Prag’ı anlamış sayılmazsınız.
- Astronomik Saat’in Detaylarında Kaybolun: Saat başı yapılan gösteriyi izlemek bir turist klasiğidir; ancak siz gösteriden ziyade saatin üzerindeki o karmaşık sembollerin, burçların ve zamanın felsefesinin tadını çıkarın.
- Kafka’nın İzinde ""Kafkaesk"" Bir Yolculuk: Franz Kafka Müzesi’ni ziyaret edin ve hemen dışındaki devasa, dönen metal Kafka büstünün karşısında durun. Yazarı anlamak, Prag'ın o hüzünlü ve labirentvari sokaklarının neden onun eserlerine ilham verdiğini kavramaktır.
- Vinárna Čertovka’da Yeşil Işığı Bekleyin: Şehrin en dar sokağında, karşıdan gelenle sıkışıp kalmamak için trafik ışığının yeşil yanmasını bekleyin. Bu minik ve absürt an, Prag mimarisinin size sunduğu en eğlenceli sürprizlerden biridir.
- Paternoster Asansörü ile Zaman Döngüsüne Girin: Şehirdeki eski binalardan birinde, kapısı olmayan ve hiç durmadan dönen o ahşap kabinlere atlayın. Bu nostaljik ""hiç bitmeyen döngü"", Prag’ın yaşayan tarihinin en eğlenceli parçasıdır.
- Svíčková ile Bohemya Mutfağının Şahikasına Ulaşın: O yoğun kremalı sosun, yumuşacık sığır etinin ve yaban mersini reçelinin birleştiği o tabağı bitirmeden ve o sosu ekmek toplarıyla (dumplings) sıyırmadan Prag mutfağından geçtim demeyin.
- David Černý’nin Kışkırtıcı İzini Sürün: Şehrin dört bir yanına dağılmış o ""tuhaf"" heykelleri (Ters At, Bebekler, İşeyen Heykeller) bulun. Bu eserler, Prag’ın o ağırbaşlı Gotik yüzünün ardındaki isyankar Çek mizahının anahtarıdır.
- Vltava Nehri’nde Prag’a Aşağıdan Bakın: İster küçük bir feribotla karşıya geçin, ister bir deniz bisikleti kiralayıp nehrin ortasına açılın. Prag’ın siluetini suyun üzerinden izlemek, şehre bambaşka bir perspektif kazandırır.
- Vrtba Bahçesi’nde Sessizliğin Tadını Çıkarın: Malá Strana’nın gürültüsünden sadece bir kapı uzaklaşın ve o Barok teraslarda Prag’ın kırmızı çatılarına karşı derin bir nefes alın. Burası şehrin en güzel ""gizli"" seyir terasıdır.
- Letná Parkı'nda Gün Batımı: Lokaller gibi biranızı kapıp tepedeki banklara kurulun. Nehrin üzerindeki tüm köprülerin art arda dizildiği o meşhur kareyi hafızanıza kazıyın.
- Trdelník Kokularını Takip Edin: Her ne kadar lokaller ""tam olarak bize ait değil"" dese de, sokakları saran o tarçınlı ve şekerli kokuya teslim olun. Sıcak bir rulo tatlıyla Prag’ın dar sokaklarında kaybolmak, bu masalsı yolculuğun en tatlı finalidir.",✅ The Prague Checklist: Don't Leave Without Doing These,"- Greet the Dawn on Charles Bridge: Visit before the crowds descend, right at daybreak. Watching the Baroque statues emerge from the Vltava mist is the only way to touch the city's mystical soul.
- Ascend the Heights of Gothic at Prague Castle: Wander the courtyards of the world’s largest castle complex and feel the sheer power of architecture while gazing at the soaring spires of St. Vitus Cathedral.
- Join the ""Liquid Bread"" Ritual in a Pub: Step into a traditional hospoda and get that first stroke on your tally slip. You haven't truly understood Prague until you've experienced the endless flow of beer that only stops when you place your coaster on top of your glass.
- Lose Yourself in the Details of the Astronomical Clock: While the hourly show is a tourist classic, you should look deeper. Savor the intricate symbols, the zodiac signs, and the profound philosophy of time etched into its legendary face.
- A ""Kafkaesque"" Journey in the Footsteps of Kafka: Visit the Franz Kafka Museum and stand before the giant, rotating metal bust of the author. Understanding Kafka is the key to comprehending why Prague’s melancholic and maze-like streets inspired his genius.
- Wait for the Green Light at Vinárna Čertovka: In the city’s narrowest street, don't forget to wait for the traffic light to turn green so you don't get stuck. This tiny, absurd moment is one of the most charming architectural surprises Prague offers.
- Enter a Time Loop with the Paternoster Elevator: Find one of these doorless, wooden, never-stopping elevators in an old government building. This nostalgic ""never-ending loop"" is a whimsical piece of Prague’s living history.
- Reach the Pinnacle of Bohemian Cuisine with Svíčková: You cannot say you’ve tasted Prague until you’ve finished that plate of rich cream sauce, tender beef, and cranberry jam—mopping up every last drop with your bread dumplings.
- Trace the Provocative Trail of David Černý: Seek out the ""weird"" sculptures scattered across the city (the Upside-Down Horse, the Babies, the Pissing Statues). These works are the key to the rebellious Czech wit hidden behind Prague’s solemn Gothic facade.
- Look at Prague from Below on the Vltava River: Whether by a small ferry or a rented pedal boat, viewing the city’s skyline from the water offers a serene and romantic perspective that you simply cannot get on land.
- Find Peace in the Vrtba Garden: Escape the hustle of Malá Strana through a hidden door into this Baroque paradise. Climb its terraces for a deep breath and the most enchanting view of Prague’s iconic red-tiled roofs.
- Sunset at Letná Park: Join the locals with a drink in hand on the hills of Letná. Capture the iconic frame of five bridges—including Charles Bridge—aligned perfectly along the Vltava as the sun dips below the horizon.
- Follow the Scent of Trdelník: Even if locals say it’s not ""entirely"" Czech, surrender to the cinnamon and sugar aroma wafting through the medieval alleys. Getting lost in the cobblestone streets with a warm pastry is the quintessential fairytale ending to your journey."
Roma,1,"Roma: Tarihin Kalbi, Ebedi Şehir","Hızlı Bakış: Roma, adımınızı attığınız andan itibaren sizi adeta “estetik bir sarhoşluk” hissine sürükler. Burası bir açık hava müzesinden çok daha fazlası; 2000 yıllık bir tapınağın gölgesinde espresso’sunu yudumlayan lokallerin, dar sokaklarda vızıldayan Vespa’ların ve her köşe başında fışkıran Barok çeşmelerin yarattığı devasa bir hayat sahnesidir. Şehri anlamak için sadece binalara bakmak yetmez. Akşamüstü güneşinin taş cepheleri hangi turuncuya boyadığını görmek ve tarihin tozlu sayfalarının günlük hayatın sıradan bir parçasına nasıl dönüştüğünü hissetmeniz gerekir. İhtişam burada öyle sıradanlaşmıştır ki, bir süre sonra siz de alıştığınızı fark edersiniz.

Gitmeden önce küçük bir not. Roma’da trafik, şehrin kaotik temposunun en yüksek sesli parçasıdır. Daracık sokaklarda bir sanat eseri gibi süzülen Vespa’lar ve her an her yerden çıkabilen yayalar, Roma’nın karakteristik hareketliliği. Şehir merkezinde araba kullanmak bir meydan okuma olabilir. Bu yüzden en iyi plan, rahat bir ayakkabı giyip Roma’yı yürüyerek ya da metro hatlarıyla keşfetmektir. Yürürken şehrin dört bir yanına yayılmış antik sokak çeşmeleri yani şehrin gizli kahramanı ""Nasoni"" (Büyük Burunlar) ile tanışacağınıza emin olabilirsiniz. Mataranızı mutlaka yanında bulundurun ve Roma’yı bir lokal gibi deneyimlemenin en ferahlatıcı yolunu deneyimleyin. Ek olarak, şehrin her yerinde kredi kartı kullanımı yaygın olsa da, mahalle aralarındaki o salaş dükkanlarda veya yerel pazarlarda bir dilim pizza alırken cebinizde nakit bulundurmak hala hayat kurtarır.","Rome: The Heart of History, The Eternal City","Quick Glimpse: From the moment you step in, Rome sweeps you into a sense of “aesthetic intoxication.” It is far more than just an open-air museum; it is a massive stage of life where locals sip espresso in the shadow of a 2000-year-old temple, Vespas buzz through narrow alleys, and Baroque fountains erupt at every corner. To understand this city, looking at the buildings is not enough. You must see the specific shade of orange the sunset paints the stone facades and feel how the dusty pages of history have transformed into a seamless part of daily life. Grandeur has become so commonplace here that, after a while, you’ll find yourself getting used to it.

A quick note before you go: Traffic is the loudest part of Rome’s chaotic tempo. Vespas gliding through narrow streets like a work of art and pedestrians appearing from every direction define the city’s characteristic energy. Driving in the city center can be a major challenge. Therefore, the best plan is to wear comfortable shoes and explore Rome on foot or via the metro lines. While walking, you are certain to encounter the city’s hidden heroes: the ""Nasoni"" (Big Noses), ancient street fountains scattered everywhere. Be sure to keep a water bottle with you and experience the most refreshing way to navigate Rome like a true local. Additionally, while credit card use is widespread, keeping some cash in your pocket is still a lifesaver when grabbing a slice of pizza at a hole-in-the-wall shop or visiting local neighborhood markets."
Roma,2,📅 Takviminizi Ayarlayın: Hangi Mevsim Sizin?,"Roma’nın ışığı her mevsimde başka bir hikâye fısıldar. Bu şehri ne zaman ziyaret edeceğiniz, o hayalinizdeki Roma rüyasını hangi tonda yaşamak istediğinize bağlıdır.

- İlkbahar (Nisan - Haziran): Roma’nın en taze ve en renkli uyanışıdır. Hava o yakıcı sıcaklara henüz dönmemişken, İspanyol Merdivenleri açelyalarla bezenir. Sokaklarda yorulmadan yürümek, her köşe başındaki ""Nasoni"" çeşmelerinden buz gibi su içmek için en güzel zamandır. Eğer 21 Nisan'da Roma'nın Doğum Günü kutlamalarına denk gelirseniz, şehrin antik ruhunun neşeyle canlandığını görebilirsiniz. Bu dönem, Roma’nın o meşhur ""Sanpietrini"" (bazalt yer döşemeleri) üzerinde henüz ayaklarınız yanmadan uzun yürüyüşler yapmak için de en konforlu vakittir.
- Yaz (Temmuz - Ağustos): Şehrin en tutkulu, en hareketli ve en sıcak olduğu dönem. Güneş taş binaları ısıtırken, akşamları Tiber Nehri kıyısında kurulan stantlar şehre bambaşka bir enerji katar. Ağustos ayında Romalıların tatile kaçtığı Ferragosto döneminde bazı yerel dükkanlar kapalı olabilir ama şehir tamamen sizin keşfinize kalır. Küçük bir not: Yazın o devasa taş binalar sıcağı hapseder ve akşam bile dışarıya ısı verir; bu yüzden çantanızda hem güneşten hem de kiliselerdeki kıyafet kodundan korunmak için ince bir şal bulundurmak akıllıca olacaktır.
- Sonbahar (Eylül - Ekim): Romalıların en sevdiği, o meşhur ""Ottobrate Romane"" (Roma Sonbaharı) zamanı. Gökyüzü masmavi, güneş ise şehri altına boyayan o efsanevi yumuşak ışığını sunar. Hava ne terletir ne de üşütür; akşamüstleri bir kadeh şarap eşliğinde meydanlardaki o tatlı ahengi izlemek için yılın en büyülü zamanıdır. Yazın o ağır sıcağı dağıldığı için Roma’nın her sokağını bir lokal gibi adım adım keşfetmek, o meşhur taş yollarda yorulmadan yürümek için en ideal dönemdir.
- Kış (Kasım - Mart): Roma, Avrupa’nın kış güneşini en çok seven şehirlerinden biridir; ancak bu mevsim bazen sisli, melankolik ama bir o kadar da huzurlu bir örtüye bürünür. Turist kalabalığının en aza indiği bu dönemde, Vatikan'ın sessizliğini veya Pantheon'un yalnızlığını çok daha derinden hissedebilirsiniz. Aralık ayında Piazza Navona’daki Noel pazarlarının kokusu her yeri sarar. Ocak ve Şubat aylarında ise şehir en sakin, en ""kendi halinde"" halini yaşar. Kolezyum’un heybetini sessizlikte hissetmek ve ardından sıcak bir tabak Carbonara ile ısınmak için kışın Roma başka bir huzur sunar.",📅 Timing is Everything: Which Season is Yours?,"Rome's light whispers a different story in every season. When you choose to visit depends on the tone of the Roman dream you wish to experience.

- Spring (April – June): This is Rome’s freshest and most colorful awakening. Before the intense heat arrives, the Spanish Steps are adorned with blooming azaleas. It is the perfect time to wander the streets and drink ice-cold water from the ""Nasoni"" fountains. If you’re there on April 21st for Rome’s Birthday, you’ll see the city’s ancient spirit come alive with joy. This is also the most comfortable time for long walks on Rome's famous ""Sanpietrini"" (basalt cobblestones) before they get too hot under the sun.
- Summer (July – August): The most passionate, vibrant, and undoubtedly hottest period. While the sun warms the stone facades, the riverside stands along the Tiber add a unique energy to the Roman nights. Keep in mind the Ferragosto period in August when locals head to the coast; some small shops might close, but the city becomes your personal playground. A quick tip: Those massive stone buildings soak up the heat and radiate it back even late into the evening; keeping a light shawl in your bag is a smart move to protect you from the sun and respect the dress codes in churches.
- Autumn (September – October): The period locals cherish most: the legendary ""Ottobrate Romane"" (Roman Autumn). The sky is a brilliant blue, and the sun offers that iconic golden light that paints the city in amber. The weather is perfectly balanced—it's the most magical time of the year to enjoy a glass of wine in a piazza and soak in the local harmony. With the summer's heavy heat gone, it’s the ideal time to explore every alley like a local and navigate those famous cobblestone paths without exhaustion.
- Winter (November – March): Rome is one of the most faithful hosts to the winter sun in Europe; however, this season sometimes wraps the city in a foggy, melancholic, yet deeply peaceful veil. With the tourist crowds at their thinnest, you can feel the silence of the Vatican or the solitude of the Pantheon much more profoundly. In December, the scent of Christmas markets in Piazza Navona fills the air. In January and February, the city experiences its calmest, most authentic state. To feel the grandeur of the Colosseum in silence and then warm up with a hot plate of Carbonara, winter offers a unique sense of peace."
Roma,3,🏠Nerede Kalmalı: Mahalle Rehberi,"Roma'da mahalleler, imparatorluk kalıntılarından bohem sanatçı sokaklarına kadar çok geniş bir yelpaze sunar. Nerede kaldığınız, sabah dışarı çıktığınızda bir keşişin duasına mı yoksa bir sanatçının fırça darbesine mi uyanacağınızı belirler.

- Trastevere (Bohem ve Samimi): Roma denince akla gelen o sarmaşıklı binalar, daracık taş sokaklar ve yan yana dizili küçük trattoria’lar tam olarak burasıdır. Tiber Nehri'nin karşı kıyısında yer alan bu mahalle, gündüzleri sessiz ve melankolik, akşamları ise şehrin en canlı noktasıdır. Roma’yı bir turist gibi değil de, penceresini sokağa açan bir lokal gibi hissetmek istiyorsanız adresiniz burası.
- Monti (Genç ve 'Cool'): Kolezyum’un hemen yanı başında olmasına rağmen, turist kalabalığından bir şekilde sıyrılmayı başarmış, şehrin en karakter sahibi semtidir. Vintage dükkanlar, tasarım butikleri ve yerel sanatçıların uğrak noktası olan meydanlarıyla Monti, Roma’nın ""hipster"" yüzüdür. Tarihin kalbinde ama modern bir çizgide kalmak isteyenler için ideal.
- Prati (Zarif ve Düzenli): Vatikan’ın komşusu olan bu mahalle, Roma’nın daha aristokrat, geniş caddeli ve düzenli yüzüdür. Şık binaları, Cola di Rienzo üzerindeki kaliteli alışveriş noktaları ve güvenli atmosferiyle özellikle aileler veya daha sakin bir konaklama arayanlar için mükemmel bir tercihtir.
- Centro Storico (Her Şeyin Merkezi): Pantheon, Piazza Navona ve Campo de' Fiori arasındaki bu bölge, Roma’nın kalbidir. Otelden çıktığınız anda bir sanat eseriyle karşılaşmak ve her yere yürüyerek gitmek istiyorsanız burası en doğru yerdir. Ancak bu konforun, daha yüksek fiyatlar ve sürekli bir turist hareketliliği ile geldiğini unutmamak gerekir.
- Testaccio (Gerçek Romalı ve Gurme): Eğer önceliğiniz Roma mutfağının en dürüst halini tatmaksa, Testaccio sizi bekliyor. Eski bir işçi sınıfı mahallesi olan bu semt, bugün şehrin gastronomi merkezi sayılıyor. Turistlerden tamamen uzaklaşıp, gerçek Roma hayatına karışmak isteyenler için saklı bir cevherdir.",🏠 Where to Stay: Neighborhood Guide,"In Rome, the neighborhoods offer a vast spectrum ranging from imperial ruins to bohemian artist alleys. Where you stay determines whether you wake up to a monk’s prayer or an artist’s brushstroke.

- Trastevere (Bohemian and Authentic): This is exactly where you’ll find those ivy-clad buildings, narrow cobblestone streets, and rows of tiny trattorias that define the quintessential image of Rome. Located on the opposite bank of the Tiber, this neighborhood is quiet and melancholic during the day but becomes the city's most vibrant spot at night. If you want to feel like a local opening their window to the street rather than just another tourist, this is your address.
- Monti (Young and Cool): Despite being located right next to the Colosseum, it is the city’s most characterful district that has somehow managed to escape the heavy tourist swarms. With its vintage shops, design boutiques, and piazzas frequented by local artists, Monti is the ""hipster"" face of Rome. It’s ideal for those who want to stay in the heart of history but with a modern, edgy vibe.
- Prati (Elegant and Orderly): Neighboring the Vatican, this district represents the more aristocratic, wide-avenued, and organized side of Rome. With its chic buildings, high-quality shopping spots on Cola di Rienzo, and safe atmosphere, it is an excellent choice, particularly for families or those seeking a calmer, more refined stay.
- Centro Storico (The Heart of Everything): This area, nestled between the Pantheon, Piazza Navona, and Campo de' Fiori, is the very core of Rome. If you want to encounter a masterpiece the moment you step out of your hotel and reach every landmark on foot, this is the place to be. However, keep in mind that this convenience comes with higher price points and constant tourist activity.
- Testaccio (Truly Roman and Foodie): If your priority is to taste the most honest version of Roman cuisine, Testaccio is waiting for you. Formerly a working-class neighborhood, this district is now considered the city’s gastronomic hub. It is a hidden gem for those who want to step away from the tourists and blend into authentic Roman life."
Roma,4,🚲 A Noktasından B Noktasına: Bir Lokal Gibi Hareket Edin,"Roma, yer altındaki tarih nedeniyle kısıtlı bir metro ağına sahip. Ancak ulaşım şehrin kaotik ritmine ayak durmak ve bazen 2000 yıllık bir arkeolojik kazının etrafında dolanmak demek. 

- Havalimanından Şehre (FCO & CIA): Fiumicino'dan (FCO) şehre en hızlı yol 32 dakikada direkt Termini’ye varan Leonardo Express (14€) iken, Trastevere tarafı için daha ucuz olan FL1 Bölgesel Treni (8€) hayat kurtarır; Ciampino’dan (CIA) ise 6-8€ civarındaki Terravision veya SIT Bus gibi shuttle otobüslerini ya da şehir merkezi (Aurelian Surları içi) için geçerli olan ve binmeden teyit etmeniz gereken 31-50€ arası sabit fiyat tarifeli beyaz taksileri tercih edebilirsiniz.
- Metro: Roma’nın İki Ana Damarı: Altını kazdıkça tarih çıktığı için kısıtlı olan metro ağında Hat A (Turuncu) ve Hat B (Mavi) Termini’de kesişir; Vatikan (Ottaviano), İspanyol Merdivenleri (Spagna) ve Trevi Çeşmesi (Barberini) için Hat A'yı, Kolezyum (Colosseo) ve Trastevere aktarması sağlayan Piramide durağı için Hat B'yi kullanabilir, San Giovanni üzerinden merkeze bağlanan yeni Hat C (Yeşil) ile rotanızı genişletebilirsiniz.
- Otobüs ve Tramvay Senfonisi: Şehrin her yerine yayılan bu devasa ağda biletinizi binmeden önce büfelerden (Tabacchi) alıp araç içindeki sarı makinelerde onaylatmanız şarttır; ancak bilet sırası beklemek istemiyorsanız ""Tap & Go"" özelliğiyle kredi kartınızı okutarak 1.50€ karşılığında 100 dakika geçerli tek kullanımlık BIT bilet konforuyla seyahat edebilirsiniz.
- Beyaz Taksiler ve Uygulamalar: Roma'da resmi taksiler beyazdır; onları yoldan çevirmek yerine ""Taxi"" duraklarından binmeli veya FreeNow / ItTaxi gibi güvenli uygulamaları kullanmalısınız; Uber’in Roma'da sadece lüks segmentte (Uber Black) hizmet verdiğini ve normal beyaz taksilerin her zaman çok daha ekonomik bir tercih olduğunu unutmamak bütçenizi korur.
- Yürümek: En Sadık Dostunuz: Roma, yürüyerek keşfedilmek için tasarlanmış devasa bir açık hava sergisidir; Piazza del Popolo’dan Piazza Venezia’ya uzanan şehrin omurgası Via del Corso aksını adımlarken Roma’nın meşhur ""Sanpietrini"" taşlarının şık olduğu kadar bilek yorduğunu unutmayın, burada topuklu ayakkabılara veda edip gerçek lüksü tabanı destekli, rahat bir spor ayakkabıda arayın. Şehrin labirent sokaklarında kaybolurken karşınıza çıkacak her antik kalıntı ve döküm çeşme (Nasoni), yürüyüşünüzün en büyük ödülü olacak.
- Trafik ve Otopark: Şehir merkezi Sınırlı Trafik Bölgeleri (ZTL) ile korunduğu için yetkisiz araç girişi cezalara yol açabilir. Otopark bulmanın yereller için bile bir mucize kabul edildiği bu şehirde direksiyon başına geçmek yerine, ayaklarınıza güvenmek çok daha huzurlu bir tercih olacak.",🚲 Getting from A to B: Move Like a Local,"Rome has a limited metro network due to the vast history buried beneath the ground. However, transportation here is all about adapting to the city's chaotic rhythm and occasionally navigating around a 2,000-year-old archaeological site.

- From the Airport to the City (FCO & CIA): The fastest route from Fiumicino (FCO) is the Leonardo Express, reaching Termini in 32 minutes (€14), while the FL1 Regional Train (€8) is a lifesaver for the Trastevere area; from Ciampino (CIA), you can choose shuttle buses like Terravision or SIT Bus (approx. €6-8), or official white taxis with fixed rates of €31-50 for the city center (within the Aurelian Walls)—just be sure to confirm the price before boarding.
- The Metro: Rome’s Two Main Arteries: Because digging uncovers history, the limited metro network consists of Line A (Orange) and Line B (Blue), which intersect at Termini; use Line A for the Vatican (Ottaviano), Spanish Steps (Spagna), and Trevi Fountain (Barberini), and Line B for the Colosseum (Colosseo) or the Piramide stop for Trastevere connections, while the new Line C (Green) expands your route via San Giovanni.
- The Bus and Tram Symphony: In this vast network covering the entire city, it is essential to buy your tickets at newsstands (Tabacchi) and validate them in the yellow machines onboard; however, if you want to skip the ticket lines, you can use the ""Tap & Go"" feature by tapping your credit card for a seamless BIT ticket experience (€1.50, valid for 100 minutes).
- White Taxis and Apps: Official taxis in Rome are white; instead of hailing them on the street, you should head to ""Taxi"" stands or use reliable apps like FreeNow or ItTaxi; remember that Uber only operates as a luxury service (Uber Black) in Rome, so sticking to official white taxis is consistently the better choice for your budget.
- Walking: Your Best Friend: Rome is a massive open-air exhibition designed to be explored on foot; as you walk the city's spine along Via del Corso from Piazza del Popolo to Piazza Venezia, keep in mind that the iconic ""Sanpietrini"" cobblestones are as tiring as they are stylish—say goodbye to heels and seek true luxury in supportive, comfortable sneakers. Every ancient ruin and cast-iron fountain (Nasoni) you stumble upon while getting lost in the labyrinthine alleys will be the greatest reward of your walk.
- Traffic and Parking: Since the city center is protected by Limited Traffic Zones (ZTL), unauthorized vehicle entry can lead to heavy fines. In a city where finding a parking spot is considered a miracle even by locals, trusting your feet rather than getting behind the wheel will lead to a much more peaceful experience."
Roma,5,🏛️ Şehrin Hafızası: Görülmesi Gereken İkonik Duraklar,"Roma'da klasik bir ""gezilecek yerler"" listesi hazırlamak pek kolay değil; çünkü zaten başınızı nereye çevirseniz karşınıza tarihin kendisi çıkıyor. Yine de Roma’yı gerçekten hissetmek ve o meşhur durakların tadına varmak için şu noktaları listenizin başına alabilirsiniz:

- Kolezyum ve Roma Forumu (İmparatorluğun Kalbi): M.S. 72-80 yılları arasında inşa edilen ve Roma’nın mühendislik zirvesi kabul edilen bu devasa arena, imparatorluğun sosyal merkezi olarak yüzyıllar boyunca gladyatör dövüşlerine ve görkemli halk gösterilerine ev sahipliği yapmıştır. Dünyanın en ünlü amfitiyatrosu olan bu yapı, Roma’nın ihtişamının ve dramının en canlı şahidi. Hemen yanındaki Roma Forumu ise antik dünyanın siyaset, ticaret ve hukuk merkeziydi. Küçük bir ipucu: Biletinizi haftalar öncesinden online almayı ve Forum’un içindeki Palatino Tepesi’ne çıkıp şehre oradan bakmayı unutmayın.
- Pantheon (Mimarinin Zirvesi):  M.S. 126 yılında İmparator Hadrianus tarafından tüm tanrılara adanarak inşa edilen bu tapınak, bugün hala dünyanın en geniş donatısız beton kubbesine sahip. Roma'nın en iyi korunmuş bu antik yapısının 2000 yıllık dev kubbesi; tam tepesindeki 9 metrelik delikten (Oculus) süzülen gün ışığıyla devasa bir güneş saati işlevi görür. İçeri adım attığınız anda zamanın yavaşladığını hissedeceksiniz. Raphael gibi önemli isimlerin mezarlarına da ev sahipliği yapan Pantheon, sadeliğin en görkemli halidir.
- Vatikan Müzeleri ve Aziz Petrus Bazilikası: Başka bir devletin sınırlarına girmek için sadece bir çizgiyi geçmeniz yeterli. Vatikan’a adım attığınız anda bambaşka bir dünyadasınız. Michelangelo’nun Sistine Şapeli’ndeki tavan fresklerini görmek ve Aziz Petrus Bazilikası’nın o akıl almaz büyüklükteki kubbesinin altında durmak, sanatın insan ruhu üzerindeki etkisini gerçekten hissettiren anlardan biri. Özetle, Rönesans sanatının tam merkezindesiniz. Michelangelo’nun dört yıl süren bir çalışmayla tamamladığı Sistine Şapeli tavanı, sanat tarihinin en etkileyici ve en sessiz mekânlarından biri olarak kabul edilir. İçeride konuşmak yasak ve bu sessizlik, deneyimi daha da güçlü kılıyor. Gitmeden önce bilmenizde fayda var: Kıyafet kodu burada ciddiye alınıyor. Omuzlar ve dizler mutlaka kapalı olmalı. Aynı zamanda, Vatikan Müzeleri ücretlidir ve bilet kuyruğu oldukça uzun olabilir; online bilet almak büyük zaman kazandıracaktır. Her ayın son Pazar günü giriş ücretsizdir ancak aşırı kalabalık olabileceğini unutmayın. Aziz Petrus Bazilikası’na giriş ücretsizdir, fakat kubbeye çıkmak isterseniz ayrıca bilet almanız gerekir.
- Trevi Çeşmesi (Aşk Çeşmesi): 1762 yılında Nicola Salvi tarafından tamamlanan bu barok başyapıt, aslında Roma’nın antik su yolu ""Aqua Virgo"" ve Barok sanatının suyla dansına şahit olacağınız nokta. Kalabalık olsa da, sabahın ilk ışıklarında ya da gece yarısından sonra oraya gidip sağ elinizle sol omuzunuzun üzerinden havuza bozuk para atmak, ""bir gün Roma'ya geri döneceğim"" demenin en eski ve en popüler yoludur. Aklınızda olsun; Çeşmenin çevresinde yemek ve içecek tüketmek yasak. Güvenlik ekipleri oldukça hassas; atıştırmalıkla yakalanırsanız nazikçe uyarılıp alandan uzaklaştırılabilirsiniz. Bu yüzden keyfi biraz ilerideki sokaklara saklamak en iyisi.Küçük bir bilgi: Çeşmeye atılan paralar (yıllık yaklaşık 1.5 milyon Euro), her sabah belediye ekipleri tarafından toplanmakta ve Caritas vakfı aracılığıyla ihtiyaç sahipleri için kullanılmaktadır.
- Piazza Navona (Meydanların Ahengi): Roma’nın en zarif meydanıdır. Bernini’nin Dört Nehir Çeşmesi (Fontana dei Quattro Fiumi) meydanın tam ortasında bir heykel şöleni sunar. Meydanın oval formu, aslında buranın antik çağda bir stadyum olmasından gelir. Etrafındaki kafeler turistik olsa da, meydanın o eşsiz enerjisini solumak paha biçilemezdir.
- Roman Forum (Foro Romano): Antik Roma'nın kalbi, siyasetin ve ticaretin merkezi. Burada yürürken, Sezar'ın geçtiği yollarda adımladığınızı ve bir zamanlar bilinen dünyanın buradan yönetildiğini hissetmek büyüleyicidir.
- İspanyol Merdivenleri (Piazza di Spagna): Şehrin buluşma noktasıdır. 135 basamaktan oluşan bu merdivenlerin tepesindeki kiliseye çıkıp, aşağıdaki ""Batık Gemi Çeşmesi""ne (Barcaccia) bakmak bir Roma klasiğidir.
",🏛️ The City's Memory: Iconic Landmarks Must-See,"It’s not easy to make a standard ""places to see"" list for Rome; history is everywhere you look anyway. However, to truly feel the city and experience those legendary landmarks, you should put these spots at the top of your list:

- The Colosseum and Roman Forum (The Imperial Heart): Built between 72-80 AD and considered the pinnacle of Roman engineering, this massive arena served as the empire's social hub, hosting gladiator bouts and grand public spectacles for centuries. As the world’s most famous amphitheater, this structure is the most vivid witness to Rome’s grandeur and drama. Adjacent to it lies the Roman Forum, the center of politics, commerce, and law in the ancient world. A quick tip: Remember to book your tickets online weeks in advance and don’t miss climbing the Palatine Hill within the Forum for an incredible view of the city.
- The Pantheon (The Pinnacle of Architecture): Built in 126 AD by Emperor Hadrian and dedicated to all gods, this temple still boasts the world's largest unreinforced concrete dome. The 2000-year-old dome of this best-preserved ancient structure functions as a massive sundial, with sunlight streaming through the 9-meter opening (Oculus) at its peak. The moment you step inside, you will feel time slow down. Also housing the tombs of significant figures like Raphael, the Pantheon is the most magnificent form of simplicity.
- The Vatican Museums and St. Peter’s Basilica: To enter another state, you only need to cross a single line. The moment you step into the Vatican, you are in a completely different world. Seeing Michelangelo’s frescoes on the ceiling of the Sistine Chapel and standing beneath the unfathomable dome of St. Peter’s Basilica is one of those moments that truly makes you feel the impact of art on the human spirit. In short, you are at the very heart of Renaissance art. Michelangelo's Sistine Chapel ceiling, completed after four years of work, is considered one of the most impressive and silent spaces in art history. Talking is forbidden inside, and this silence makes the experience even more powerful. Good to know before you go: The dress code is taken very seriously here; shoulders and knees must be covered. Additionally, the Vatican Museums charge an entrance fee, and ticket lines can be quite long, so buying tickets online will save you significant time. Entry is free on the last Sunday of every month, though keep in mind it can get extremely crowded. Entry to St. Peter’s Basilica is free, but you will need a separate ticket if you wish to climb the dome.
- Trevi Fountain (The Fountain of Love): Completed in 1762 by Nicola Salvi, this Baroque masterpiece is where you will witness the ""Aqua Virgo,"" Rome’s ancient waterway, and the dance of water with Baroque art. Despite the crowds, visiting in the early morning or after midnight to toss a coin over your left shoulder with your right hand is the oldest and most popular way to say, ""I will return to Rome one day."" Keep in mind: Eating and drinking around the fountain is prohibited. Security teams are quite sensitive; if you are caught with a snack, you may be politely warned and asked to leave the area. Therefore, it is best to save your treats for the nearby side streets. A little fact: The coins thrown into the fountain (approximately 1.5 million Euros annually) are collected every morning by municipal teams and used for those in need through the Caritas charity.
- Piazza Navona (The Harmony of Squares): Rome’s most elegant square. Bernini’s Fountain of the Four Rivers (Fontana dei Quattro Fiumi) offers a sculptural feast right in the center. The oval shape of the piazza stems from its history as an ancient stadium. While the surrounding cafes are touristy, breathing in the unique energy of the square is priceless.
- The Roman Forum (Foro Romano): The heart of Ancient Rome, the center of politics and commerce. Walking here, it is fascinating to feel that you are stepping on the same paths Caesar once walked and that the known world was once governed from right here.
- The Spanish Steps (Piazza di Spagna): The city’s ultimate meeting point. Climbing these 135 steps to the church at the top and looking down at the ""Fountain of the Old Boat"" (Barcaccia) is a quintessential Roman classic."
Roma,6,🍴 Şehrin Lezzet Haritası: İtalyan Mutfağının Kalbi,"Roma’da yemek yemek, sadece bir restorana oturmak değil; binlerce yıllık bir geleneğin, tarladan tabağa uzanan o en dürüst ve ödünsüz halini tatmaktır. Roma mutfağı (Cucina Romana), lüks malzemelerden ziyade ""yoksul mutfağı"" (Cucina Povera) köklerinden gelen, az malzemeyle maksimum lezzet yaratma sanatıdır. 

Roma mutfağının kalbinde ""Muhteşem Dörtlü"" olarak bilinen dört ikonik makarna yemeği yer alır: Carbonara, Amatriciana, Gricia, Cacio e Pepe . Bu yemekler arasındaki geçişler o kadar incedir ki, bir malzemeyi ekleyip çıkarmak sizi bambaşka bir yüzyıla götürebilir. Ancak Roma sadece bu dört tabaktan ibaret değil; keşfettikçe sofranın ne kadar genişlediğini göreceksiniz.

- Carbonara (Kremaya Elveda): Roma mutfağının dünyada en çok yanlış anlaşılan ama orijinali en kutsal olan yemeğidir. Gerçek bir Carbonara’da asla krema olmaz. Lezzet; sadece yumurta sarısı, Guanciale (domuz yanağı), Pecorino Romano peyniri ve bol karabiberin o meşhur emülsiyonundan gelir. Kremalı bir versiyon görürseniz, oradan usulca uzaklaşın.
- Cacio e Pepe (Sadelikteki İhtişam): Sadece peynir (Cacio) ve karabiberden (Pepe) oluşan, ama yapması en zor olan makarnadır. Peynirin makarna suyuyla kurduğu o ipeksi bağ, Roma mutfağının mühendislik harikasıdır.
- Amatriciana: Domates sosu, guanciale ve pecorino’nun muazzam uyumu. Genellikle Bucatini (ortası delik kalın spagetti) ile servis edilir ki sos her yere nüfuz etsin.
- Gricia: ""Amatriciana’nın domatessiz hali"" olarak bilinir. Roma’nın en eski tariflerinden biridir; sadece guanciale ve pecorino ile damakta patlama yaratır.
- Roma Pizzası (Scrocchiarella): Napoli pizzasının aksine Roma pizzası incecik, çıtır çıtır ve neredeyse kağıt gibidir. Isırdığınızda gelen o ""kıtır"" ses, Roma usulü olduğunun kanıtıdır. Ayrıca sokak aralarında ""Pizza al Taglio"" (dilim pizza) alıp ayaküstü yemek gerçek bir Roma ritüelidir.
- Suppli (Roma’nın Sokak Lezzeti): İçinde erimiş mozzarella bulunan kızarmış bir pirinç topudur. Isırdığınızda peynirin uzayıp eski telefon kablolarına benzemesi nedeniyle ""Suppli al Telefono"" olarak da anılır.
- Carciofi alla Giudia (Yahudi Usulü Enginar): Roma’nın Yahudi Ghetto’su bölgesine has, yağda kızarmış ve altın rengi almış, adeta bir çiçek gibi açan enginardır. Dışı çıtır, içi ise tereyağı yumuşaklığındadır.
- Spritz ve Aperitivo: Roma’da akşamüstü güneş alçalırken meydanlardaki masalar turuncuya boyanır. Aperol veya Campari ile yapılan, yanında küçük atıştırmalıklarla servis edilen Spritz, Roma'nın yaşama sanatının (La Dolce Vita) sıvı halidir. Akşam yemeği öncesi bu ritüele katılmak, şehrin sosyal dokusuna dokunmaktır.
- Gelato (Gerçek Meyvenin Tadı): Roma dondurma cennetidir. Giolitti veya Frigidarium gibi klasikleşmiş noktalarda, yapay aromalardan uzak, meyvenin veya fıstığın en saf halini tatmalısınız. Dondurmanın rengi çok parlaksa dikkat; gerçek gelato biraz daha mat ve doğal görünür.
- Maritozzo (Tatlı Bir Günaydın): Roma’nın en ikonik kahvaltısıdır. Ortası bolca taze çırpılmış krema ile doldurulmuş yumuşacık, tatlı bir ekmek. Yanına bir espresso ile güne başlamak gerçek bir Roma sabahıdır.

💡 Lokal Not: Kahve Kültürü Roma’da kahve ""al banco"" (barda ayakta) içilir. Eğer bir meydanda masaya oturursanız, servis ücreti nedeniyle hesap iki üç katına çıkabilir. Lokaller gibi bara yaslanıp espressoyu hızlıca içip devam etmek hem cebinizi koruyacak hem de sizi bir Romalı gibi hissetmenizi sağlayacak.",🍴 A Taste of the City: The Heart of Italian Cuisine,"Eating in Rome is not just about sitting in a restaurant; it is about tasting a centuries-old tradition in its most honest and uncompromising form. Roman cuisine (Cucina Romana) stems from the roots of ""Cucina Povera"" (poor kitchen)—the art of creating maximum flavor with minimum ingredients.

- At the heart of Roman cuisine lies the ""Great Four"" iconic pasta dishes: Carbonara, Amatriciana, Gricia, and Cacio e Pepe. The transitions between these dishes are so subtle that adding or removing a single ingredient can transport you to an entirely different century. But Rome is more than just these four plates; you will see the table expand the more you explore.
- Carbonara (Farewell to Cream): The most misunderstood yet sacred dish in Roman cuisine. An authentic Carbonara never contains cream. The richness comes solely from an emulsion of egg yolks, Guanciale (pork cheek), Pecorino Romano cheese, and plenty of black pepper. If you see a creamy version, walk away quietly.
- Cacio e Pepe (Grandeur in Simplicity): Made with just cheese (Cacio) and black pepper (Pepe), this is perhaps the hardest pasta to master. The silky bond the cheese forms with the pasta water is a true culinary engineering marvel.
- Amatriciana: A magnificent harmony of tomato sauce, guanciale, and pecorino. Usually served with Bucatini (thick, hollow spaghetti) so the sauce can permeate every inch.
- Gricia: Known as the ""tomato-less Amatriciana."" One of Rome’s oldest recipes, it creates a flavor explosion using only guanciale and pecorino.
- Roman Pizza (Scrocchiarella): Unlike the Neapolitan style, Roman pizza is paper-thin and crispy. That ""crunch"" you hear when you take a bite is proof of its Roman soul. Also, grabbing a ""Pizza al Taglio"" (pizza by the slice) in the alleys is a quintessential local ritual.
- Suppli (Roman Street Food): A fried rice ball with a molten mozzarella heart. It’s also called ""Suppli al Telefono"" because when you bite into it, the melting cheese stretches like an old-fashioned telephone cord.
- Carciofi alla Giudia (Jewish-Style Artichokes): A specialty of the Roman Jewish Ghetto. These are deep-fried until they open like golden flowers—crispy on the outside and buttery soft on the inside.
- Spritz and Aperitivo: As the Roman sun dips low, the tables in the piazzas turn orange. A Spritz—made with Aperol or Campari and served with small snacks—is the liquid form of La Dolce Vita. Joining this pre-dinner ritual is the best way to touch the city's social fabric.
- Gelato (The Taste of Real Fruit): Rome is a gelato paradise. In classics like Giolitti or Frigidarium, you must taste the purest form of fruit or pistachio, far from artificial flavors. Tip: If the color is too bright, be cautious; real gelato looks more matte and natural.
- Maritozzo (A Sweet Morning): Rome’s most iconic breakfast. A soft, sweet brioche bun filled with clouds of fresh whipped cream. Starting the day with this and an espresso is a true Roman morning.

💡 Local Tip: Coffee Culture In Rome, coffee is drunk ""al banco"" (standing at the bar). If you sit at a table in a major piazza, the bill can double or triple due to service fees. Leaning against the bar and drinking your espresso quickly like a local will both save your wallet and make you feel like a true Roman."
Roma,7,🤫 Şehrin Fısıldadıkları: Lokal Sırlar,"Roma, kendini sadece ana caddelerde göstermez; asıl ruhunu kalabalıklardan saptığınız o sessiz avlularda, optik illüzyonlarda ve yerel ritüellerde saklar. Turistlerin önünden geçtiği ama sadece lokallerin durup izlediği, keşfedilmeyi bekleyen gizli detayları keşfedin.

- Serratura di Roma (Anahtar Deliği): Aventine Tepesi’ndeki Malta Şövalyeleri Meydanı’nda yer alan o sıradan yeşil kapının anahtar deliğinden bakmayı unutmayın. Karşınızda bahçe bitkileriyle kusursuzca çerçevelenmiş, tam merkezinde Aziz Petrus Bazilikası'nın kubbesinin olduğu o masalsı manzarayı göreceksiniz.
- Giardino degli Aranci (Portakal Bahçesi): Anahtar deliğinin hemen yanı başındaki bu bahçe, Roma’nın en romantik noktalarından biridir. Narenciye ağaçlarının kokusu eşliğinde teras kısmına ilerleyin; şehrin kubbe dolu silüetini izlemek için daha huzurlu bir nokta bulmak zordur.
- Sant'Ignazio Kilisesi (İllüzyonist Kubbe): Bu kiliseye girdiğinizde başınızı yukarı kaldırın ve devasa bir kubbe gördüğünüzden emin olun. Ancak dikkatli bakın; o aslında gerçek bir kubbe değil, ressam Andrea Pozzo tarafından yapılmış muazzam bir perspektif illüzyonudur. Bu ""sahte kubbe"", 17. yüzyılın en zekice görsel hilelerinden biridir.
- Galleria Sciarra’nın Saklı İhtişamı: Trevi Çeşmesi’nin gürültüsünden sadece birkaç adım ötede, sıradan bir ofis binası gibi görünen bir kapıdan içeri süzülün. Sizi 19. yüzyıldan kalma, tavanı cam kaplı ve duvarları büyüleyici Art Nouveau freskleriyle dolu, turist akınından tamamen izole bir avlu karşılayacak.
- Quartiere Coppedè’nin Fantastik Dünyası: Roma’nın klasik hatlarından sıkılırsanız, kendinizi bir peri masalında hissedeceğiniz Coppedè bölgesine gidin. Art Nouveau, Barok ve Orta Çağ mimarisinin sürreal bir karışımı olan bu mahalle, şehrin en gizli kalmış mimari şölenidir.
- Via Margutta’da Sessizliğe Kaçış: Piazza del Popolo’nun kalabalığından sıyrılıp sarmaşıklarla kaplı bu dar sokağa sığının. ""Roma Tatili"" filminden aşina olduğumuz, sanatçı atölyelerinin ve antika dükkanlarının dizildiği bu sokak, şehrin gürültüsünden izole kalmış en zarif kaçış noktasıdır.
- Gianicolo Tepesi’nde Gelenek ve Manzara: Trastevere’nin yukarısındaki Gianicolo tepesi, şehrin en geniş panoramik manzarasını sunar. Eğer tam öğlen saat 12:00’de orada olursanız, 1847’den beri süregelen o meşhur top atışı geleneğine şahitlik edebilir ve şehrin tüm kilise çanlarının bu atışa nasıl eşlik ettiğini duyabilirsiniz.
- Nasoni’den Su İçme Sanatı: Roma’nın antik döküm çeşmelerinden (Nasoni) su içerken elinizi avuç yapmanıza gerek yok. Çeşmenin ucundaki küçük deliği parmağınızla tıkadığınızda, su yukarıdaki küçük bir delikten adeta bir fıskiye gibi fışkırır. Bu, Romalıların binlerce yıldır kullandığı en pratik yöntemdir.
- Via Appia Antica’da Zaman Yolculuğu: Dünyanın ilk otoyollarından biri olan Appian Yolu’na gidin. Trafiğe kapalı olan bu antik yolda, devasa bazalt taşların üzerinde yürüyebilir veya yan yana dizili antik mezarlar ve serviler arasında şehirden tamamen uzaklaşabilirsiniz.",🤫 Whispers of the City: Local Secrets,"Rome doesn’t just show itself on the main boulevards; its true soul is hidden in the quiet courtyards, optical illusions, and local rituals you find only when you veer off the beaten path. Discover the secret details that tourists pass by, but only locals stop to admire.

- Serratura di Roma (The Keyhole): Don't forget to peek through the seemingly ordinary green door in the Square of the Knights of Malta on Aventine Hill. You will be greeted by a fairytale view of St. Peter’s Basilica dome, perfectly and naturally framed by garden hedges.
- Giardino degli Aranci (The Orange Garden): Located right next to the keyhole, this garden is one of Rome’s most romantic spots. Walk toward the terrace amidst the scent of citrus trees; it is difficult to find a more peaceful point to observe the city’s dome-filled skyline.
- Sant'Ignazio Church (The Illusionist Dome): When you enter this church, look up and you’ll surely see a massive dome. But look closer; it is not actually a dome at all, but a magnificent perspective illusion painted by Andrea Pozzo. This ""fake dome"" remains one of the cleverest visual tricks of the 17th century.
- The Hidden Splendor of Galleria Sciarra: Just a few steps away from the roar of the Trevi Fountain, slip through a door that looks like an ordinary office entrance. You will find a 19th-century courtyard with a glass ceiling and walls covered in stunning Art Nouveau frescoes, completely isolated from the tourist swarms.
- The Fantastical World of Quartiere Coppedè: If you need a break from Rome’s classic lines, head to the Coppedè district, where you’ll feel like you’ve stepped into a storybook. This neighborhood is a surreal mix of Art Nouveau, Baroque, and Medieval architecture—Rome’s best-kept architectural secret.
- Escape to Silence on Via Margutta: Slip away from the crowds of Piazza del Popolo and take refuge in this narrow, ivy-clad street. Familiar from the film Roman Holiday, this street—lined with artist workshops and antique shops—is the most elegant escape from the city’s noise.
- Tradition and Panorama on Janiculum Hill: The Gianicolo (Janiculum) hill above Trastevere offers the city’s widest panoramic view. If you arrive exactly at noon, you can witness the traditional daily cannon fire—a ritual dating back to 1847—and hear the city’s church bells respond in harmony.
- The Art of Drinking from a Nasone: You don’t need to cup your hands to drink from Rome’s ancient cast-iron fountains (Nasoni). Simply plug the main spout with your finger, and the water will arc out from a tiny hole on top like a drinking fountain. It is the most practical and authentic Roman method used for millennia.
- Time Travel on Via Appia Antica: Head to the Appian Way, one of the world's first highways. On this ancient road closed to traffic, you can walk on massive basalt stones and truly escape the city among the rows of ancient tombs and cypress trees."
Roma,8,✅ Mutlaka Yapmadan Dönme: Roma Checklist,"- Gerçek Bir Carbonara Ye: Kremasız, sadece yumurta sarısı, guanciale ve pecorino ile yapılan o ipeksi dokuyu tadın; kremalı versiyonlara veda edin.
- Pantheon’da Işığı İzle: Oculus’tan (kubbedeki delik) süzülen ışık huzmesinin altında durun ve 2000 yıllık mühendisliğe şapka çıkarın.
- Trevi’ye Gece Yarısı Git: Kalabalıklar çekildiğinde çeşmeye gidin ve ""bir gün döneceğim"" diyerek sol omuzunuz üzerinden bozuk para atmak için sessiz bir an yakalayın.
- Vatikan’da Sessizliğe Bürün: Sistine Şapeli’nin o büyüleyici sessizliğinde Michelangelo’nun freskleri arasında kaybolun.
- Campo de' Fiori’nin Canlılığını Hisset: Gündüz kurulan çiçek ve taze gıda pazarında tezgahlar arasında dolaşın, akşam ise meydanın o bitmeyen enerjisine bir kadeh şarapla eşlik edin.
- Aventine Anahtar Deliğinden Bak: Malta Şövalyeleri’nin kapısındaki o küçücük delikten bakıp dünyayı yeşil bir çerçeve içinde görün.
- Trastevere Sokaklarında Kaybol: Haritayı kapatın ve sarmaşıklı sokakların sizi en güzel trattoria’ya çıkarmasına izin verin.
- İspanyol Merdivenleri’ni Adımla: 135 basamağı tırmanıp en tepeden Piazza di Spagna’nın kalabalığını izleyin. (Unutmayın; basamaklarda oturmak yasak, ama manzaranın tadını çıkarmak serbest!)
- Nasoni’den Su İç: Parmak ucunla çeşmeyi tıkayıp suyu fışkırtarak buz gibi Roma suyunu bir Romalı gibi için.
- Gün Batımını Spritz ile Karşıla: Güneş binaları turuncuya boyarken bir meydanda masaya çökün ve Aperitivo saatinin tadını çıkarın.
- Suppli al Telefono’yu Isır: Sokak arasında aldığınız o çıtır pirinç topunun içindeki peynirin uzayıp sizi gülümsetmesine izin verin.
- Via Appia’da Antik Taşlara Bas: Dünyanın ilk otoyolunda, serviler altında yürüyerek tarihin gerçek ağırlığını hissedin.",✅ The Rome Checklist: Don't Leave Without Doing These,"- Eat an Authentic Carbonara: Taste the silky texture made only with egg yolks, guanciale, and pecorino; say a final goodbye to the creamy versions.
- Watch the Light in the Pantheon: Stand beneath the beam of light streaming through the Oculus (the hole in the dome) and tip your hat to 2,000 years of engineering.
- Visit Trevi at Midnight: Head to the fountain once the crowds have thinned and catch a quiet moment to toss your coin over your left shoulder to ensure your return.
- Embrace the Silence in the Vatican: Get lost among Michelangelo’s frescoes in the mesmerizing quiet of the Sistine Chapel.
- Feel the Vibe of Campo de' Fiori: Wander through the flower and fresh food market by day, and soak in the square's endless energy with a glass of wine by night.
- Peep Through the Aventine Keyhole: Look through the tiny hole in the door of the Knights of Malta and see the world perfectly framed in green.
- Get Lost in the Streets of Trastevere: Close your map and let the ivy-clad alleys lead you to the most charming hidden trattoria.
- Walk the Spanish Steps: Climb the 135 steps and watch the buzz of Piazza di Spagna from the top. (Remember: sitting on the steps is forbidden, but the view is yours to enjoy!)
- Drink from a Nasone: Plug the spout with your finger to make the water arc out, and drink the ice-cold Roman water exactly like a local.
- Toast the Sunset with a Spritz: Grab a table in a piazza as the sun paints the buildings orange and enjoy the ritual of Aperitivo hour.
- Bite into a Suppli al Telefono: Let the stretching mozzarella inside that crispy street-side rice ball bring a smile to your face.
- Step on the Ancient Stones of Via Appia: Walk beneath the cypress trees on the world’s first highway and feel the true weight of history."
Milano,1,Milano: İtalya'nın En Şık Hali,"Hızlı Bakış: Milano’ya ilk adımınızı attığınızda, İtalya’nın o alışılagelmiş ağırkanlı halinden çok daha farklı bir tempoyla karşılaşacaksınız. Burası biraz daha ciddi, biraz daha hızlı ve her zaman özenli. Şehrin asıl karakteri, binaların görkemli dış cephelerinden ziyade, o ağır kapıların ardında gizlenen yemyeşil ve sessiz avlularda saklı. Sokaklarda herkesin bir yerlere yetişme çabası ve en basit işlerini yaparken bile —mesela sadece fırına ekmek almaya giderken— jilet gibi takım elbiseler veya son derece şık kıyafetler içinde olması, buranın doğal günlük akışı. Sabahları bir barın önünde ayakta içilen o hızlı espresso, günün başladığının işaretidir. Burada bütçenizi korumanın altın kuralı da bu ""ayaküstü"" alışkanlığında gizli; zira masaya oturduğunuz an faturanıza eklenecek servis ücretleri, basit bir kahveyi beklemediğiniz bir maliyete taşıyabilir. Akşam saat 6’dan sonra ise hayat bir anda yavaşlar ve Milano’nun asıl ruhu, yani ""Aperitivo"" saati başlar. İş yerlerinden çıkan herkes o meşhur akşamüstü sofralarında buluşur. En büyük lüks ise ödediğiniz tek bir içecek ücretine eşlik eden o cömert ikramlarla hem günün yorgunluğunu atabilmek hem de akşam yemeği öncesi harika bir yerel deneyim yaşayabilmektir. Küçük bir öneri; Duomo Meydanı'nın kalabalığında ve turistik fiyatlarında vakit kaybetmek yerine, Navigli'nin su kenarlarında ya da Brera'nın taş sokaklarında yerel halkın arasına karışın. İşte o zaman Milano’nun o mesafeli duruşunun altındaki gerçek samimiyeti hissedebilirsiniz",Milan: Most Stylish Version of Italy,"Quick Glimpse: When you first step into Milan, you’ll encounter a pace much different from the usual laid-back rhythm of Italy. It is a bit more serious, faster, and always meticulous. The city’s true character lies not in the grand facades of its buildings, but in the lush, silent courtyards hidden behind heavy doors. It’s part of the daily flow to see people rushing to appointments or even doing the simplest errands—like heading to the bakery for bread—while dressed in impeccable suits or incredibly stylish outfits. That quick morning espresso, taken standing at a bar, is the universal signal that the day has begun. The golden rule for protecting your budget here is hidden in this ""standing up"" habit; the moment you sit at a table, added service fees can turn a simple coffee into an unexpected expense. After 6 PM, however, life suddenly slows down, and the true soul of Milan, the ""Aperitivo"" hour, takes over. Everyone leaving work gathers at those famous evening tables. The greatest luxury here is being able to shake off the day's fatigue while enjoying a wonderful local experience with the generous snacks that accompany your drink. A small suggestion: instead of losing time and money in the crowded and overpriced Duomo Square, mingle with the locals along the canals of Navigli or the cobblestone alleys of Brera. Only then can you truly feel the authentic warmth beneath Milan’s sophisticated surface."
Milano,2,📅 Takviminizi Ayarlayın: Hangi Mevsim Sizin?,"Milano’nun havası da modası gibi değişkendir; her mevsim şehre farklı bir aksesuar takar. Ziyaret zamanınız, Milano’nun enerjik ve parıltılı yüzüyle mi yoksa daha sakin ve gri ruhuyla mı karşılaşacağınızı belirler.

- İlkbahar (Mart - Mayıs): Milano’nun en enerjik ve belki de en ""pahalı"" olduğu dönemdir. Özellikle Nisan ayında düzenlenen meşhur Tasarım Haftası (Salone del Mobile) sırasında şehir dünyanın yaratıcılık başkentine dönüşür. Eğer bu döneme denk gelirseniz otel fiyatlarının üç katına çıkmasına hazırlıklı olmalısınız ama karşılığında her köşe başında bir sergi, her avluda bir parti bulursunuz. Hava tazelenir, parklar canlanır; yürüyerek şehri keşfetmek için en ideal zamandır.
- Yaz (Haziran - Ağustos): Milano bir vadi şehri olduğu için yazları hava biraz ağır ve nemli olabilir. Temmuz ayı, büyük yaz indirimlerinin (Saldi) başladığı aydır; eğer niyetiniz uygun fiyatlı bir gardırop düzmekse bu sıcakları göze almalısınız. Ağustos ayında ise ""Ferragosto"" (yaz tatili) nedeniyle yerel halk şehri terk eder. Birçok butik ve mahalle restoranı kapalı olabilir ancak sokaklar tamamen size kalır; bu da Milano’nun o kalabalık olmayan, nadir görülen yüzünü görmek için bir fırsattır.
- Sonbahar (Eylül - Ekim): Şehrin o jilet gibi şık haline en çok yakışan mevsimdir. Eylül ayındaki Moda Haftası ile sokaklar tekrar o bildiğiniz podyum havasına bürünür. Hava yumuşar, gökyüzü o meşhur berrak mavi rengini alır. Parklardaki ağaçlar sararmaya başladığında, Brera’nın taş sokaklarında yürümek ya da Navigli kenarında akşam güneşi altında Aperitivo yapmak paha biçilemezdir. Hem kalabalık hem de hava sıcaklığı açısından en dengeli dönemdir.
- Kış (Kasım - Şubat): İşte Milano’nun o meşhur dürüst, gri ve puslu haliyle tanışma vakti. Hava gerçekten soğuktur ama bu soğuk, Milano’nun o ağırbaşlı mimarisine çok yakışır. Aralık ayında kurulan Noel pazarları ve dükkanların ışıl ışıl vitrinleri şehre farklı bir sıcaklık katar. Ocak ayı başındaki kış indirimleri ise alışveriş için gelenleri dondurucu havaya rağmen sokaklara döker. Kalabalıktan kaçıp müzeleri rahatça gezmek ve ardından dumanı tüten bir safranlı risotto ile ısınmak için kışın Milano başka bir huzur sunar.",📅 Timing is Everything: Which Season is Yours?,"Milan’s weather, much like its fashion, changes with the seasons. When you go shapes whether you experience the city at its vibrant, glittering peak or in its quieter, greyer state.

- Spring (March - May): This is Milan's most energetic and perhaps most ""expensive"" period. Especially during the famous Design Week (Salone del Mobile) in April, the city turns into the world's design capital. If you visit during this time, be prepared for hotel prices to triple; but in return, you'll find an exhibition on every corner and a party in every courtyard. The air is fresh, parks are alive, and it is the ideal time to explore the city on foot.
- Summer (June - August): Since Milan is located in a valley, the air can be quite heavy and humid in the summer. July is when the big summer sales (Saldi) begin; if your goal is to revamp your wardrobe at a good price, you’ll have to brave the heat. In August, locals leave for ""Ferragosto"" (summer holidays). Many boutiques and neighborhood restaurants might be closed, but the streets are entirely yours—a rare chance to see Milan without the usual crowds.
- Autumn (September - October): This is the season that best suits the city’s sharp and chic look. With Fashion Week in September, the streets return to that familiar runway vibe. The weather softens, and the sky takes on its famously clear blue. When the trees in the parks start turning yellow, walking through the stone streets of Brera or having an Aperitivo under the evening sun in Navigli is priceless. It is the most balanced period in terms of both crowds and temperature.
- Winter (November - February): Now is the time to meet Milan's famous honest, gray, and misty side. It’s genuinely cold, but this chill really suits Milan’s dignified architecture. Christmas markets in December and the sparkling shop windows add a different kind of warmth to the city. Winter sales in early January draw people out despite the freezing weather. For those wanting to escape the crowds, visit museums comfortably, and then warm up with a steaming saffron risotto, Milan in winter offers a unique kind of peace."
Milano,3,🏠Nerede Kalmalı: Mahalle Rehberi,"Milano’da konaklama seçerken en önemli kural, ne kadar ""merkezi"" olduğunuzdan ziyade hangi ""atmosferin"" içinde olmak istediğinizdir. Şehir metro hatlarıyla çok iyi örüldüğü için, en turistik noktadan birkaç durak uzaklaşmak size hem daha gerçek bir Milano deneyimi sunar hem de bütçenizi korur.

- Brera (Şık ve Sanat Dolu): Eğer ""Milano estetiği"" denince aklınıza gelen o taş sokaklar, şık sanat galerileri ve pahalı butiklerse, yeriniz tam burası. Şehrin en elit ve fotojenik mahallesidir. Fiyatlar şehrin geneline göre oldukça yüksektir ama her sabah bir sanat eserinin içinde uyanmış gibi hissedersiniz. Romantik bir tatil ya da o ""eski para"" şıklığını yaşamak için rakipsizdir.
- Navigli (Kanallar ve Hareketli Gece Hayatı): Milano’nun nehir olmayan ama kanallarıyla su kenarı keyfi sunan bölgesidir. Genç ruhlu, hareketli ve akşamları bir hayli gürültülüdür. Eğer eğlencenin tam merkezinde olayım, akşam yemeğinden sonra bir şeyler içmek için uzağa gitmeyeyim diyorsanız Navigli idealdir. Ancak sessiz sakin bir uyku arıyorsanız, ara sokaklardaki butik otelleri seçmenizde fayda var.
- Isola (Yükselen ve Modern Yüz): Eskiden kendi halinde bir işçi mahallesi olan Isola, bugün Milano’nun en ""trendy"" ve havalı noktalarından biri. Hemen yanı başındaki gökdelenlerin (Porta Nuova) aksine burada hâlâ mahalle bakkalını, yerel sanatçı atölyelerini ve çok iyi üçüncü dalga kahvecileri bulabilirsiniz. Ulaşımı çok rahattır ve gerçek bir Milano lokali gibi yaşamak için en iyi seçeneklerden.
- Porta Romana (Nezih ve Yerel): Turist kalabalığından tamamen uzaklaşmak ama şıklıktan da ödün vermemek isteyenlerin sığınağıdır. Geniş caddeleri, çok iyi mahalle restoranları ve yerel halkın tercih ettiği kafeleriyle son derece güvenli ve kaliteli bir bölgedir. Şehir merkezine metroyla sadece 10 dakika uzaklıktasınızdır; sessiz bir akşam ve huzurlu bir konaklama için en doğru adrestir.
- Centro Storico (Tam Merkez): Duomo ve çevresi. ""Her yer yürüme mesafesinde olsun, bütçe sorun değil"" derseniz burası sizin için uygundur. Ancak çok kalabalık, çok turistik ve tahmin edeceğiniz üzere oldukça masraflıdır. Gerçek Milano ruhunu yakalamak burada biraz daha zordur; daha çok otel konforu odaklı bir tercih olur.",🏠 Where to Stay: Neighborhood Guide,"Choosing where to stay in Milan isn’t really about how central you are, but rather which atmosphere you want to be part of. Thanks to the city’s well-connected metro network, staying just a few stops away from the main tourist hubs often gives you a more authentic Milan experience — and helps protect your budget.

- Brera (Chic & Artsy): If “Milanese elegance” makes you think of cobblestone streets, refined art galleries, and upscale boutiques, this is your place. Brera is one of the city’s most photogenic and sophisticated neighborhoods. Prices are noticeably higher than average, but waking up here feels like stepping into a living artwork. It’s perfect for a romantic getaway or anyone looking to experience that timeless, old-money charm.
- Navigli (Canals & Lively Nightlife): Milan may not have a river, but Navigli’s canals offer a similar waterside atmosphere. Young, vibrant, and energetic, the area gets especially lively — and noisy — in the evenings. If you want to be right in the middle of the action and walk straight from dinner to drinks, this is ideal. However, if you prefer a quieter night’s sleep, consider boutique hotels tucked away in the side streets.
- Isola (Up-and-Coming & Modern): Once a modest working-class neighborhood, Isola has transformed into one of Milan’s trendiest districts. Despite the nearby skyscrapers of Porta Nuova, the area still retains its local character, with neighborhood shops, independent artist studios, and excellent third-wave coffee spots. Well connected and full of personality, it’s one of the best places to experience Milan like a local.
- Porta Romana (Refined & Residential): A haven for those who want to escape the tourist crowds without sacrificing style. With wide streets, great neighborhood restaurants, and cafés favored by locals, Porta Romana feels safe, calm, and effortlessly elegant. Just 10 minutes from the center by metro, it’s an excellent choice for a peaceful and comfortable stay.
- Centro Storico (Historic Center): Home to Duomo di Milano and the city’s main landmarks. If you want everything within walking distance and budget isn’t a concern, this is the most convenient option. That said, it’s crowded, highly touristic, and — as expected — expensive. While it offers maximum comfort, it can feel a bit removed from Milan’s everyday local life."
Milano,4,🚲 A Noktasından B Noktasına: Bir Lokal Gibi Hareket Edin,"Milano’da ulaşım aslında çok düzenlidir ama ilk kez gelenler için havalimanı sayısı ve bilet çeşitleri biraz kafa karıştırıcı olabilir. Şehir merkezine ulaştıktan sonra ise işiniz çok kolay; ya o meşhur tramvaylarla şehri izleyerek gideceksiniz ya da yerin altından ışık hızıyla istediğiniz mahalleye bağlanacaksınız.

Havalimanından Şehre İlk Adım: 
- Malpensa (MXP): En büyük havalimanı burası. En mantıklı yol Malpensa Express trenine binmek. Yaklaşık 13€ ve 50 dakikada sizi Centrale (Ana İstasyon) veya Cadorna istasyonuna ulaştırır. Taksi çok pahalıdır (sabit ücret 100€ civarı), o yüzden trenden şaşmayın. 
- Linate (LIN): Şehrin içine en yakın olanı. Yeni açılan M4 (Mavi) metro hattı sayesinde sadece 15-20 dakikada merkeze (San Babila durağına) bağlanabilirsiniz. Şehir içi biletiniz burada geçerli.
- Bergamo / Orio al Serio (BGY): Genelde düşük bütçeli havayolları burayı kullanır. Buradan tren yok, tek çare shuttle otobüsler (Terravision veya Orio Shuttle). Yaklaşık 10€ ve trafik durumuna göre 1 saat sürer.

- Bilet İşini Çözmek (ATM Sistemi): Milano’da toplu taşıma ATM tarafından yönetilir. Tek yön bilet 2.20€ ve 90 dakika boyunca geçerli. Kağıt biletle uğraşmak istemiyorsanız, kredi kartınızı veya telefonunuzu (Apple/Google Pay) turnikelerdeki sarı okuyuculara dokundurup geçebilirsiniz (Tap & Go). Yalnız dikkat; metrodan çıkarken de kartınızı tekrar okutmanız gerekebilir, o yüzden kartınız her zaman ulaşılabilir olsun.
- Sarı Tramvaylar (Yürüyen Müze): Milano’nun o 1920’lerden kalma ahşap koltuklu sarı tramvaylarına (özellikle 1 ve 5 numaralı hatlar) mutlaka binmelisiniz. Çok hızlı değildirler, sarsılırlar ama Brera ve merkezin içinden geçerken size harika bir şehir turu yaptırırlar.
- Metro Hatları: Çok basittir. M1 (Kırmızı) sizi Duomo ve alışverişin merkezine götürür, M2 (Yeşil) Navigli ve Garibaldi’ye bağlar, M3 (Sarı) ise merkez istasyon ve lüks alışveriş bölgesinden geçer.
- Lokal Uyarı: Milano’da kontrolörler sivil kıyafetli olabilir ve hiç beklemediğiniz anda bilet kontrolü yapabilirler. Kartınızı okutmadan ya da biletinizi onaylatmadan asla binmeyin, cezalar can yakıcı olabilir.",🚲 Getting from A to B: Move Like a Local,"Transportation in Milan is highly organized, but the number of airports and ticket types can be a bit confusing at first. Once you reach the city center, it’s a breeze; you’ll either watch the city unfold from a classic tram or zip through the underground to your next destination.

Getting to the City from the Airports:
- Malpensa (MXP): The main international hub. The smartest way is the Malpensa Express train. It costs around €13 and takes about 50 minutes to reach Centrale (Main Station) or Cadorna. Taxis are very expensive (fixed rate around €100), so stick to the train.
- Linate (LIN): The closest airport to the city. Thanks to the new M4 (Blue) metro line, you can reach the heart of the city (San Babila stop) in just 15-20 minutes. Your standard city ticket works here.
- Bergamo / Orio al Serio (BGY): Mostly used by budget airlines. There’s no direct train, so your best bet is the shuttle buses (Terravision or Orio Shuttle). It costs about €10 and takes roughly an hour, depending on traffic.

- Solving the Ticket Puzzle (ATM System): Public transport is run by ATM. A single ticket is €2.20 and valid for 90 minutes. To skip the paper ticket hassle, just use your contactless credit card or phone (Apple/Google Pay) to Tap & Go at the yellow readers. Important: You may need to tap out to exit the metro as well, so keep your card handy.
- Yellow Trams (A Moving Museum): You must experience the 1920s-era yellow trams with wooden seats (especially Lines 1 and 5). They aren't the fastest, and they definitely jolt, but they offer a fantastic scenic tour through Brera and the city center.
- The Metro Lines: It’s quite straightforward. M1 (Red) takes you to the Duomo and the shopping hubs, M2 (Green) connects you to Navigli and Garibaldi, and M3 (Yellow) runs through the Central Station and the luxury shopping districts.
- Local Tip: Ticket inspectors in Milan often dress in plain clothes and can pop up unexpectedly. Never board without tapping your card or validating your ticket—the fines are steep and strictly enforced."
Milano,5,🏛️ Şehrin Hafızası: Görülmesi Gereken İkonik Duraklar,"Milano’nun hafızası sadece eski taşlardan ibaret değildir; o taşların arasına sızmış olan tasarım tutkusu, sanat dehası ve aristokrat bir zarafetin birleşimidir. Bu şehirde ""görülmesi gereken yerler"", bir vitrinin önünde durup izlemekten ziyade, o şıklığın içine karışmak demektir.

- Duomo di Milano (Milano Katedrali): Şehrin tam kalbinde, 600 yılda tamamlanmış bembeyaz bir mermer devidir. İçerideki loş ve mistik havayı solumak etkileyicidir ama Milano’nun asıl hafızasına dokunmak için katedralin çatısına (Terrazze) çıkmalısınız. Ancak terasa çıkış ve katedral içine giriş ücretlidir. Biletinizi mutlaka önceden online almalısınız; kapıdaki kuyruklar vaktinizi çalabilir.
- Galleria Vittorio Emanuele II: Duomo’nun hemen yanındaki bu görkemli pasaj, Milanoluların ""salonu"" gibidir. Cam tavanın altındaki o muazzam akustiği hissedin ve yerdeki mozaikleri inceleyin. Ortadaki boğa mozaiğinin üzerinde topuğunuzla üç tur dönmek şans getirir derler; lokaller genelde hızlıca yapıp geçer, siz de bu geleneğe sessizce eşlik edebilirsiniz.
- Santa Maria delle Grazie ve ""Son Akşam Yemeği"": Leonardo da Vinci’nin o dünyaca ünlü eserine ev sahipliği yapan bu kilise, Milano’nun sanatsal zirvesidir. Ancak bu kiliseye giriş için biletinizi en az 2-3 ay önceden online olarak almazsanız, bu deha ürünü eseri görme şansınız maalesef neredeyse sıfırdır.
- Castello Sforzesco: Şehrin ortasında yükselen bu devasa kale, Milano’nun dükalık döneminden kalan en güçlü hafızasıdır. Kalenin heybetli avlularından geçmek sizi bir anda orta çağa götürür. Kalenin avlularına girmek ücretsizdir ancak içindeki sanat müzelerini ve Michelangelo’nun bitmemiş son eseri Pietà Rondanini’yi görmek isterseniz bilet almanız gerekiyor.
- Teatro alla Scala: Dışarıdan bakıldığında oldukça sade görünebilir ama içerideki o kırmızı kadifelerin ve altın varakların yarattığı ihtişam, opera dünyasının kalbinin neden burada attığını size hemen anlatacaktır. Ancak, temsiller veya tiyatro müzesi ziyareti için biletinizi önceden almanızda fayda var.
- Pinacoteca di Brera (Brera Sanat Galerisi): İtalya’nın en önemli sanat koleksiyonlarından birine ev sahipliği yapan bu müze, sizi orta çağdan modern sanata kadar sessiz bir yolculuğuna çıkarır. Eğer bu galeriyi özellikle hafta sonu ziyaret etmeyi planlıyorsanız online rezervasyon vaktinizi koruyacaktır.
- San Maurizio al Monastero Maggiore: ""Milano'nun Sistine Şapeli"" olarak bilinir. Dışarıdan son derece mütevazı görünen bu kilisenin içine girdiğinizde, tavanından duvarlarına kadar her yerin muazzam fresklerle kaplı olduğunu görmek sizi şaşırtacak. Şehrin en değerli gizli hazinelerinden biridir.
- Cimitero Monumentale: Burası sadece bir mezarlık değil, devasa bir açık hava heykel müzesidir. Milano’nun en asil ve zengin ailelerinin yaptırdığı anıt mezarlar, mimari açıdan büyüleyicidir. Sessizliğin içindeki bu sanat galerisinde yürümek farklı bir huzur verir.
- Basilica di Sant'Ambrogio: Milano’nun koruyucu azizine adanmış, şehrin en eski kiliselerinden biridir. Romanesk mimarinin en saf halini görebileceğiniz bu yapı, o meşhur gökdelenli Milano'nun çok uzağında, çok daha köklü bir geçmişi temsil eder.
- Piazza Gae Aulenti ve Bosco Verticale: Milano sadece geçmişten ibaret değildir. Modern mimarinin zirvesi kabul edilen dikey orman binaları (Bosco Verticale) ve fütüristik meydan Gae Aulenti, şehrin bugünkü modern hafızasını simgeler.",🏛️ The City's Memory: Iconic Landmarks Must-See,"Milan’s memory is not just about old stones; it is a blend of design passion, artistic genius, and aristocratic elegance that has seeped into those very stones. In this city, ""must-see places"" mean immersing yourself in that sophistication rather than just watching it from behind a glass pane.

- Duomo di Milano (Milan Cathedral): A white marble giant at the very heart of the city, completed over 600 years. While breathing in the dim, mystical atmosphere inside is impressive, you must climb to the cathedral's rooftop (Terrazze) to truly touch Milan's memory. Please note that access to the terraces and the cathedral interior is paid. You should definitely purchase your tickets online in advance; the queues at the door can cost you a lot of time.
- Galleria Vittorio Emanuele II: This magnificent passage right next to the Duomo is like the ""living room"" of the Milanese. Feel the incredible acoustics under the glass dome and examine the mosaics on the floor. It is said that spinning three times on your heel on the bull mosaic brings luck; locals usually do it quickly in passing, and you can quietly join in on this tradition.
- Santa Maria delle Grazie and ""The Last Supper"": Home to Leonardo da Vinci’s world-famous masterpiece, this church is Milan’s artistic peak. However, if you do not book your tickets online at least 2-3 months in advance, your chances of seeing this work of genius are, unfortunately, virtually zero.
- Castello Sforzesco: Rising in the middle of the city, this massive fortress is the strongest reminder of Milan’s ducal era. Passing through its grand courtyards instantly transports you to the Middle Ages. Entering the castle courtyards is free, but you will need a ticket if you wish to see the art museums inside and Michelangelo’s unfinished final masterpiece, the Pietà Rondanini.
- Teatro alla Scala: It may look quite modest from the outside, but the grandeur created by the red velvet and gold leaf inside will immediately show you why the heart of the opera world beats here. It is highly recommended to book your tickets in advance for performances or a visit to the theater museum.
- Pinacoteca di Brera (Brera Art Gallery): Housing one of Italy’s most important art collections, this museum takes you on a quiet journey from the Middle Ages to modern art. If you plan to visit this gallery specifically on a weekend, an online reservation will save your time.
- San Maurizio al Monastero Maggiore: Known as the ""Sistine Chapel of Milan."" You will be amazed to see that every inch, from the ceiling to the walls, is covered in magnificent frescoes when you step inside this church, which looks quite humble from the outside. It is one of the city's most precious hidden gems.
- Cimitero Monumentale: This is not just a cemetery; it is a massive open-air sculpture museum. The monumental tombs built by Milan’s most noble and wealthy families are architecturally breathtaking. Walking through this art gallery of silence offers a unique sense of peace.
- Basilica di Sant'Ambrogio: Dedicated to the patron saint of Milan, this is one of the city's oldest churches. This structure, where you can see the purest form of Romanesque architecture, represents a much deeper past, far from the famous skyscrapers of modern Milan.
- Piazza Gae Aulenti and Bosco Verticale: Milan is not only about the past. The ""Vertical Forest"" (Bosco Verticale) buildings, considered the pinnacle of modern architecture, and the futuristic Gae Aulenti Square symbolize the modern memory and future vision of the city today."
Milano,6,🍴 Şehrin Lezzet Haritası: Altın Sarısı Sofralar,"Milano mutfağı, İtalya’nın güneyindeki domates soslu o klasik tabaklardan biraz daha farklıdır; burada tereyağı, safran ve etin başrolde olduğu daha zengin lezzetlerle karşılaşırsınız. Şehrin temposuna uygun pratik sokak lezzetlerinden, saatlerce süren o meşhur akşamüstü sofralarına kadar Milano’da aç kalmanız imkânsızdır.

- Risotto alla Milanese (Safranlı Risotto): Milano denince akla gelen ilk tabaktır. İçindeki safran sayesinde altın sarısı rengini alan bu kremsi pilav, şehrin en büyük imzası. Genellikle kemik iliği ile pişirilir ve her lokmada o yoğun lezzeti hissedersiniz. Bu lezzeti en klasik haliyle denemek isterseniz, Trattoria Milanese gibi tarihi noktalar doğru adrestir.
- Cotoletta alla Milanese (Milano Pirzolası): Sakın ona şnitzel demeyin, Milanolular bu konuda oldukça hassastır. Kemikli dana etinin galeta ununa bulanıp tereyağında altın rengi alana kadar kızartılmasıyla yapılır. Tabağınızdan taşan o devasa boyutuyla hem gözünüzü hem karnınızı doyurur. Antica Trattoria della Pesa, bu konuda şehrin en saygın isimlerinden biridir.
- Ossobuco: Ağır ateşte saatlerce pişen dana incik. Genellikle safranlı risotto ile aynı tabakta servis edilir. Etin o kadar yumuşak olması gerekir ki, çatalı vurduğunuzda kemikten kendiliğinden ayrılmalıdır.
- Pizza al Trancio (Milano Usulü Dilim Pizza): İncecik Roma ya da Napoli pizzasının aksine, Milano’nun kendine has kalın tabanlı, bol peynirli ve yumuşacık bir dilim pizza kültürü vardır. Bu işin dünyadaki kült durağı kesinlikle Spontini’dir. Ayaküstü ama oldukça doyurucu bir lezzet şölenidir.
- Panzerotti: Milano’nun en sevilen ""ayaküstü"" atıştırmalığıdır. İçine domates ve mozzarella doldurulup kızartılan bu küçük hamur işleri için Duomo yakınındaki meşhur Luini’nin önünde her zaman bir kuyruk görebilirsiniz. O kuyruğa girmeye kesinlikle değer; sıcak sıcak yemeniz ise bu işin püf noktasıdır.
- Aperol Spritz: Milano sokaklarında güneş alçalmaya başladığında masaların rengi bir anda turuncuya döner. Şehrin sosyal hayatının sıvı hali olan bu içecek, sadece bir kokteyl değil, Milano’daki yaşam keyfinin sembolüdür. Camparino in Galleria, bu ruhu katedral manzarasına karşı hissetmek için en ikonik noktadır.
- Negroni Sbagliato: Hikâyeye göre, bir barmen klasik Negroni yaparken cin yerine yanlışlıkla Prosecco (köpüklü şarap) doldurur ve ortaya bu ""yanlış"" ama efsanevi içecek çıkar. Bu içeceğin doğduğu yer olan Bar Basso’ya gidip bu yerel klasiği devasa kadehlerde denemelisiniz.
- Panettone: Aslında bir Noel keki olsa da Milano’nun dünyaya hediyesidir. İçinde kuru üzüm ve şekerlenmiş meyve parçaları bulunan bu yumuşacık dev kekin en tazesini şehrin tarihi pastanelerinde (örneğin Marchesi veya Cova) bulabilirsiniz.
- Aperitivo Kültürü: Bir yemekten ziyade, Milano’nun hayat tarzıdır. Akşamüstü saat 6 gibi başlar; bir içecek sipariş ettiğinizde masanıza gelen cömert atıştırmalıklarla akşam yemeğini aratmayacak bir deneyim yaşarsınız. Navigli bölgesi bu işin en keyifli ve hareketli adresidir.",🍴 A Taste of the City: Golden Tables,"Milanese cuisine is quite different from the classic tomato-based dishes of southern Italy; here, you’ll encounter richer flavors where butter, saffron, and meat take center stage. From practical street foods that suit the city’s pace to those famous evening social tables, staying hungry in Milan is simply impossible.

- Risotto alla Milanese: The first dish that comes to mind when you think of Milan. This creamy rice dish, which gets its golden yellow color from saffron, is the city's signature. It is usually cooked with bone marrow, and you can feel that intense flavor in every bite. To try it in its most classic form, historical spots like Trattoria Milanese are the right addresses.
- Cotoletta alla Milanese: Don't call it a schnitzel; the Milanese are quite sensitive about this. It is made by coating bone-in veal in breadcrumbs and frying it in butter until it turns golden. Its massive size, often spilling over the plate, is as satisfying to look at as it is to eat. Antica Trattoria della Pesa is one of the city's most respected names for this dish.
- Ossobuco: Braised veal shank cooked slowly over low heat. It is usually served on the same plate as saffron risotto. The meat should be so tender that it falls off the bone at the touch of a fork.
- Pizza al Trancio (Milanese Style Slice Pizza): Unlike the paper-thin Roman or Neapolitan pizzas, Milan has its own culture of thick-crust, extra-cheesy, and soft-sliced pizza. The cult global stop for this is definitely Spontini. It's a quick but incredibly satisfying feast.
- Panzerotti: Milan’s most beloved ""on-the-go"" snack. For these small fried dough pockets filled with tomato and mozzarella, you can always see a queue in front of the famous Luini near the Duomo. It is definitely worth the wait; the key is to eat it while it’s still hot.
- Aperol Spritz: When the sun begins to set over the streets of Milan, the tables suddenly turn orange. This drink, the liquid form of the city's social life, is not just a cocktail but a symbol of the joy of living in Milan. Camparino in Galleria is the most iconic spot to experience this vibe against the view of the cathedral.
- Negroni Sbagliato: Legend has it that a bartender accidentally used Prosecco (sparkling wine) instead of gin while making a classic Negroni, and this ""mistaken"" but legendary drink was born. You should visit Bar Basso, the birthplace of this drink, and try this local classic in their giant signature glasses.
- Panettone: Although essentially a Christmas cake, it is Milan’s gift to the world. You can find the freshest version of this soft, giant cake filled with raisins and candied fruit at the city’s historic bakeries like Marchesi or Cova.
- The Aperitivo Culture: More than just a meal, it is the Milanese way of life. It starts around 6 PM; when you order a drink, you enjoy a generous selection of accompanying snacks that could easily replace dinner. The Navigli district is the most enjoyable and lively spot for this."
Milano,7,🤫 Şehrin Fısıldadıkları: Lokal Sırlar,"Milano’nun o jilet gibi takım elbiselerinin ve ciddi iş dünyasının arkasında aslında çok muzip, biraz gizemli ve oldukça şaşırtıcı bir ruhu var. Turist kalabalığından sadece bir sokak içeri saptığınızda, Milano’nun size anlatacak çok başka hikâyeleri olduğunu göreceksiniz.

- Şehrin Ortasındaki Pembe Flamingolar (Villa Invernizzi): Quadrilatero della Moda’nın o lüks mağazalarından sadece birkaç dakika yürüyün ve Via Serbelloni çevresindeki sessiz sokaklara dalın. Villa Invernizzi’nin bahçe parmaklıklarından içeri baktığınızda, Milano’nun göbeğinde bir grup pembe flamingonun havuzda keyif yaptığını göreceksiniz. Burası özel bir mülk olduğu için içeri giremezsiniz ama parmaklıkların arkasından bu sürreale yakın manzarayı izlemek tam bir Milano gizemidir.
- Borsa Binası’nın Önündeki ""Orta Parmak"" (L.O.V.E.): Piazza Affari’de, yani İtalyan borsa binasının tam önünde devasa bir el heykeli yükselir. Diğer tüm parmakları kesilmiş, sadece orta parmağı havada duran bu Maurizio Cattelan eseri, Milano’nun o ciddi finans dünyasına atılmış kışkırtıcı bir kahkaha gibidir. Şehrin isyankar ve modern yüzünü görmek için en iyi noktadır.
- Kemiklerle Örülü Bir Şapel (San Bernardino alle Ossa): Duomo’nun o görkemli kalabalığından sadece birkaç adım ötede, dışarıdan bakıldığında sıradan görünen bir kilise var. Ancak içine girip yan taraftaki şapele geçtiğinizde, duvarların binlerce insan kemiği ve kafatasıyla dekore edildiğini göreceksiniz. Ürpertici gelebilir ama Milano’nun en sessiz ve etkileyici duraklarından biridir.
- Via Serbelloni’deki ""Bronz Kulak"": Via Serbelloni 10 numaralı binanın kapısında, bronzdan dev bir kulak heykeli göreceksiniz. 1920’lerde aslında bir interkom (kapı zili) olarak tasarlanan bu kulak, o dönemin ilginç mimari detaylarından biri. Rivayete göre bu kulağa bir dileğinizi fısıldarsanız, şehrin ruhu onu duyarmış.
- Wes Anderson’ın Barı (Bar Luce): Fondazione Prada’nın içinde yer alan bu bar, ünlü yönetmen Wes Anderson tarafından tasarlandı. İçeri girdiğiniz an kendinizi 1950’lerin Milano’sunda bir film setindeymiş gibi hissedeceksiniz. Pastel renkler, nostaljik tilt makineleri ve o meşhur tavan süslemeleriyle, modern Milano’nun en estetik kaçış noktasıdır.
- 10 Corso Como’nun Gizli Bahçesi: Dışarıdan bakıldığında buranın sadece lüks bir mağaza olduğunu sanabilirsiniz. Ancak avludan içeri süzülüp en üst kattaki terasa çıktığınızda, kendinizi bitkilerle dolu, sessiz ve çok şık bir bahçede bulacaksınız. Kalabalıktan kaçıp bir kahve molası vermek için şehrin en havalı sığınağıdır.
- Şeytanın Boynuz İzleri (Sant'Ambrogio Sütunu): Sant'Ambrogio Bazilikası’nın hemen önünde, üzerinde iki delik olan beyaz bir sütun bulunur. Efsaneye göre bu delikler, Şeytan’ın Aziz Ambrose ile kavga ederken boynuzlarını sütuna geçirmesiyle oluşmuş. Sütuna kulağınızı dayadığınızda cehennemin sesini duyduğunuz söylenir; tabii bu bir şehir efsanesi ama lokallerin çok sevdiği bir hikâyedir. ",🤫 Whispers of the City: Local Secrets,"Behind Milan’s sharp suits and serious business facade lies a surprisingly playful, slightly mysterious, and quite astonishing soul. When you step just a street away from the tourist crowds, you’ll discover that Milan has entirely different stories to tell.

- Pink Flamingos in the City Center (Villa Invernizzi): Walk just a few minutes away from the luxury boutiques of the Quadrilatero della Moda and dive into the quiet streets around Via Serbelloni. When you peer through the garden railings of Villa Invernizzi, you’ll see a group of pink flamingos lounging in a pool right in the heart of Milan. Since it’s a private estate, you cannot go inside, but watching this surreal scene through the fence is a true Milanese mystery.
- The ""Middle Finger"" in front of the Stock Exchange (L.O.V.ed): In Piazza Affari, directly in front of the Italian Stock Exchange building, stands a giant hand sculpture. With all other fingers cut off and only the middle finger remains, this piece by Maurizio Cattelan acts as a provocative laugh directed at Milan’s serious financial world. It’s the best spot to see the city’s rebellious and modern face.
- A Chapel Woven with Bones (San Bernardino alle Ossa): Just a few steps from the grandeur of the Duomo sits a church that looks quite ordinary from the outside. However, once you step inside and head to the side chapel, you’ll find the walls decorated with thousands of human bones and skulls. It might feel haunting, but it remains one of Milan’s quietest and most moving landmarks.
- The ""Bronze Ear"" on Via Serbelloni: At the entrance of the building at Via Serbelloni 10, you’ll find a giant ear sculpture made of bronze. Originally designed as an intercom in the 1920s, this ear is one of the city's quirkier architectural details. Legend has it that if you whisper a wish into this ear, the soul of the city will hear it.
- Wes Anderson’s Bar (Bar Luce): Located within the Fondazione Prada, this bar was designed by the famous director Wes Anderson. The moment you enter, you’ll feel like you’ve stepped onto a 1950s Milanese film set. With its pastel colors, nostalgic pinball machines, and iconic ceiling decorations, it’s the most aesthetic escape in modern Milan.
- The Hidden Garden of 10 Corso Como: From the street, you might think this is just another luxury shop. However, if you slip into the courtyard and head up to the rooftop terrace, you’ll find yourself in a lush, quiet, and incredibly chic garden. It is the city’s coolest sanctuary to escape the crowds for a coffee break.
- The Devil’s Horn Marks (Sant'Ambrogio Column): Right in front of the Basilica di Sant'Ambrogio stands a white column with two distinct holes. According to legend, these holes were formed when the Devil slammed his horns into the column during a struggle with Saint Ambrose. It’s said that if you press your ear to the column, you can hear the sounds of hell—a tall tale, perhaps, but a piece of folklore beloved by locals."
Milano,8,✅ Mutlaka Yapmadan Dönme: Milano Checklist,"- Duomo’nun Çatısında Yürüyün: Sadece katedralin içine girmekle yetinmeyin; asansörle ya da merdivenlerle terasa çıkın. Mermer kulelerin arasında yürürken şehre bembeyaz bir dantelin arkasından bakma hissini mutlaka yaşayın.
 -Aperitivo Sofrasına Oturun: Akşam saat 6’dan sonra Navigli kanallarının kenarında ya da Brera’nın ara sokaklarında bir masaya çökün. Sadece bir içecek söyleyip masanın donatıldığı o cömert ikramlarla Milano’nun en keyifli saatine eşlik edin.
- Barda Ayakta Espresso İçin: Sabahları herhangi bir mahalle barına girin ve lokaller gibi espressoyu barın önünde ayakta, iki saniyede için. Hem bütçenizi koruyun hem de Milano’nun o hızlı sabah temposuna uyum sağlayın.
- Panzerotto Kuyruğuna Girin: Duomo’nun hemen yanındaki Luini’den sıcak, bol peynirli bir panzerotto alın ve o meşhur kuyruğun neden hiç bitmediğini ilk ısırıkta kendiniz keşfedin.
- Galleria’da Boğanın Üzerinde Dönün: Şans getirdiğine inanılan o meşhur mozaik boğanın üzerinde topuğunuzla üç tur dönün. Bunu yaparken çok turistik görünmekten çekinmeyin, lokaller bile bazen gizlice yapıyor.
- Gizli Avluları Dikizleyin: Yürürken dikkatinizi çeken o büyük, ağır ahşap kapıları hafifçe aralayın ya da aralıksa içeriye bir göz atın. Milano’nun asıl zarafetinin binaların içindeki o yemyeşil gizli dünyalarda olduğunu göreceksiniz.
- Dilim Pizza Yiyin: İnce pizza kurallarını bir kenara bırakın ve Spontini’nin o meşhur kalın tabanlı, bol peynirli Milano usulü dilim pizzasını mutlaka deneyin.
- Brera’nın Taş Sokaklarında Kaybolun: Haritayı bir kenara bırakıp kendinizi Brera’nın sanat kokan dar sokaklarına bırakın. Küçük galerileri, falcıları ve şık butikleriyle burası şehrin en karakteristik yeridir.
- Bosco Verticale’yi Yakından Görün: Isola bölgesine gidip ""Dikey Orman"" binalarını görün. Modern mimarinin doğayla nasıl bu kadar şık bir şekilde birleştiğine şahitlik edin.
- Villa Invernizzi’de Flamingolara El Sallayın: Şehrin göbeğinde, bir villanın bahçesinde yaşayan pembe flamingoları görünce Milano’nun ne kadar sürprizli bir şehir olduğunu bir kez daha anlayacaksınız.
- Sbagliato Deneyin: Bu efsanevi içeceğin doğduğu yer olan Bar Basso’ya gidin ve devasa kadehlerde sunulan o ""hatalı"" ama muhteşem kokteylin tadına bakın.
- Vaktiniz Varsa Como’ya Kaçın: Eğer fazladan bir gününüz varsa, Milano’nun o hızlı temposuna bir mola verip kendinizi göl kenarına atın. Centrale veya Cadorna istasyonlarından kalkan trenlerle yaklaşık 1 saatte Como Gölü’ne ulaşabilir, muazzam manzaranın tadını çıkarabilirsiniz.",✅ The Milan Checklist: Don't Leave Without Doing These,"- Walk on the Duomo Rooftop: Don’t just settle for seeing the inside of the cathedral; take the elevator or stairs to the terrace. Experience the unique feeling of looking out over the city through a forest of white marble spires.
- Join the Aperitivo Tables: After 6 PM, grab a table by the Navigli canals or in the backstreets of Brera. Order a drink and enjoy the generous selection of snacks that come with it—it’s the most delightful hour in Milan.
- Drink Your Espresso Standing at the Bar: In the morning, walk into any local bar and take your espresso standing up at the counter like a true Milanese. It saves you money and lets you sync with the city’s fast-paced morning rhythm.
- Queue for a Panzerotto: Grab a hot, cheesy panzerotto from Luini near the Duomo and discover with your first bite why that famous line never seems to end.
- Spin on the Bull in the Galleria: Spin three times on your heel on the famous bull mosaic for good luck. Don’t worry about looking like a tourist; even the locals do it secretly sometimes.
- Peek into the Hidden Courtyards: As you walk, gently push open those large, heavy wooden doors or peek inside if they’re ajar. You’ll find that Milan’s true elegance is hidden in those lush, secret green worlds inside the buildings.
- Eat a Slice: Forget the thin-crust rules for a moment and try Spontini’s famous thick-crust, extra-cheesy Milanese-style pizza slice.
- Get Lost in the Streets of Brera: Put your map away and let the artistic, narrow streets of Brera guide you. With its small galleries, fortune tellers, and chic boutiques, it’s the most characteristic part of the city.
- See the Bosco Verticale Up Close: Head to the Isola district to see the ""Vertical Forest"" buildings. Witness how modern architecture can merge so elegantly with nature.
- Wave to the Flamingos at Villa Invernizzi: Seeing pink flamingos living in a villa garden right in the heart of the city will make you realize just how full of surprises Milan is.
- Try a Sbagliato: Visit the legendary Bar Basso, where this iconic drink was born, and taste that ""mistaken"" but magnificent cocktail served in their signature oversized glasses.
- Escape to Lake Como if You Have Time: If you have an extra day, take a break from Milan’s fast pace and head to the lakeshore. You can reach Lake Como in about an hour via trains departing from Centrale or Cadorna stations and soak in the magnificent scenery."
Cenevre,1,Cenevre: Göl Kıyısında Saat Gibi İşleyen Bir Şehir,"Hızlı Bakış: Cenevre’ye ilk adımınızı attığınızda sizi bir şehirden ziyade, çok iyi işleyen devasa bir saat mekanizması karşılayacak. Burası düzenin, diplomasinin ve ""bağırmayan"" bir lüksün başkentidir. Şehir, gölün (Lac Léman) etrafına o kadar zarif yerleşmiştir ki, yürürken kendinizi bir kartpostalın içinde sanabilirsiniz. Ancak Cenevre’yi sadece bankalardan ve lüks saat vitrinlerinden ibaret sanmak büyük bir hata olur. Şehrin asıl karakteri, o meşhur fıskiyenin (Jet d'Eau) serinliğinde, göl kenarında sarı teknelerle (Mouettes) tur atan yerellerin dinginliğinde ve Eski Şehir'in (Vieille Ville) o daracık taş sokaklarında saklıdır.

Cenevre’ye dair bilmeniz gereken en temel konu şudur: Şehir, mahremiyete ve sessizliğe büyük değer verir. Akşamları sokaklarda büyük bir metropol gürültüsü bulamazsınız; hayat erken biter, dükkanlar kapanır ve şehir kendi huzurlu kabuğuna çekilir. Bu yüzden siz de bu ritme hazırlıklı gelmelisiniz. Pazar günlerinin ""mutlak sessizlik"" günü olduğunu, neredeyse tüm dükkanların kapandığını bilmek planınızı kurtaracaktır. Bir de küçük bir bütçe dostu bilgi; Cenevre çok pahalı bir şehir olabilir ancak musluklarından akan suyun tadı, markette satılan en pahalı sudan bile daha iyidir. Mataranızı yanınızdan ayırmayın ve bu şehrin sadeliğindeki kaliteyi hissetmeye odaklanın.",Geneva: A City That Runs Like Clockwork by the Lake,"Quick Glimpse: When you first step into Geneva, you will be greeted by a city that feels more like a massive, perfectly functioning watch movement. It is the capital of order, diplomacy, and ""quiet"" luxury. The city is so elegantly situated around the lake (Lac Léman) that you might feel like you're walking through a postcard. However, it would be a mistake to think of Geneva only in terms of banks and luxury watch displays. The city’s true character is hidden in the mist of the famous fountain (Jet d'Eau), the serenity of locals crossing the lake in yellow boats (Mouettes), and the narrow cobblestone streets of the Old Town (Vieille Ville).

The most fundamental thing to know about Geneva is this: the city highly values privacy and silence. You won't find the loud bustle of a typical metropolis in the evenings; life ends early, shops close, and the city retreats into its peaceful shell. You should be prepared for this rhythm. Knowing that Sundays are days of ""absolute silence,"" where almost all shops are closed, will save your plans. A small budget-friendly tip: Geneva can be very expensive, but the water from its taps tastes better than even the priciest bottled water. Keep your water bottle with you and focus on experiencing the quality found in the city’s simplicity."
,2,📅 Takviminizi Ayarlayın: Hangi Mevsim Sizin?,"Cenevre’de zaman yalnızca kolunuzdaki saatlerde değil, gölün üzerindeki yansımalarda da tıkır tıkır işler. Şehri ne zaman ziyaret edeceğiniz ise göl kenarında güneşlenmek mi, yoksa karlı Alp manzaralarına karşı fondü eşliğinde keyif yapmak mı istediğinize bağlıdır.

- İlkbahar (Mart - Mayıs): Cenevre’nin en ""taze"" halidir. Jardin Anglais’deki çiçek saatinin rengarenk açtığı, parkların canlandığı bu dönemde hava hala biraz serindir. Eğer kalabalıklardan uzak durup şehrin o vakur sokaklarında rahatça yürümek isterseniz bahar ayları en doğru tercihtir. Ancak meşhur ""Bise"" rüzgarına karşı yanınıza mutlaka koruyucu bir şeyler almayı unutmayın.
- Yaz (Haziran - Ağustos): Şehrin tam anlamıyla gölün içine taşındığı mevsimdir. Yerel halkın Bains des Pâquis’de güneşlendiği, gölde yüzdüğü ve akşamüstleri su kenarında toplandığı bu aylar Cenevre’nin en enerjik zamanıdır. Güneşin geç batması size upuzun günler kazandırır. Ağustos ayının başında düzenlenen kutlamalarla şehir oldukça hareketlenir; ancak bu dönemde otel fiyatlarının zirve yaptığını ve turist yoğunluğunun arttığını bilmenizde fayda var.
- Sonbahar (Eylül - Kasım): Cenevre aslında gizli bir bağ rotasıdır. Eylül ve Ekim aylarında şehrin hemen dışındaki bağlarda hasat dönemi başlar; bu dönemde doğanın turuncu ve sarıya bürünüşünü izlemek harikadır. Hava hafifçe puslu bir hal alsa da, göl kıyısındaki yürüyüş yolları en fotojenik hallerine bürünür. Cenevre’nin o meşhur melankolik ve şık ruhunu hissetmek için en dengeli zamandır.
- Kış (Aralık - Şubat): İşte Cenevre’nin o meşhur fondü ve çikolata mevsimi. Hava gerçekten soğuk ve gri olabilir ancak Aralık ayının başında düzenlenen L'Escalade festivaliyle şehir orta çağ ruhuna bürünür; bu dönemde çikolatadan yapılan kazanların kırılması yerel bir neşedir. Eğer kayak meraklısıysanız, Cenevre’den sadece 1 saatlik mesafedeki dünyaca ünlü Alp köylerine kaçmak için kış mevsimi harika bir fırsat sunar.",📅 Timing is Everything: Which Season is Yours?,"In Geneva, time isn’t only kept on your wrist — it ticks gently across the reflections on the lake. When you visit depends on the experience you’re after: sun-soaked days by the water or cozy evenings with fondue against snow-covered Alpine views.

- Spring (March - May): This is Geneva at its freshest. While the Flower Clock in the Jardin Anglais blooms in vibrant colors and the parks come to life, the air remains quite crisp. If you prefer to stay away from the crowds and wander the city’s dignified streets at your own pace, spring is the perfect choice. However, don’t forget to pack a windbreaker against the famous ""Bise"" wind.
- Summer (June - August): The season when the city literally moves onto the lake. This is Geneva's most energetic period, with locals sunbathing and swimming at Bains des Pâquis and gathering by the water in the evenings. The late sunsets give you extra-long days to explore. While the celebrations in early August bring a festive vibe, keep in mind that hotel prices peak and tourist numbers increase during this time.
- Autumn (September - November): Geneva is secretly a vineyard destination. September and October mark the harvest season in the vineyards just outside the city; it’s a wonderful time to watch nature turn shades of orange and gold. Though the air can get a bit misty, the lakeside promenades become incredibly photogenic. It is the most balanced time to feel Geneva’s signature melancholic yet sophisticated soul.
- Winter (December - February): Welcome to the ultimate fondue and chocolate season. The weather can be genuinely cold and grey, but the L'Escalade festival in early December brings a medieval spirit to the streets; breaking chocolate cauldrons (marmites) is a local joy you shouldn't miss. If you are a ski enthusiast, winter offers a great opportunity to escape to the world-famous Alpine villages, located just an hour away from Geneva."
,3,🏠Nerede Kalmalı: Mahalle Rehberi,"Cenevre’de nerede konaklayacağınız, sabah uyandığınızda karşınıza çıkacak manzarayı ve gününüzün nasıl geçeceğini belirleyen en önemli detaydır. Şehir küçük gibi görünse de her mahalle bambaşka bir enerji sunar. Üstelik burada konaklayanlar için harika bir ""lokal kıyağı"" var: Otel, hostel veya kamp alanında kaldığınız sürece şehir içi toplu taşıma için ücretsiz bir ""Geneva Transport Card"" alıyorsunuz; bunu mutlaka talep edin.

- Vieille Ville (Eski Şehir): Eğer ""Tarihin tam ortasında, o daracık taş sokaklarda uyanmak istiyorum"" diyorsanız yeriniz burası. Şehrin en yüksek noktasıdır; dolayısıyla yokuşlara hazırlıklı olmalısınız. Burası daha çok butik otellerin, antikacıların ve şık kafelerin olduğu, akşamları ise derin bir sessizliğe bürünen oldukça nezih bir bölgedir. Romantik bir kaçamak için idealdir ama bütçenizi biraz zorlayabilir.
- Pâquis: Göl kenarına ve ana tren istasyonuna (Cornavin) en yakın bölgedir. Burası Cenevre’nin en kozmopolit, en hareketli ve biraz da ""aykırı"" mahallesidir. Restoran çeşitliliği açısından cennet gibidir; her bütçeye uygun seçenek bulabilirsiniz. Küçük bir not: Burası aynı zamanda şehrin ""red-light"" bölgesi olarak bilinir, bu yüzden akşamları çok renkli ve gürültülü olabilir. Ulaşım kolaylığı arayanlar için en pratik noktadır.
- Eaux-Vives: Meşhur fıskiyenin (Jet d'Eau) hemen yanı başı. Daha modern, daha geniş caddeleri olan ve lokallerin yaşamayı en çok sevdiği mahallelerden biridir. Dev parklara çok yakındır; sabah göl kenarında yürüyüş yapmak için harika bir konuma sahiptir. Şık bistroları ve trend mekanlarıyla kendinizi bir Cenevreli gibi hissetmek için en iyi tercihlerden biridir.
- Carouge: Burası Cenevre’nin içindeki ""Küçük İtalya""dır. Şehirden sadece birkaç durak tramvayla uzaklaşırsınız ama kendinizi bir anda Akdeniz mimarisi içinde bulursunuz. Alçak binaları, sanatçı atölyeleri, butik dükkanları ve samimi pazarlarıyla şehrin en bohem köşesidir. Eğer büyük şehir kaosundan uzak, daha köy havasında ama stil sahibi bir yer arıyorsanız burayı çok seveceksiniz.
- Plainpalais: Üniversite bölgesine yakınlığı nedeniyle daha çok öğrencilerin ve genç profesyonellerin tercih ettiği bir yerdir. Şehrin en büyük meydanlarından birine sahiptir ve burada kurulan bit pazarları meşhurdur. Diğer bölgelere göre biraz daha uygun fiyatlı konaklama seçenekleri bulabilir, Cenevre’nin o vakur duruşuna göre daha dinamik bir atmosferde kalabilirsiniz.",🏠 Where to Stay: Neighborhood Guide,"Where you stay in Geneva is the key detail that determines your morning view and how your day unfolds. While the city may seem small, each neighborhood offers a completely different energy. Plus, there’s a great ""local perk"" for visitors: as long as you stay in a hotel, hostel, or campsite, you receive a free ""Geneva Transport Card"" for public transit within the city—be sure to ask for it.

- Vieille Ville (Old Town): If you want to wake up in the heart of history among narrow cobblestone streets, this is your place. It’s the highest point in the city, so be prepared for some uphill walking. This is an upscale area filled with boutique hotels, antique shops, and chic cafes that becomes very quiet at night. It's ideal for a romantic getaway, though it can be a bit heavy on the budget.
 - Pâquis: This is the area closest to the lakeside and the main train station (Cornavin). It is Geneva's most cosmopolitan, lively, and slightly ""edgy"" neighborhood. It’s a paradise for restaurant variety, with options for every budget. A small note: this is also the city's red-light district, so it can be quite colorful and noisy in the evenings. It’s the most practical spot for those prioritizing ease of transport.
- Eaux-Vives: Located right next to the famous fountain (Jet d'Eau). This is a modern neighborhood with wide streets and is one of the areas locals love most. It’s very close to massive parks and is perfectly positioned for a morning stroll along the lake. With its stylish bistros and trendy spots, it’s one of the best choices for feeling like a true Genevan.
- Carouge: This is the ""Little Italy"" within Geneva. Just a few tram stops away from the center, you’ll suddenly find yourself surrounded by Mediterranean architecture. With its low-rise buildings, artist workshops, boutique shops, and cozy markets, it is the city’s most bohemian corner. If you’re looking for a stylish place with a village feel, away from the city chaos, you’ll love it here.
- Plainpalais: Due to its proximity to the university district, this area is mostly preferred by students and young professionals. It features one of the city's largest squares, famous for its flea markets. You can find slightly more affordable accommodation options here compared to other districts, and the atmosphere is much more dynamic than Geneva’s usual dignified pace"
,4,🚲 A Noktasından B Noktasına: Bir Lokal Gibi Hareket Edin,"Cenevre’de ulaşım, tıpkı o meşhur saatler gibi hatasız ve tam zamanında işler. Şehir oldukça kompakt olduğu için birçok yere yürüyerek gidebilirsiniz ama toplu taşıma sistemini bir kez kullandığınızda konforuna hemen alışacaksınız.

- Havalimanından Şehre (Sadece 7 Dakika): Cenevre Havalimanı (GVA), merkeze en yakın havalimanlarından biridir. Terminalden çıkmadan tren istasyonuna geçin; buradan kalkan tüm trenler şehrin ana istasyonu olan Cornavin’e uğrar. Yolculuk sadece 7-8 dakika sürer. Eskiden havalimanında bedava bilet makineleri vardı ancak bu uygulama değişti; eğer otelinizden dijital kartınız henüz gelmediyse makinelerden yaklaşık 3 CHF karşılığında bir bilet almanız gerekecek.
- Geneva Transport Card (En Büyük Lokal Kıyağı): Cenevre’de bir otelde, hostelde veya kamp alanında konaklıyorsanız, konakladığınız süre boyunca tüm toplu taşıma araçlarında (tramvay, otobüs, tren ve hatta sarı tekneler) geçerli olan bu kartı ücretsiz olarak alıyorsunuz. Oteliniz size genelde dijital olarak gönderir ya da check-in sırasında verir. Bu kart cebinizdeyken Cenevre’de ulaşım sizin için tamamen ücretsiz demektir.
- Sarı Tekneler (Mouettes Genevoises): Cenevre’nin en karakteristik ve keyifli ulaşım aracıdır. Gölün iki yakası (Rive Gauche ve Rive Droite) arasında vızır vızır işleyen bu küçük sarı tekneler, toplu taşıma sisteminin bir parçasıdır. Yani ""Geneva Transport Card"" bu teknelerde de geçerli. Yolu biraz uzatsa bile, göl havası alarak karşıya geçmek varken neden otobüse binesiniz?
- Tramvay ve Otobüs Ağı: Şehrin her noktasını birbirine bağlayan tıkır tıkır bir ağdır. Duraklarda dijital ekranlardan aracın tam kaç dakika sonra geleceğini görebilirsiniz. Biletinizi duraklardaki otomatlardan alabilir ya da kredi kartınızı/telefonunuzu araç içindeki okuyuculara okutarak geçebilirsiniz (Tap & Go). Tek yön bilet yaklaşık 3 CHF civarındadır ve 60 dakika boyunca sınırsız aktarma sağlar.
- Yürüyüş Notları: Eski Şehir (Vieille Ville) ve göl kenarı yürüyerek keşfedilmek için yaratılmıştır. Ancak Eski Şehir’in o dik ve taşlı yokuşlarına karşı mutlaka rahat bir ayakkabı tercih etmelisiniz.
- Lokal Uyarı: Cenevre’de ulaşım araçları çok sessizdir; yüksek sesle konuşmak ya da telefonla uzun görüşmeler yapmak pek hoş karşılanmaz. Ayrıca bilet kontrolüne nadir rastlansa da yakalandığınızda ödeyeceğiniz ceza oldukça yüksektir, biletinizden veya ücretsiz kartınızdan her zaman emin olun.",🚲 Getting from A to B: Move Like a Local,"Transportation in Geneva works with the same precision and punctuality as its famous watches. The city is quite compact, making it very walkable, but once you experience the efficiency of the public transport system, you’ll quickly grow to love its convenience.

- From the Airport to the City (Just 7 Minutes): Geneva Airport (GVA) is one of the closest airports to a city center. Follow the signs for the train station before leaving the terminal; every train departing from there stops at Cornavin, the main city station. The trip takes only 7-8 minutes. The old free ticket machines at arrivals have been discontinued; if you haven't received your digital transport card from your hotel yet, you'll need to buy a ticket for about 3 CHF at the machine.
- Geneva Transport Card (The Best Local Perk): If you are staying in a hotel, hostel, or campsite in Geneva, you receive this card for free. It covers all public transport—trams, buses, trains, and even the yellow boats—for the duration of your stay. Your hotel will usually email it to you or provide it during check-in. With this card in your pocket, transportation in Geneva is completely free for you.
- The Yellow Boats (Mouettes Genevoises): These small yellow boats are Geneva's most characteristic and enjoyable mode of transport. Crossing between the two shores (Rive Gauche and Rive Droite), they are part of the official public transport network. This means your ""Geneva Transport Card"" is valid here too. Why take the bus when you can cross the lake and enjoy the breeze for free?
- Tram and Bus Network: A seamless network that connects every corner of the city. Digital screens at stops tell you exactly how many minutes until the next vehicle arrives. You can buy tickets at the stop machines or use Tap & Go with your credit card or phone on the vehicle. A single ticket is around 3 CHF and allows unlimited transfers for 60 minutes.
- Walking Notes: The Old Town (Vieille Ville) and the lakeside are designed to be explored on foot. However, be sure to wear comfortable shoes to handle the steep, cobbled streets of the Old Town.
- Local Tip: Public transport in Geneva is very quiet; talking loudly or making long phone calls is generally frowned upon. Also, while ticket inspections are rare, the fines are steep if you're caught without a valid ticket or card—always keep yours handy."
,5,🏛️ Şehrin Hafızası: Görülmesi Gereken İkonik Duraklar,"Cenevre’nin hafızası; gökyüzüne fışkıran o meşhur suyun serinliği, Eski Şehir’in vakur sessizliği ve dünyanın kaderinin belirlendiği o dev binaların ağırlığıyla doludur. Burayı sadece bir ""banka şehri"" sanıyorsanız, bu duraklar fikrinizi tamamen değiştirecek.

- Jet d'Eau (Fıskiye): Şehrin tartışmasız en büyük simgesi. Gölün ortasından gökyüzüne saniyede 500 litre su püskürten bu devasa fıskiye, aslında bir basınç tahliye valfi olarak başlamış ama bugün şehrin kalbi haline gelmiştir. Yanına kadar gidip o rüzgârla gelen su serinliğini hissedin ancak rüzgârın yönüne dikkat edin; bir anda kendinizi sırılsıklam bulabilirsiniz.
- Cathédrale Saint-Pierre (Aziz Pierre Katedrali): Eski Şehir’in en yüksek noktasında yer alan bu katedral, mimari tarzların ilginç bir karışımıdır. İçerideki dinginliği yaşamak ücretsizdir ancak Cenevre ve göl manzarasını en tepeden görmek isterseniz kulelere çıkış biletlidir. O 157 basamağı göze aldığınıza değecek bir manzara sizi bekliyor.
- Reformation Wall (Reform Duvarı): Parc des Bastions’un içinde yer alan bu devasa anıt, Cenevre’nin ""Protestan Roma’sı"" olarak anıldığı günlerin en güçlü şahididir. Duvar boyunca yürürken devasa heykellerin yarattığı o ağırbaşlı havayı hissedeceksiniz. Parkın içinde dev satranç takımlarıyla oynayan lokalleri izlemek de buranın bir parçasıdır.
- Jardin Anglais ve Çiçek Saati (L'horloge fleurie): Cenevre’nin saatçilik dünyasındaki yerini simgeleyen bu yaşayan saat, mevsime göre sürekli değişen çiçeklerle donatılır. Bir saatten çok daha fazlası; tam bir fotoğraf durağıdır.
- Palais des Nations (Birleşmiş Milletler Binası): Şehrin diplomatik ağırlığını hissedeceğiniz en önemli nokta. Sadece dışarıdaki o devasa ""Kırık Sandalye"" (Broken Chair) heykelini görmek bile çok şey anlatır. Binanın içini gezmek ise sadece rehberli turlarla ve biletle mümkündür; güvenliği ve yoğunluğu düşünerek biletinizi mutlaka önceden online ayırtmalısınız.
- CERN (Avrupa Nükleer Araştırma Merkezi): Şehir merkezinin biraz dışında kalsa da Prag’ın Astronomik Saati neyse, Cenevre için CERN odur. Evrenin sırlarının arandığı bu dev tesisin sergi alanlarını gezmek büyüleyicidir. Giriş ücretsizdir ancak turlar için aylar öncesinden rezervasyon yaptırmanız şarttır; aksi halde sadece ""Globe"" binasını dışarıdan görmekle yetinebilirsiniz.
- Patek Philippe Müzesi: Saat tutkunuz olsun ya da olmasın, 16. yüzyıldan bugüne saatçiliğin nasıl bir sanata dönüştüğünü görmek için burası dünyadaki en iyi yerdir. İçeride binlerce nadide parça sergilenir ve  giriş biletlidir.
- Place du Bourg-de-Four: Eski Şehir’in tam kalbi ve şehrin en eski meydanıdır. Bir zamanlar Roma forumu olan bu alan, bugün lokallerin bir kahve molası için buluştuğu en samimi noktadır. Roma tarihine dokunup bugünün ritmini izlemek için kusursuzdur.
- Bains des Pâquis: Burası Cenevre halkının gerçek yaşam alanıdır. Gölün içine doğru uzanan bu halk plajı, kışın saunasıyla yazın ise göl keyfiyle dolup taşar. Şehrin o lüks vitrininden sıyrılıp gerçek bir Cenevreli gibi hissetmek için buraya uğramalısınız. Ancak, giriş için çok küçük bir ücret alınacağını aklınızda bulundurun.
- Maison Tavel: Cenevre’nin en eski evi. Bugün şehir tarihini anlatan bir müze olarak hizmet veriyor. Orta çağda bir Cenevreli olmanın nasıl bir şey olduğunu anlamak için bu taş binanın içine mutlaka süzülmelisiniz. Kalıcı sergileri gezmek ise ücretsizdir.",🏛️ The City's Memory: Iconic Landmarks Must-See,"Geneva’s memory is shaped by the cool mist of its iconic fountain shooting into the sky, the dignified silence of the Old Town, and the quiet weight of the massive buildings where the world’s fate is often decided. If you think this is just a “banking city,” the following stops will completely change your mind.

- Jet d'Eau (The Fountain): The city’s most unmistakable symbol. Shooting 500 liters of water per second straight into the sky, this giant fountain actually began as a pressure-release valve — and today, it has become the heart of Geneva. Walk right up to it and feel the refreshing mist on your face, but keep an eye on the wind… you might suddenly find yourself completely soaked.
- Cathédrale Saint-Pierre Genève (St. Pierre Cathedral): Located at the highest point of the Old Town, this cathedral is an intriguing mix of architectural styles. Entry is free if you simply want to enjoy the peaceful interior. But if you’re after sweeping views of Geneva and the lake, you’ll need a ticket to climb the tower. The 157 steps are absolutely worth it.
- Reformation Wall: Hidden inside Parc des Bastions, this monumental wall stands as a powerful reminder of the days when Geneva was known as the “Protestant Rome.” Walking along it, you’ll feel the solemn presence of the towering statues. Watching locals play on the giant outdoor chessboards is also part of the experience here.
- L'horloge fleurie (Flower Clock & Jardin Anglais): A living symbol of Geneva’s watchmaking heritage. This floral clock is constantly redesigned with seasonal flowers. More than just a timepiece, it’s one of the city’s most photogenic spots.
- Palais des Nations (United Nations Office): This is where you truly feel Geneva’s diplomatic weight. Even seeing the giant Broken Chair sculpture outside tells a powerful story. Visiting the interior is only possible through guided tours and tickets, so make sure to book online in advance due to security and high demand.
- CERN: A bit outside the city center, but for Geneva, CERN is what the Astronomical Clock is to Prague. This is where the secrets of the universe are explored. Visiting the exhibition areas is fascinating and free. However, tours must be booked months in advance — otherwise, you’ll only be able to admire the iconic Globe building from outside.
- Patek Philippe Museum: Whether you’re a watch enthusiast or not, this is arguably the best place in the world to see how watchmaking evolved into an art form. Thousands of rare pieces from the 16th century onward are displayed here. Entry is ticketed.
- Bains des Pâquis: This is where real Genevan life happens. A public lakeside beach that fills up with swimmers in summer and sauna lovers in winter. If you want to step away from the city’s polished luxury image and feel like a local, this is the place. Just remember, there’s a small entrance fee.
- Maison Travel: Geneva’s oldest house, now converted into a city history museum. Step inside this stone building to understand what life was like here in the Middle Ages. The permanent exhibitions are free to visit."
,6,"🍴 Şehrin Lezzet Haritası: Peynir, Balık ve Çikolata","Cenevre mutfağı denince akla sadece çikolata gelmesi büyük bir haksızlık olur. Burası, Alp dağlarının sıcak peyniri ile gölün taze balığının buluştuğu, Fransız zarafetinin İsviçre disipliniyle harmanlandığı bir lezzet durağıdır. Cenevre’de bütçe yönetimi zordur, evet; ama doğru noktada ne yiyeceğinizi bilirseniz her kuruşun karşılığını alırsınız.

- Peynir Fondü (Fondue Moitié-Moitié): Cenevre’nin olmazsa olmazı. Genellikle Gruyère ve Vacherin peynirlerinin karışımıyla yapılır. Lokallerin favori mekanı, Eski Şehir’deki tarihi Les Armures’dür. Eğer daha salaş ve bütçe dostu bir fondü deneyimi isterseniz, göl kenarındaki Bains des Pâquis sizi bekler.
- Entrecôte ""Café de Paris"": Dünyaca ünlü o meşhur tereyağlı sosun doğduğu yer tam olarak burasıdır! Chez Boubier - Café de Paris restoranına gidip, gizli tarifiyle hazırlanan o efsanevi sosun içinde servis edilen antrikotu mutlaka denemelisiniz. Menü tektir, seçiminizi sadece etin pişme derecesi belirler.
- Filets de Perche (Göl Balığı): Cenevre Gölü'nün (Lac Léman) en meşhur lezzetidir. Küçük levrek filetoları tereyağında kızartılır ve genellikle bol patates kızartması ile servis edilir. Göl kenarındaki restoranlarda bu balığın en tazesini bulabilirsiniz.
- Birchermüesli: İsviçreli doktor Maximilian Bircher-Benner tarafından bir sağlık mucizesi olarak icat edilen bu kahvaltı klasiği, Cenevre sabahlarının vazgeçilmezidir. Yulaf, taze meyveler ve kuruyemişlerin süt veya yoğurtla buluştuğu bu lezzeti otellerin kahvaltılarında ya da şık fırınlarda mutlaka deneyin.
- Carac (Yeşil Tart): İsviçre'nin Fransızca konuşulan bölgesine özgü, parlak yeşil rengiyle hemen dikkat çeken küçük bir tarttır. İçindeki yoğun çikolata ganajı ve üzerindeki yeşil şeker kaplamasıyla hem göze hem damağa hitap eder.
- Longeole: Cenevre’ye özgü, kimyon ve anasonla aromalandırılmış geleneksel bir domuz sosisidir. Genellikle mercimek (lentilles de Genève) ile servis edilir. Şehrin yerel mutfağına gerçekten dokunmak istiyorsanız denemeniz gereken en ""Cenevreli"" tabaktır.
- İsviçre Çikolatası: Cenevre sokaklarında yürürken burnunuza gelen o yoğun kakao kokusu tesadüf değil. Favarger, Du Rhône veya Auer gibi köklü butiklerden el yapımı pralinler almalısınız. Özellikle ""Pavés de Genève"" denilen küp şeklindeki çikolatalar şehrin imzasıdır.
- Malakoff: Cenevre'nin komşusu Vaud bölgesinden gelse de şehirde oldukça popüler olan, içi erimiş peynir dolu kızarmış toplardır. Peynir tutkunları için Fondü'den sonraki en büyük hazdır.
- Marmite de l'Escalade (Çikolata Kazanları): Eğer Aralık başında oradaysanız, dükkanların sebzelerle (aslında marzipan) dolu minik çikolata kazanları sattığını göreceksiniz. Bu, şehrin kurtuluşunu kutlayan ""L'Escalade"" bayramının en tatlı geleneğidir.
- İsviçre Şarabı: İsviçre, şaraplarının çoğunu ihraç etmez; bu yüzden onları yerinde tatmak büyük bir fırsattır. Cenevre’nin hemen dışındaki bağlarda üretilen Chasselas (beyaz şarap), özellikle peynir yemeklerine harika eşlik eder.
- Bütçe Dostu ""Plat du Jour"": Cenevre’de akşam yemeği bütçeyi sarsabilir, ancak öğle saatlerinde çoğu restoran ""Plat du Jour"" (günün yemeği) adıyla oldukça uygun ve doyurucu menüler sunar. Lokal hayatın içine karışıp karnınızı doyurmak için en akıllıca yol budur.","🍴 A Taste of the City: Cheese, Fish & Chocolate","It would be a great injustice to think only of chocolate when it comes to Genevan cuisine. This is a culinary hub where the warm cheese of the Alps meets the fresh fish of the lake, blending French elegance with Swiss discipline. Managing your budget in Geneva is tricky, yes; but if you know what to eat at the right spot, you’ll get your money's worth.

- Cheese Fondue (Fondue Moitié-Moitié): A Geneva must-have. Usually made with a blend of Gruyère and Vacherin cheeses. The local favorite is the historic Les Armures in the Old Town. For a more casual and budget-friendly fondue experience, Bains des Pâquis by the lake awaits you.
- Entrecôte ""Café de Paris"": The world-famous butter-based sauce was born right here! You must visit Chez Boubier - Café de Paris to try the entrecôte served in that legendary sauce made with a secret recipe. The menu is fixed; your only choice is how you want your steak cooked.
- Filets de Perche (Lake Perch): The most famous delicacy of Lake Geneva (Lac Léman). These small perch fillets are pan-fried in butter and typically served with plenty of fries. You can find the freshest catch in lakeside restaurants.
- Birchermüesli: Invented by Swiss doctor Maximilian Bircher-Benner as a health miracle, this breakfast classic is a Geneva morning staple. Don't miss this mix of oats, fresh fruits, and nuts with milk or yogurt at hotel breakfasts or stylish bakeries.
- Carac (Green Tart): A unique small tart from the French-speaking part of Switzerland, instantly recognizable by its bright green color. With its rich chocolate ganache filling and green icing, it appeals to both the eyes and the palate.
- Longeole: A traditional Geneva pork sausage flavored with cumin and anise. It is typically served with lentils (lentilles de Genève). If you want to truly touch the local culinary roots, this is the most ""Genevan"" dish to try.
- Swiss Chocolate: That intense cocoa aroma you smell while walking through the streets of Geneva is no coincidence. You should pick up handmade pralines from historic boutiques like Favarger, Du Rhône, or Auer. The cube-shaped chocolates known as ""Pavés de Genève"" are the city's signature.
- Malakoff: Although originating from the neighboring Vaud region, these fried balls filled with melted cheese are highly popular in Geneva. For cheese lovers, it is the ultimate treat after Fondue.
- Marmite de l'Escalade (Chocolate Cauldrons): If you are there in early December, you’ll see shops selling small chocolate cauldrons filled with vegetables (actually marzipan). This is the sweetest tradition of the ""L'Escalade"" festival, celebrating the city's defense.
- Swiss Wine: Switzerland exports very little of its wine, so tasting them on-site is a great opportunity. Chasselas (white wine), produced in the vineyards just outside Geneva, pairs wonderfully with cheese dishes.
- Budget-Friendly ""Plat du Jour"": Dinner in Geneva can strain your budget, but during lunch, most restaurants offer a ""Plat du Jour"" (daily special) that is quite affordable and filling. This is the smartest way to eat like a local and stay full."
,7,🤫 Şehrin Fısıldadıkları: Lokal Sırlar,"Cenevre, dışarıdan bakıldığında ""fazla düzenli"" ve hatta biraz ""mesafeli"" görünebilir ama o sessiz cephenin altında aslında çok zarif ve şaşırtıcı hikâyeler fısıldar. Banka binalarının ve diplomatik koridorların arasından sıyrılıp bu fısıltılara kulak verdiğinizde, şehrin gerçek ruhunu yakalayacaksınız.

- Dünyanın En Uzun Bankı (Promenade de la Treille): Eski Şehir’in (Vieille Ville) surları üzerinde yer alan bu ahşap bank, tam 120 metre uzunluğundadır. Lokallerin güneşli günlerde gölü ve parkı izlemek için favori noktasıdır. Burada otururken sadece manzarayı değil, aynı zamanda dünyanın en uzun kestane ağacı hattından birini de izliyor olacaksınız.
- Kırık Sandalye’nin Sessiz Çığlığı (Broken Chair): Birleşmiş Milletler binasının önünde yükselen o devasa, bir bacağı kırık ahşap sandalye sadece sanatsal bir obje değildir. Kara mayınlarına karşı bir protesto olarak oraya yerleştirilmiştir. Diplomatik binaların o ciddi havasına karşı, şehrin vicdanını temsil eden en güçlü fısıltıdır.
- Tavuk Basamakları (Passage de Degrés-de-Poule): Eski Şehir’in dar sokaklarında gizlenmiş, Orta Çağ’dan kalma gizli bir geçittir. İsmi komik gelebilir (Tavuk Basamakları) ama sizi katedralin o mistik havasına en kısa yoldan ulaştıran bu gizli merdivenler, turist kalabalığından kaçmak için harika bir tüneldir.
- İsviçre'nin İçindeki İtalya (Carouge): Cenevre’nin sadece 10 dakika uzağında, kendinizi bir anda Sardinya mimarisinin içinde bulacaksınız. Carouge, zamanında bir İtalyan dükü tarafından kurulduğu için Cenevre’nin o ciddi havasından tamamen uzaktır; daha renkli, daha bohem ve çok daha ""sıcak"" bir ruhu vardır. Şehir merkezinden (Bel-Air veya Cornavin) kalkan 12, 15 veya 18 numaralı tramvaylarla yaklaşık 10-15 dakikada buraya ulaşabilirsiniz.
- Gölün ""Buz"" Heykelleri (Le Bise): Eğer kışın Cenevre’deyseniz ve o meşhur ""Bise"" rüzgarı esiyorsa, göl kenarındaki bankların ve ağaçların tamamen buzla kaplanıp doğal sanat eserlerine dönüştüğünü görebilirsiniz. Cenevre'nin doğasının şehre attığı en sert ama en estetik imzadır.
- Jean-Jacques Rousseau'nun Adası (Île Rousseau): Şehrin tam ortasında, Rhone nehrinin gölle birleştiği yerde minicik bir ada. Filozof Rousseau’nun adını taşıyan bu ada, kalabalıktan kaçıp sadece nehrin sesini dinleyebileceğiniz, lokallerin kitap okumak için sığındığı gizli bir bahçedir. Buraya Pont des Bergues köprüsü üzerinden yürüyerek kolayca ulaşabilirsiniz.
- İki Nehrin Dansı (La Jonction): Şehir merkezinden biraz uzaklaştığınızda, masmavi Rhone nehri ile çamur rengindeki Arve nehrinin birleştiği o muazzam noktayı göreceksiniz. İki farklı rengin birbirine karışmadan yan yana akışını izlemek, Cenevre’nin sunduğu en hipnotize edici doğa olayıdır. Lokaller yazın burada nehre girmeyi çok sever. Buraya ulaşmak için Jonction durağından geçen tramvaylara binip, nehir kıyısındaki patikayı (Sentier des Saules) sonuna kadar takip etmeniz yeterlidir.
- Resmi Kestane Ağacı (Le Marronnier Officiel): Cenevre’de baharın gelişi bir takvime değil, tek bir ağaca bağlıdır. Promenade de la Treille’deki ""resmi"" kestane ağacının ilk yaprağı açtığında, kentin ""Sautier""i (hükümet sekreteri) baharın geldiğini resmen ilan eder. 1818'den beri süren bu titiz gelenek, Cenevre’nin hassasiyetinin en tatlı örneğidir.
- Jet d'Eau'nun Mütevazı Başlangıcı: Bugün şehrin görkemli sembolü olan fıskiye, 1886 yılında aslında sadece bir ""güvenlik valfi"" idi. Kuyumcuların ve saatçilerin kullandığı hidrolik makinelerdeki basıncı boşaltmak için yapılmış teknik bir çözümdü. Estetiğin mühendislikle bu kadar başarılı birleşmesi tam bir Cenevre hikâyesidir.
- Hôtel de Ville’in At Rampası: Cenevre hükümet binasının içine girdiğinizde, merdiven yerine döne döne yukarı çıkan devasa taş rampalar göreceksiniz. Bu rampalar, zamanında diplomatların ve soyluların atlarından inmeden üst katlardaki toplantı odalarına çıkabilmeleri için tasarlanmıştır.",🤫 Whispers of the City: Local Secrets,"Geneva may seem ""too organized"" or even a bit ""distant"" from the outside, but beneath that quiet facade, it whispers elegant and surprising stories. When you step away from the banks and diplomatic corridors and listen to these whispers, you’ll capture the city's true soul.

- The World's Longest Bench (Promenade de la Treille): Located on the ramparts of the Old Town (Vieille Ville), this wooden bench is 120 meters long. It’s a local favorite for soaking up the sun while overlooking the park and the lake. While sitting here, you’re also facing one of the longest lines of chestnut trees in the world.
- The Silent Cry of the Broken Chair: The massive wooden chair with a broken leg in front of the United Nations building is more than just art. It was placed there as a protest against landmines. Against the serious backdrop of diplomatic buildings, it stands as the city's strongest whisper of conscience.
- The Chicken Steps (Passage de Degrés-de-Poule): A hidden medieval passage tucked away in the narrow streets of the Old Town. The name might sound funny, but these secret stairs are the quickest—and most atmospheric—way to reach the Cathedral, serving as a perfect escape from the tourist crowds.
- Italy Inside Switzerland (Carouge): Just 10 minutes from the center, you’ll suddenly find yourself surrounded by Sardinian architecture. Since Carouge was founded by an Italian duke, it’s completely different from Geneva’s usual serious vibe; it’s more colorful, bohemian, and much ""warmer."" You can reach it in about 10-15 minutes by taking tram lines 12, 15, or 18 from the city center (Bel-Air or Cornavin).
- The Lake's ""Ice"" Sculptures (Le Bise): If you are in Geneva during winter and the famous ""Bise"" wind blows, you might see the benches and trees along the lake completely encased in ice, turning into natural works of art. It’s the harshest yet most aesthetic signature nature leaves on the city.
- Rousseau’s Island (Île Rousseau): A tiny island right in the middle of where the Rhone river meets the lake. Named after the philosopher Jean-Jacques Rousseau, this island is a hidden garden where locals retreat to escape the noise and read a book to the sound of the water. You can easily reach it on foot via the Pont des Bergues bridge.
- The Dance of Two Rivers (La Jonction): A bit further from the center, you can witness the confluence of the bright blue Rhone and the muddy-grey Arve. Watching the two distinct colors flow side-by-side without mixing is Geneva’s most mesmerizing natural phenomenon. In the summer, this is the go-to spot for locals to take a dip. To get here, take a tram to the Jonction stop and follow the riverside path (Sentier des Saules) all the way to the end.
- The Official Chestnut Tree (Le Marronnier Officiel): In Geneva, the arrival of spring isn't determined by a calendar, but by a single tree. When the first leaf buds on the ""official"" chestnut tree at Promenade de la Treille, the city’s ""Sautier"" (government secretary) formally declares that spring has arrived. This meticulous tradition has continued since 1818.
- The Humble Beginnings of Jet d'Eau: The fountain that is now a grand symbol of the city began in 1886 as a mere ""safety valve."" It was a technical solution to release water pressure from the hydraulic machines used by jewelers and watchmakers. It’s a classic Geneva story of engineering meeting aesthetics.
- The Horse Ramp of the Hôtel de Ville: Inside the Geneva City Hall, you'll find massive stone ramps winding upwards instead of stairs. These were designed so that diplomats and nobles could reach the meeting rooms on the upper floors without ever having to dismount their horses."
,8,✅ Mutlaka Yapmadan Dönme: Cenevre Checklist,"- Jet d’Eau’nun Islattığı Yolda Yürüyün: Sadece uzaktan bakmayın; rüzgârın yönünü hesaplayıp fıskiyenin o devasa gücünü yanındayken hissedin.
- Bains des Pâquis’de Fondü Yiyin: Şehrin en lüks restoranlarını bir kenara bırakın ve gölün üzerindeki bu halk plajında, en salaş ama en lezzetli fondü deneyimini yaşayın.
- Sarı Teknelerle (Mouettes) Karşıya Geçin: Ulaşım kartınızı kullanarak gölün bir yakasından diğerine bu ikonik teknelerle geçin; Cenevre’nin en kısa ama en keyifli yolculuğudur.
- Dünyanın En Uzun Bankında Mola Verin: Promenade de la Treille’de oturup parkı izleyin ve kendinizi 120 metrelik o devasa ahşap hattın bir parçası gibi hissedin.
- Katedralin Kulelerine Çıkın: Aziz Pierre Katedrali’nin kulelerine tırmanıp, Cenevre’yi ve Alpler'i 360 derece izlemeden şehirden ayrılmayın.
- Carouge’da Bir Cumartesi Sabahı Geçirin: Cenevre’nin ""İtalyan"" mahallesinde kurulan pazarı gezin, sanatçı atölyelerine girin ve kendinizi başka bir ülkede gibi hissedin.
- Çikolata Butiklerini Keşfedin ve Pavés de Genève Tadın: Favarger, Du Rhône veya Auer gibi tarihi butiklere girin. Sadece o meşhur küp çikolataları (Pavés) tatmakla kalmayın, vitrinlerdeki o büyüleyici kakao sanatını da soluyun.
- Gerçek İsviçre Yoğurdunun Tadına Bakın: Herhangi bir mahalle mandırasına (laiterie) veya yerel bir markete girin; İsviçre sütlerinin kalitesini yansıtan o yoğun kıvamlı, meyveli veya sade yoğurtları deneyin. Yoğurdun neden bir ""gurme ürün"" olabileceğini burada göreceksiniz.
- Mataranızı Musluklardan Doldurun: Şehrin dört bir yanındaki tarihi çeşmelerden akan o muazzam suyu için; Cenevre’nin en büyük ve ücretsiz lüksü budur.
- La Jonction’da Nehirlerin Buluşmasını İzleyin: Rhone ve Arve nehirlerinin o muazzam renk dansına şahitlik edin.
- Kırık Sandalye’nin Önünde Fotoğraf Çektirin: Birleşmiş Milletler bölgesindeki bu dev anıtın önünde durup şehrin diplomatik ve insani mesajını hissedin.
- Café de Paris Sosunu Yerinde Deneyin: Chez Boubier’de o meşhur soslu antrikotu tadarak gastronomi tarihine bir tik atın.
- Vaktiniz Varsa Salève Dağı’na Çıkın: Cenevre’den yerel bir otobüsle (8 numara) sınırın hemen ötesindeki Salève dağına teleferikle çıkın ve ""Cenevre’nin Balkonu""ndan tüm şehri ayaklarınızın altında görün.",✅ The Geneva Checklist: Don't Leave Without Doing These,"- Walk the Jetty of Jet d’Eau: Don’t just watch from afar; calculate the wind direction and feel the raw power of the fountain up close.
- Have Fondue at Bains des Pâquis: Set aside the luxury dining rooms for a night and enjoy the most authentic and casual fondue experience at this lakeside public bath.
- Cross the Lake on the Yellow Boats (Mouettes): Use your transport card to hop on these iconic boats; it’s the shortest yet most delightful journey in Geneva.
- Rest on the World’s Longest Bench: Sit on the 120-meter wooden bench at Promenade de la Treille and soak in the park views like a true local.
-Climb the Cathedral Towers: Head up the towers of St. Pierre Cathedral for an unrivaled 360-degree view of the city and the Alps.
- Spend a Saturday Morning in Carouge: Visit the market in Geneva’s ""Little Italy,"" peek into artist workshops, and lose yourself in its Mediterranean vibe.
- Explore Historic Chocolatiers and Taste Pavés de Genève: Step into legendary boutiques like Favarger, Du Rhône, or Auer. Don’t just try the famous cocoa-dusted ""Pavés"" cubes; immerse yourself in the incredible artistry of their displays.
- Indulge in Authentic Swiss Yogurt: Visit a local dairy shop (laiterie) or a neighborhood market to try the thick, creamy yogurts made from high-quality Swiss milk. You’ll understand why even a simple yogurt is considered a gourmet treat here.
- Fill Your Bottle from the Fountains: Drink the incredible water flowing from the city’s many historic fountains; it’s Geneva’s greatest free luxury.
- Witness the Confluence at La Jonction: Watch the mesmerizing dance of colors where the Rhone and Arve rivers meet.
- Photograph the Broken Chair: Stand before this massive monument in the UN district and reflect on the city’s diplomatic and humanitarian soul.
- Try the Original Café de Paris Sauce: Dine at Chez Boubier to experience the world-famous entrecôte sauce exactly where it was born.
- Escape to Mount Salève if You Have Time: Take local bus 8 to the border and ride the cable car up to the ""Balcony of Geneva"" for a breathtaking view of the city and the lake from above."